Country Name,iso_code,year,BIP_USD_WB
Africa Eastern and Southern,AFE,1960,186.089204223988
Africa Western and Central,AFW,1960,121.936832429715
Argentina,ARG,1960,778.251706763404
Australia,AUS,1960,1813.43109917039
Austria,AUT,1960,939.914814681174
Burundi,BDI,1960,70.9051000304602
Belgium,BEL,1960,1290.28607216192
Benin,BEN,1960,89.8569246539715
Burkina Faso,BFA,1960,69.1502456087615
Bangladesh,BGD,1960,82.4812774116354
"Bahamas, The",BHS,1960,1459.25382495907
Belize,BLZ,1960,307.414508338751
Bermuda,BMU,1960,1715.31463229719
Bolivia,BOL,1960,101.833417024987
Brazil,BRA,1960,235.266009502589
Barbados,BRB,1960,346.575456793331
Botswana,BWA,1960,58.9180081084204
Central African Republic,CAF,1960,65.8829629770666
Canada,CAN,1960,2264.94849658191
Switzerland,CHE,1960,1954.3113206427
Chile,CHL,1960,516.487539077836
China,CHN,1960,89.7150749167731
Cote d'Ivoire,CIV,1960,148.680788984181
Cameroon,CMR,1960,119.05394115577
"Congo, Dem. Rep.",COD,1960,220.074550221277
"Congo, Rep.",COG,1960,124.659670363931
Colombia,COL,1960,258.304433616071
Costa Rica,CRI,1960,382.309121831519
Caribbean small states,CSS,1960,455.490441600162
Germany,DEU,1960,1162.12266831735
Denmark,DNK,1960,1389.0213943225
Dominican Republic,DOM,1960,205.731509857004
Algeria,DZA,1960,238.392476666447
East Asia & Pacific (excluding high income),EAP,1960,90.2785018672539
Early-demographic dividend,EAR,1960,149.365548876014
East Asia & Pacific,EAS,1960,150.859457445814
Europe & Central Asia,ECS,1960,638.829792544218
Ecuador,ECU,1960,450.776317102259
"Egypt, Arab Rep.",EGY,1960,156.387397481519
Euro area,EMU,1960,931.404759430371
Spain,ESP,1960,407.96302786933
Ethiopia,ETH,1960,75.3396090705961
European Union,EUU,1960,797.15751326742
Fragile and conflict affected situations,FCS,1960,139.201818517738
Finland,FIN,1960,1191.85508873415
Fiji,FJI,1960,277.431535497766
France,FRA,1960,1306.79629911648
Gabon,GAB,1960,276.136169473227
United Kingdom,GBR,1960,1397.5948032844
Ghana,GHA,1960,174.858856531804
Greece,GRC,1960,513.085862390915
Guatemala,GTM,1960,256.813115286608
Guyana,GUY,1960,299.074645785091
High income,HIC,1960,1203.87998018316
"Hong Kong SAR, China",HKG,1960,426.773807917233
Honduras,HND,1960,230.667390861566
Heavily indebted poor countries (HIPC),HPC,1960,133.966706552323
Haiti,HTI,1960,70.8024454423715
IBRD only,IBD,1960,161.725811060126
IDA & IBRD total,IBT,1960,153.638557581828
IDA total,IDA,1960,109.786215143617
IDA blend,IDB,1960,99.630086640168
IDA only,IDX,1960,118.851190618375
India,IND,1960,84.9328084793106
Ireland,IRL,1960,706.551022345168
"Iran, Islamic Rep.",IRN,1960,195.57752721271
Iraq,IRQ,1960,218.917802531101
Iceland,ISL,1960,1486.46439009414
Israel,ISR,1960,1452.48664030437
Italy,ITA,1960,836.905850281885
Jamaica,JAM,1960,423.674098184095
Japan,JPN,1960,508.702779291773
Kenya,KEN,1960,102.824417465582
St. Kitts and Nevis,KNA,1960,221.584586097067
"Korea, Rep.",KOR,1960,158.844150776359
Latin America & Caribbean (excluding high income),LAC,1960,320.820097779733
Liberia,LBR,1960,167.171498224694
Libya,LBY,1960,269.038073094669
Latin America & Caribbean,LCN,1960,362.351255097181
Least developed countries: UN classification,LDC,1960,114.605072503196
Sri Lanka,LKA,1960,145.928701305768
Lower middle income,LMC,1960,104.622190033308
Low & middle income,LMY,1960,127.666593656787
Lesotho,LSO,1960,46.9517802688466
Late-demographic dividend,LTE,1960,167.925181243184
Luxembourg,LUX,1960,2261.17741836594
Morocco,MAR,1960,174.784133911133
Madagascar,MDG,1960,131.69201832961
"Middle East, North Africa, Afghanistan & Pakistan",MEA,1960,183.776176064767
Mexico,MEX,1960,355.075199563018
Middle income,MIC,1960,129.194896984232
Myanmar,MMR,1960,25.0847757223623
"Middle East, North Africa, Afghanistan & Pakistan (excluding high income)",MNA,1960,144.528783640979
Mauritius,MUS,1960,238.251033437494
Malaysia,MYS,1960,240.847414554537
North America,NAC,1960,2933.32612076162
Niger,NER,1960,128.251201351162
Nigeria,NGA,1960,93.1370090424417
Nicaragua,NIC,1960,127.483812082529
Netherlands,NLD,1960,1156.38597727767
Norway,NOR,1960,1451.2850779894
Nepal,NPL,1960,50.2125233749587
New Zealand,NZL,1960,2334.1337214332
OECD members,OED,1960,1311.17893215607
Oman,OMN,1960,83.3853105243323
Pakistan,PAK,1960,82.0241000071912
Panama,PAN,1960,477.037935000289
Peru,PER,1960,252.796782675034
Philippines,PHL,1960,269.465146474794
Papua New Guinea,PNG,1960,115.530490488928
Pre-demographic dividend,PRE,1960,128.965295180455
Puerto Rico (US),PRI,1960,717.514843087362
Portugal,PRT,1960,376.976430250874
Paraguay,PRY,1960,153.375216758109
Post-demographic dividend,PST,1960,1370.83880659399
Rwanda,RWA,1960,39.3740728069473
South Asia,SAS,1960,85.1907206631683
Saudi Arabia,SAU,1960,717.796628958557
Sudan,SDN,1960,99.7131195068359
Senegal,SEN,1960,300.425115236279
Singapore,SGP,1960,428.056183371291
Sierra Leone,SLE,1960,141.957418300764
"Somalia, Fed. Rep.",SOM,1960,62.7396279412993
Sub-Saharan Africa (excluding high income),SSA,1960,166.362261985158
Sub-Saharan Africa,SSF,1960,158.066623264321
Suriname,SUR,1960,377.579399662016
Sweden,SWE,1960,2128.36441205712
Eswatini,SWZ,1960,101.572799813694
Seychelles,SYC,1960,288.058144476031
Syrian Arab Republic,SYR,1960,183.525069735278
Chad,TCD,1960,102.819470459603
East Asia & Pacific (IDA & IBRD countries),TEA,1960,91.3802571544007
Togo,TGO,1960,102.238985564471
Thailand,THA,1960,102.814571454958
Latin America & the Caribbean (IDA & IBRD countries),TLA,1960,356.537386441434
"Middle East, North Africa, Afghanistan & Pakistan (IDA & IBRD)",TMN,1960,143.393040951574
South Asia (IDA & IBRD),TSA,1960,85.1907206631683
Sub-Saharan Africa (IDA & IBRD countries),TSS,1960,158.066623264322
Trinidad and Tobago,TTO,1960,633.975608394336
Turkiye,TUR,1960,267.091207552765
Tanzania,TZA,1960,275.296020507813
Uganda,UGA,1960,55.3784976132181
Upper middle income,UMC,1960,146.39297675606
Uruguay,URY,1960,491.031760304596
United States,USA,1960,2999.86487154495
St. Vincent and the Grenadines,VCT,1960,154.839953548866
"Venezuela, RB",VEN,1960,939.197766577539
World,WLD,1960,452.253084186565
South Africa,ZAF,1960,532.147504330332
Zambia,ZMB,1960,221.559848922849
Zimbabwe,ZWE,1960,276.560896360952
Africa Eastern and Southern,AFE,1961,186.90905320299
Africa Western and Central,AFW,1961,127.451039943698
Arab World,ARB,1961,212.904079284244
Argentina,ARG,1961,971.338043308372
Australia,AUS,1961,1880.48489498232
Austria,AUT,1961,1036.72820436083
Burundi,BDI,1961,71.601929936627
Belgium,BEL,1961,1367.78885228138
Benin,BEN,1961,92.085848129765
Burkina Faso,BFA,1961,72.2423787062462
Bangladesh,BGD,1961,90.3685786294248
"Bahamas, The",BHS,1961,1555.04660837439
Belize,BLZ,1961,320.029476728041
Bermuda,BMU,1961,1773.99531572479
Bolivia,BOL,1961,108.528765371499
Brazil,BRA,1961,231.564063269854
Barbados,BRB,1961,366.135499084709
Botswana,BWA,1961,62.3224006926623
Central African Republic,CAF,1961,70.988125923024
Canada,CAN,1961,2246.08356619252
Switzerland,CHE,1961,2155.44996908648
Chile,CHL,1961,594.436306222113
China,CHN,1961,75.9655011127574
Cote d'Ivoire,CIV,1961,162.262764436326
Cameroon,CMR,1961,124.593165563331
"Congo, Dem. Rep.",COD,1961,197.080395165053
"Congo, Rep.",COG,1961,139.872074436703
Colombia,COL,1961,282.099440509948
Costa Rica,CRI,1961,355.844447873806
Caribbean small states,CSS,1961,486.571129974937
Germany,DEU,1961,1315.90787834504
Denmark,DNK,1961,1530.53779004389
Dominican Republic,DOM,1961,193.908988795022
Algeria,DZA,1961,209.370672655334
East Asia & Pacific (excluding high income),EAP,1961,79.558508230374
Early-demographic dividend,EAR,1961,158.516274774966
East Asia & Pacific,EAS,1961,151.759431810602
Europe & Central Asia,ECS,1961,695.027463779439
Ecuador,ECU,1961,371.395176462235
"Egypt, Arab Rep.",EGY,1961,162.841644181754
Euro area,EMU,1961,1027.9119555993
Spain,ESP,1961,463.19044087717
Ethiopia,ETH,1961,76.7301966411733
European Union,EUU,1961,878.773144679955
Fragile and conflict affected situations,FCS,1961,142.286927480689
Finland,FIN,1961,1341.49900625891
Fiji,FJI,1961,280.273366731046
France,FRA,1961,1401.87190432812
Gabon,GAB,1961,323.4592026542
United Kingdom,GBR,1961,1472.38571407868
Ghana,GHA,1961,181.870010833085
Greece,GRC,1961,582.563503591063
Guatemala,GTM,1961,257.20215058952
Guyana,GUY,1961,319.017754796284
High income,HIC,1961,1268.40315786502
"Hong Kong SAR, China",HKG,1961,436.754411520393
Honduras,HND,1961,237.266657929647
Heavily indebted poor countries (HIPC),HPC,1961,134.982100905981
Haiti,HTI,1961,68.99056510131
IBRD only,IBD,1961,161.832528192775
IDA & IBRD total,IBT,1961,154.347622138411
IDA total,IDA,1961,113.148348084276
IDA blend,IDB,1961,104.274532558611
IDA only,IDX,1961,121.575702157803
India,IND,1961,87.8538613470205
Ireland,IRL,1961,761.851359570018
"Iran, Islamic Rep.",IRN,1961,200.081529294917
Iraq,IRQ,1961,232.392612190864
Iceland,ISL,1961,1489.76679890669
Israel,ISR,1961,1697.29357961733
Italy,ITA,1961,923.08778375214
Jamaica,JAM,1961,447.057273660594
Japan,JPN,1961,608.864581144951
Kenya,KEN,1961,99.2716957068382
St. Kitts and Nevis,KNA,1961,225.599127572162
"Korea, Rep.",KOR,1961,94.2045938667769
Latin America & Caribbean (excluding high income),LAC,1961,345.627590477943
Liberia,LBR,1961,157.504686495101
Libya,LBY,1961,285.341580882777
Latin America & Caribbean,LCN,1961,390.200343747879
Least developed countries: UN classification,LDC,1961,116.997587222291
Sri Lanka,LKA,1961,145.900945139998
Lower middle income,LMC,1961,108.790631532897
Low & middle income,LMY,1961,127.526771684906
Lesotho,LSO,1961,47.0464636332084
Late-demographic dividend,LTE,1961,155.776986549366
Luxembourg,LUX,1961,2241.36003221423
Morocco,MAR,1961,169.318435668945
Madagascar,MDG,1961,133.271232882825
"Middle East, North Africa, Afghanistan & Pakistan",MEA,1961,191.196978177693
Mexico,MEX,1961,373.712216995471
Middle income,MIC,1961,129.14824371912
Myanmar,MMR,1961,27.2654541223873
"Middle East, North Africa, Afghanistan & Pakistan (excluding high income)",MNA,1961,146.972007328324
Mauritania,MRT,1961,188.158401597739
Mauritius,MUS,1961,281.683081448637
Malaysia,MYS,1961,232.943768818315
North America,NAC,1961,2985.34509534559
Niger,NER,1961,134.635094261008
Nigeria,NGA,1961,97.1375281143562
Nicaragua,NIC,1961,132.943507152279
Netherlands,NLD,1961,1254.42028262131
Norway,NOR,1961,1570.63804374719
Nepal,NPL,1961,51.5544820747585
New Zealand,NZL,1961,2364.75383900097
OECD members,OED,1961,1379.30179320983
Oman,OMN,1961,84.5311646369716
Pakistan,PAK,1961,87.7778246966181
Panama,PAN,1961,516.459861881073
Peru,PER,1961,276.641400132003
Philippines,PHL,1961,283.794741192369
Papua New Guinea,PNG,1961,119.656325913849
Pre-demographic dividend,PRE,1961,130.63188360831
Puerto Rico (US),PRI,1961,777.215027407341
Portugal,PRT,1961,400.223162057827
Paraguay,PRY,1961,167.092827495951
Post-demographic dividend,PST,1961,1442.99574317349
Rwanda,RWA,1961,39.2689714974898
South Asia,SAS,1961,88.537440136904
Saudi Arabia,SAU,1961,760.311740320004
Sudan,SDN,1961,105.313102722168
Senegal,SEN,1961,308.166383753301
Singapore,SGP,1961,449.148136820776
Sierra Leone,SLE,1961,142.275127657602
"Somalia, Fed. Rep.",SOM,1961,64.9242576104754
Sub-Saharan Africa (excluding high income),SSA,1961,169.315685292769
Sub-Saharan Africa,SSF,1961,160.870330859825
Suriname,SUR,1961,394.80774658988
Sweden,SWE,1961,2304.47143531351
Eswatini,SWZ,1961,121.795718753065
Seychelles,SYC,1961,270.279646614487
Syrian Arab Republic,SYR,1961,196.293561633919
Chad,TCD,1961,107.320380491931
East Asia & Pacific (IDA & IBRD countries),TEA,1961,80.5543140095915
Togo,TGO,1961,104.830748893841
Thailand,THA,1961,109.728794269464
Latin America & the Caribbean (IDA & IBRD countries),TLA,1961,383.827979445882
"Middle East, North Africa, Afghanistan & Pakistan (IDA & IBRD)",TMN,1961,145.817065186938
South Asia (IDA & IBRD),TSA,1961,88.537440136904
Sub-Saharan Africa (IDA & IBRD countries),TSS,1961,160.870330859826
Trinidad and Tobago,TTO,1961,677.713824022157
Tunisia,TUN,1961,200.671835449762
Turkiye,TUR,1961,274.350890943262
Tanzania,TZA,1961,285.156799316406
Uganda,UGA,1961,56.1759278091596
Upper middle income,UMC,1961,143.582203301007
Uruguay,URY,1961,603.966513233705
United States,USA,1961,3059.16082086127
St. Vincent and the Grenadines,VCT,1961,163.036741587138
"Venezuela, RB",VEN,1961,954.038330638213
World,WLD,1961,471.458659222586
South Africa,ZAF,1961,545.657511922673
Zambia,ZMB,1961,209.693206426951
Zimbabwe,ZWE,1961,279.158927151344
Africa Eastern and Southern,AFE,1962,197.367547013038
Africa Western and Central,AFW,1962,133.823783489337
Arab World,ARB,1962,210.81968957279
Argentina,ARG,1962,870.217490905403
Australia,AUS,1962,1857.56127281956
Austria,AUT,1962,1093.01419061569
Burundi,BDI,1962,73.4195979769892
Belgium,BEL,1962,1457.26516998378
Benin,BEN,1962,90.7738610077473
Burkina Faso,BFA,1962,77.1529279288175
Bangladesh,BGD,1962,92.5894211769315
"Bahamas, The",BHS,1962,1651.21861850222
Belize,BLZ,1962,331.704794335727
Bermuda,BMU,1962,1824.18228260132
Bolivia,BOL,1962,116.24147429449
Brazil,BRA,1962,250.200572910273
Barbados,BRB,1962,377.438456365881
Botswana,BWA,1962,65.9864503023827
Central African Republic,CAF,1962,70.404229268492
Canada,CAN,1962,2274.4284708191
Switzerland,CHE,1962,2330.47736501501
Chile,CHL,1962,678.584336588862
China,CHN,1962,71.0616845971262
Cote d'Ivoire,CIV,1962,163.076679659123
Cameroon,CMR,1962,130.042569873656
"Congo, Dem. Rep.",COD,1962,235.127290601122
"Congo, Rep.",COG,1962,149.591249938458
Colombia,COL,1962,298.544207818945
Costa Rica,CRI,1962,335.221589042255
Caribbean small states,CSS,1962,507.847334102197
Germany,DEU,1962,1430.52095516263
Denmark,DNK,1962,1711.2181376602
Dominican Republic,DOM,1962,236.814700040461
Algeria,DZA,1962,169.60286272133
East Asia & Pacific (excluding high income),EAP,1962,71.6155290537605
Early-demographic dividend,EAR,1962,156.289671717434
East Asia & Pacific,EAS,1962,153.204628797351
Europe & Central Asia,ECS,1962,751.316541487379
Ecuador,ECU,1962,312.43541024174
"Egypt, Arab Rep.",EGY,1962,142.409576739705
Euro area,EMU,1962,1126.9207216647
Spain,ESP,1962,535.391059454488
Ethiopia,ETH,1962,77.7901849782504
European Union,EUU,1962,962.977170962183
Fragile and conflict affected situations,FCS,1962,153.858258932713
Finland,FIN,1962,1426.6675637882
Fiji,FJI,1962,285.473073001593
France,FRA,1962,1553.99323202639
Gabon,GAB,1962,348.416820133128
United Kingdom,GBR,1962,1525.77585271032
Ghana,GHA,1962,188.421016299893
Equatorial Guinea,GNQ,1962,132.911859077276
Greece,GRC,1962,608.475515462307
Guatemala,GTM,1962,265.21065183936
Guyana,GUY,1962,327.392579238974
High income,HIC,1962,1354.85427587098
"Hong Kong SAR, China",HKG,1962,487.821134050813
Honduras,HND,1962,244.01209130438
Heavily indebted poor countries (HIPC),HPC,1962,143.210707106393
Haiti,HTI,1962,70.4464617057034
IBRD only,IBD,1962,160.957483126443
IDA & IBRD total,IBT,1962,154.740000363539
IDA total,IDA,1962,118.681819571103
IDA blend,IDB,1962,108.527202243478
IDA only,IDX,1962,128.001793620415
India,IND,1962,92.1999583629516
Ireland,IRL,1962,821.344113076887
"Iran, Islamic Rep.",IRN,1962,205.786809656996
Iraq,IRQ,1962,240.653442461626
Iceland,ISL,1962,1641.15155373051
Israel,ISR,1962,1293.56913708296
Italy,ITA,1962,1030.15800343763
Jamaica,JAM,1962,458.313997796567
Japan,JPN,1962,684.565509797705
Kenya,KEN,1962,104.600455936259
St. Kitts and Nevis,KNA,1962,230.286541058342
"Korea, Rep.",KOR,1962,106.623915747203
Kuwait,KWT,1962,4748.39284354226
Latin America & Caribbean (excluding high income),LAC,1962,347.390934795997
Liberia,LBR,1962,160.280325035358
Libya,LBY,1962,382.084505727445
Latin America & Caribbean,LCN,1962,398.84593682548
Least developed countries: UN classification,LDC,1962,123.632440981885
Sri Lanka,LKA,1962,141.383197837884
Lower middle income,LMC,1962,107.769873681032
Low & middle income,LMY,1962,126.986307282778
Lesotho,LSO,1962,53.5421254364935
Late-demographic dividend,LTE,1962,156.659536095225
Luxembourg,LUX,1962,2331.55685801925
Morocco,MAR,1962,193.647811889648
Madagascar,MDG,1962,137.308007316434
"Middle East, North Africa, Afghanistan & Pakistan",MEA,1962,185.301767181033
Mexico,MEX,1962,388.456702411498
Middle income,MIC,1962,128.056853970694
Myanmar,MMR,1962,27.9470039695431
"Middle East, North Africa, Afghanistan & Pakistan (excluding high income)",MNA,1962,145.831668669409
Mauritania,MRT,1962,188.995146612769
Mauritius,MUS,1962,282.342386236302
Malaysia,MYS,1962,238.836339180717
North America,NAC,1962,3148.48034494887
Niger,NER,1962,143.150824130834
Nigeria,NGA,1962,104.532495533943
Nicaragua,NIC,1962,142.303523551421
Netherlands,NLD,1962,1342.36827187015
Norway,NOR,1962,1678.26725653992
Nepal,NPL,1962,54.565608932967
New Zealand,NZL,1962,2471.05500895111
OECD members,OED,1962,1470.94736235899
Oman,OMN,1962,102.325889863048
Pakistan,PAK,1962,89.5039525753413
Panama,PAN,1962,545.570446272529
Peru,PER,1962,304.537817519843
Philippines,PHL,1962,166.689221357377
Papua New Guinea,PNG,1962,124.734548848091
Pre-demographic dividend,PRE,1962,139.724963338914
Puerto Rico (US),PRI,1962,854.74480496849
Portugal,PRT,1962,426.49433629823
Paraguay,PRY,1962,182.805194132375
Post-demographic dividend,PST,1962,1542.43788883719
Rwanda,RWA,1962,39.2338440533266
South Asia,SAS,1962,92.475978400802
Saudi Arabia,SAU,1962,812.926247668855
Sudan,SDN,1962,111.213455200195
Senegal,SEN,1962,307.092565107939
Singapore,SGP,1962,472.082740153988
Sierra Leone,SLE,1962,146.32194986298
"Somalia, Fed. Rep.",SOM,1962,67.1702359919979
Sub-Saharan Africa (excluding high income),SSA,1962,178.940820853321
Sub-Saharan Africa,SSF,1962,169.661209577902
Suriname,SUR,1962,409.105638366818
Sweden,SWE,1962,2485.46561781218
Eswatini,SWZ,1962,127.095766410182
Seychelles,SYC,1962,287.04477353783
Syrian Arab Republic,SYR,1962,223.934209140492
Chad,TCD,1962,112.619958010844
East Asia & Pacific (IDA & IBRD countries),TEA,1962,72.5209927013903
Togo,TGO,1962,107.761209503061
Thailand,THA,1962,116.179493337844
Latin America & the Caribbean (IDA & IBRD countries),TLA,1962,391.536988544919
"Middle East, North Africa, Afghanistan & Pakistan (IDA & IBRD)",TMN,1962,144.685687589361
South Asia (IDA & IBRD),TSA,1962,92.475978400802
Sub-Saharan Africa (IDA & IBRD countries),TSS,1962,169.661209577902
Trinidad and Tobago,TTO,1962,703.620804079905
Tunisia,TUN,1962,201.419166932165
Turkiye,TUR,1962,298.241020884883
Tanzania,TZA,1962,303.997436523438
Uganda,UGA,1962,55.5048704604887
Upper middle income,UMC,1962,142.565521305467
Uruguay,URY,1962,659.393716891716
United States,USA,1962,3236.01311150062
St. Vincent and the Grenadines,VCT,1962,166.501945155564
"Venezuela, RB",VEN,1962,1006.55940812318
World,WLD,1962,495.578743305208
South Africa,ZAF,1962,563.423008817945
Zambia,ZMB,1962,202.28103119051
Zimbabwe,ZWE,1962,275.686274355878
Africa Eastern and Southern,AFE,1963,225.400079422489
Africa Western and Central,AFW,1963,139.004980086033
Arab World,ARB,1963,225.815920363838
Argentina,ARG,1963,852.972425139433
Australia,AUS,1963,1970.17748417817
Austria,AUT,1963,1172.55744626178
Burundi,BDI,1963,78.3711983234119
Belgium,BEL,1963,1555.02293182578
Benin,BEN,1963,95.7167369761973
Burkina Faso,BFA,1963,78.9087736712073
Bangladesh,BGD,1963,94.1423742967849
"Bahamas, The",BHS,1963,1759.23692156911
Belize,BLZ,1963,341.932583787017
Bermuda,BMU,1963,1821.79091310101
Bolivia,BOL,1963,122.579067582423
Brazil,BRA,1963,294.169619376733
Barbados,BRB,1963,420.504389538497
Botswana,BWA,1963,68.8864104749411
Central African Republic,CAF,1963,71.7551875686265
Canada,CAN,1963,2380.31732899108
Switzerland,CHE,1963,2508.47430732203
Chile,CHL,1963,657.719196593697
China,CHN,1963,74.4681540864463
Cote d'Ivoire,CIV,1963,185.076825958966
Cameroon,CMR,1963,131.642014675439
"Congo, Dem. Rep.",COD,1963,376.383370020937
"Congo, Rep.",COG,1963,150.65075197733
Colombia,COL,1963,282.588330302742
Costa Rica,CRI,1963,345.505369052711
Caribbean small states,CSS,1963,530.733580669034
Germany,DEU,1963,1502.15452905146
Denmark,DNK,1963,1807.25279179793
Dominican Republic,DOM,1963,262.186358003136
Algeria,DZA,1963,225.584660210993
East Asia & Pacific (excluding high income),EAP,1963,75.5131219647953
Early-demographic dividend,EAR,1963,168.142193367347
East Asia & Pacific,EAS,1963,166.907093854542
Europe & Central Asia,ECS,1963,812.18375116517
Ecuador,ECU,1963,364.743594141305
"Egypt, Arab Rep.",EGY,1963,143.928402522656
Euro area,EMU,1963,1229.3647745555
Spain,ESP,1963,627.278450964262
Ethiopia,ETH,1963,79.1726343703284
European Union,EUU,1963,1048.81148246515
Fragile and conflict affected situations,FCS,1963,172.023589329207
Finland,FIN,1963,1538.45703402737
Fiji,FJI,1963,291.38357377756
France,FRA,1963,1723.23648290171
Gabon,GAB,1963,290.675816546409
United Kingdom,GBR,1963,1613.45688373392
Ghana,GHA,1963,205.037422391885
Equatorial Guinea,GNQ,1963,154.797498528375
Greece,GRC,1963,685.559282001744
Guatemala,GTM,1963,284.397504292538
Guyana,GUY,1963,288.820390442321
High income,HIC,1963,1439.77872113396
"Hong Kong SAR, China",HKG,1963,565.727810358046
Honduras,HND,1963,246.561283063044
Heavily indebted poor countries (HIPC),HPC,1963,164.108821020134
Haiti,HTI,1963,72.3983493523801
IBRD only,IBD,1963,173.464443187303
IDA & IBRD total,IBT,1963,166.754562652447
IDA total,IDA,1963,127.889122686715
IDA blend,IDB,1963,112.550598209092
IDA only,IDX,1963,140.440489411057
India,IND,1963,103.435021262932
Ireland,IRL,1963,878.156576476286
"Iran, Islamic Rep.",IRN,1963,209.559376274106
Iraq,IRQ,1963,235.513623763733
Iceland,ISL,1963,1924.23982220827
Israel,ISR,1963,1486.31739760801
Italy,ITA,1963,1171.3869628098
Jamaica,JAM,1963,480.336499711715
Japan,JPN,1963,775.592123080162
Kenya,KEN,1963,107.393655978243
St. Kitts and Nevis,KNA,1963,240.139616588017
"Korea, Rep.",KOR,1963,147.00790480127
Kuwait,KWT,1963,4444.5230858112
Latin America & Caribbean (excluding high income),LAC,1963,371.299199473901
Liberia,LBR,1963,163.131266223133
Libya,LBY,1963,527.861939504427
Latin America & Caribbean,LCN,1963,421.718909453508
Least developed countries: UN classification,LDC,1963,138.562842264703
Sri Lanka,LKA,1963,119.352332353465
Lower middle income,LMC,1963,116.302952459909
Low & middle income,LMY,1963,137.365239811527
Lesotho,LSO,1963,58.4076957931387
Late-demographic dividend,LTE,1963,167.038005432624
Luxembourg,LUX,1963,2461.90112384487
Morocco,MAR,1963,210.635650634766
Madagascar,MDG,1963,137.433563533649
"Middle East, North Africa, Afghanistan & Pakistan",MEA,1963,198.857517059403
Mexico,MEX,1963,419.552066324849
Middle income,MIC,1963,137.598466510279
Myanmar,MMR,1963,25.8039844353997
"Middle East, North Africa, Afghanistan & Pakistan (excluding high income)",MNA,1963,156.510635788666
Mauritania,MRT,1963,188.249348047987
Mauritius,MUS,1963,353.11354761151
Malaysia,MYS,1963,291.800006993807
North America,NAC,1963,3276.24057329535
Niger,NER,1963,153.324882584919
Nigeria,NGA,1963,107.675741358944
Nicaragua,NIC,1963,152.461498316554
Netherlands,NLD,1963,1436.88726083934
Norway,NOR,1963,1787.31853394909
Nepal,NPL,1963,46.3146629740628
New Zealand,NZL,1963,2646.23652937762
OECD members,OED,1963,1561.7900587487
Oman,OMN,1963,106.829311959455
Pakistan,PAK,1963,93.6508728613463
Panama,PAN,1963,586.61668793076
Peru,PER,1963,324.107404672837
Philippines,PHL,1963,179.464434045296
Papua New Guinea,PNG,1963,128.874165095194
Pre-demographic dividend,PRE,1963,157.647405752148
Puerto Rico (US),PRI,1963,931.751665981242
Portugal,PRT,1963,452.280291618213
Paraguay,PRY,1963,189.872423489268
Post-demographic dividend,PST,1963,1640.35023794655
Rwanda,RWA,1963,39.2771771983712
South Asia,SAS,1963,101.699730347077
Saudi Arabia,SAU,1963,811.738274661234
Sudan,SDN,1963,109.939208984375
Senegal,SEN,1963,308.629849224244
Singapore,SGP,1963,511.202235371449
Sierra Leone,SLE,1963,146.309626743915
"Somalia, Fed. Rep.",SOM,1963,69.4922344839154
Sub-Saharan Africa (excluding high income),SSA,1963,199.39230771098
Sub-Saharan Africa,SSF,1963,188.247660251779
Suriname,SUR,1963,424.025532430631
Sweden,SWE,1963,2675.07291656901
Eswatini,SWZ,1963,146.391131380777
Seychelles,SYC,1963,308.195248410849
Syrian Arab Republic,SYR,1963,234.899747591945
Chad,TCD,1963,114.710860761079
East Asia & Pacific (IDA & IBRD countries),TEA,1963,76.4669229998067
Togo,TGO,1963,114.616211257053
Thailand,THA,1963,120.658598748696
Latin America & the Caribbean (IDA & IBRD countries),TLA,1963,413.595959689434
"Middle East, North Africa, Afghanistan & Pakistan (IDA & IBRD)",TMN,1963,155.280736761407
South Asia (IDA & IBRD),TSA,1963,101.699730347077
Sub-Saharan Africa (IDA & IBRD countries),TSS,1963,188.24766025178
Trinidad and Tobago,TTO,1963,756.284906625836
Tunisia,TUN,1963,231.91940785127
Turkiye,TUR,1963,337.019856859205
Tanzania,TZA,1963,329.010589599609
Uganda,UGA,1963,61.9553768191835
Upper middle income,UMC,1963,152.804995944899
Uruguay,URY,1963,586.821191669431
United States,USA,1963,3366.36978960346
St. Vincent and the Grenadines,VCT,1963,154.855789598022
"Venezuela, RB",VEN,1963,1060.09433210388
World,WLD,1963,524.598449902349
South Africa,ZAF,1963,604.536855270991
Zambia,ZMB,1963,203.219451227586
Zimbabwe,ZWE,1963,277.147112572228
Africa Eastern and Southern,AFE,1964,208.962717137873
Africa Western and Central,AFW,1964,148.545883334804
Arab World,ARB,1964,243.913947637965
Argentina,ARG,1964,1176.20086190313
Australia,AUS,1964,2134.48946124608
Austria,AUT,1964,1275.45715281679
Burundi,BDI,1964,85.3337286665685
Belgium,BEL,1964,1724.01894179056
Benin,BEN,1964,99.7850246017255
Burkina Faso,BFA,1964,80.9147887718582
Bangladesh,BGD,1964,92.5782977938389
"Bahamas, The",BHS,1964,1883.44386022276
Belize,BLZ,1964,356.235408350011
Bermuda,BMU,1964,1986.64081017022
Bolivia,BOL,1964,135.228463817406
Brazil,BRA,1964,257.259726897671
Barbados,BRB,1964,413.625432165232
Botswana,BWA,1964,73.4925773235308
Central African Republic,CAF,1964,77.2050398029084
Canada,CAN,1964,2561.63849088572
Switzerland,CHE,1964,2734.93009044177
Chile,CHL,1964,685.970202891974
China,CHN,1964,85.6611074645449
Cote d'Ivoire,CIV,1964,215.506240264261
Cameroon,CMR,1964,139.228109587718
"Congo, Dem. Rep.",COD,1964,169.949259765221
"Congo, Rep.",COG,1964,158.061964516344
Colombia,COL,1964,338.675935298365
Costa Rica,CRI,1964,353.710896791701
Caribbean small states,CSS,1964,555.235936722189
Germany,DEU,1964,1637.45522773672
Denmark,DNK,1964,2049.39724281483
Dominican Republic,DOM,1964,277.29715816349
Algeria,DZA,1964,238.863801545015
East Asia & Pacific (excluding high income),EAP,1964,85.118184629145
Early-demographic dividend,EAR,1964,187.912844563027
East Asia & Pacific,EAS,1964,187.212848491953
Europe & Central Asia,ECS,1964,887.549892759299
Ecuador,ECU,1964,435.763463220837
"Egypt, Arab Rep.",EGY,1964,157.716536507206
Euro area,EMU,1964,1350.39539561431
Spain,ESP,1964,694.952086797899
Ethiopia,ETH,1964,83.8368648270969
European Union,EUU,1964,1153.27324710743
Fragile and conflict affected situations,FCS,1964,152.273193452149
Finland,FIN,1964,1725.60483489826
Fiji,FJI,1964,305.532203132127
France,FRA,1964,1891.12061521027
Gabon,GAB,1964,400.402956504958
United Kingdom,GBR,1964,1748.2881176141
Ghana,GHA,1964,224.968154393354
Equatorial Guinea,GNQ,1964,177.826417576094
Greece,GRC,1964,772.805500770312
Guatemala,GTM,1964,284.197970339364
Guyana,GUY,1964,313.261161893769
High income,HIC,1964,1554.93270380456
"Hong Kong SAR, China",HKG,1964,629.591525784494
Honduras,HND,1964,255.903509094727
Heavily indebted poor countries (HIPC),HPC,1964,148.880649778661
Haiti,HTI,1964,78.4520158485608
IBRD only,IBD,1964,192.121587550216
IDA & IBRD total,IBT,1964,180.904527733252
IDA total,IDA,1964,123.241104578945
IDA blend,IDB,1964,120.301169372577
IDA only,IDX,1964,128.563280929197
India,IND,1964,117.856430772855
Ireland,IRL,1964,994.607331611746
"Iran, Islamic Rep.",IRN,1964,221.731727810865
Iraq,IRQ,1964,269.423092996101
Iceland,ISL,1964,2414.00707361378
Israel,ISR,1964,1625.9979202214
Italy,ITA,1964,1271.80119301518
Jamaica,JAM,1964,514.416511313452
Japan,JPN,1964,902.867721515126
Kenya,KEN,1964,111.300544823892
St. Kitts and Nevis,KNA,1964,256.40471515277
"Korea, Rep.",KOR,1964,124.24136735879
Kuwait,KWT,1964,4378.78429775998
Latin America & Caribbean (excluding high income),LAC,1964,414.120750222649
Liberia,LBR,1964,173.926490274043
Libya,LBY,1964,764.898389420845
Latin America & Caribbean,LCN,1964,455.987315612864
Least developed countries: UN classification,LDC,1964,122.690006239823
Sri Lanka,LKA,1964,122.941808998544
Lower middle income,LMC,1964,127.481039129592
Low & middle income,LMY,1964,150.194617171414
Lesotho,LSO,1964,62.6207647163176
Late-demographic dividend,LTE,1964,179.194433111729
Luxembourg,LUX,1964,2779.18439746326
Morocco,MAR,1964,216.263046264648
Madagascar,MDG,1964,141.534669132002
"Middle East, North Africa, Afghanistan & Pakistan",MEA,1964,215.760727187524
Mexico,MEX,1964,480.704214437745
Middle income,MIC,1964,152.791374147283
Myanmar,MMR,1964,17.3322006236435
"Middle East, North Africa, Afghanistan & Pakistan (excluding high income)",MNA,1964,170.270677059085
Mauritania,MRT,1964,244.294599697524
Mauritius,MUS,1964,297.284380211561
Malaysia,MYS,1964,302.933952345239
North America,NAC,1964,3473.15658682108
Niger,NER,1964,148.080269139855
Nigeria,NGA,1964,113.297345671875
Nicaragua,NIC,1964,172.68135633824
Netherlands,NLD,1964,1668.33086114697
Norway,NOR,1964,1950.69324222931
Nepal,NPL,1964,45.320757315163
New Zealand,NZL,1964,2839.31554692453
OECD members,OED,1964,1686.10645607716
Oman,OMN,1964,108.059747071369
Pakistan,PAK,1964,102.45976384531
Panama,PAN,1964,611.100612960754
Peru,PER,1964,380.965457465866
Philippines,PHL,1964,188.153783582113
Papua New Guinea,PNG,1964,139.518603886501
Pre-demographic dividend,PRE,1964,145.551638158562
Puerto Rico (US),PRI,1964,1006.43444609497
Portugal,PRT,1964,490.207385856289
Paraguay,PRY,1964,196.973355774177
Post-demographic dividend,PST,1964,1771.80146780409
Rwanda,RWA,1964,38.9824483017745
South Asia,SAS,1964,113.953993552671
Saudi Arabia,SAU,1964,840.480371460232
Sudan,SDN,1964,109.650077819824
Senegal,SEN,1964,317.850426568454
Singapore,SGP,1964,485.530686047381
Sierra Leone,SLE,1964,153.377740974545
"Somalia, Fed. Rep.",SOM,1964,71.8899399360419
Sub-Saharan Africa (excluding high income),SSA,1964,192.611504561715
Sub-Saharan Africa,SSF,1964,182.61985429987
Suriname,SUR,1964,434.893751961714
Sweden,SWE,1964,2961.02884624727
Eswatini,SWZ,1964,171.608409764479
Seychelles,SYC,1964,332.304985875279
Syrian Arab Republic,SYR,1964,254.217527062223
Chad,TCD,1964,118.594106789032
East Asia & Pacific (IDA & IBRD countries),TEA,1964,86.1944413412986
Togo,TGO,1964,130.069304471372
Thailand,THA,1964,128.642226903734
Latin America & the Caribbean (IDA & IBRD countries),TLA,1964,447.159736530697
"Middle East, North Africa, Afghanistan & Pakistan (IDA & IBRD)",TMN,1964,168.932648246982
South Asia (IDA & IBRD),TSA,1964,113.953993552671
Sub-Saharan Africa (IDA & IBRD countries),TSS,1964,182.61985429987
Trinidad and Tobago,TTO,1964,779.766014894579
Tunisia,TUN,1964,228.484793689273
Turkiye,TUR,1964,354.365541117168
Tanzania,TZA,1964,346.301818847656
Uganda,UGA,1964,68.6259930194368
Upper middle income,UMC,1964,170.933195229739
Uruguay,URY,1964,744.654270146069
United States,USA,1964,3565.31443016356
St. Vincent and the Grenadines,VCT,1964,164.439675512733
"Venezuela, RB",VEN,1964,873.604754880876
World,WLD,1964,563.176772281603
South Africa,ZAF,1964,645.873375685446
Zambia,ZMB,1964,229.979245632097
Zimbabwe,ZWE,1964,281.888369368235
Africa Eastern and Southern,AFE,1965,226.836134615766
Africa Western and Central,AFW,1965,155.561896577631
Arab World,ARB,1965,256.197488255539
Argentina,ARG,1965,1281.83337976859
Australia,AUS,1965,2284.35582738664
Austria,AUT,1965,1381.07725824421
Burundi,BDI,1965,50.613304005219
Belgium,BEL,1965,1859.50998671639
Benin,BEN,1965,105.117986938927
Burkina Faso,BFA,1965,82.0746159924647
Bangladesh,BGD,1965,98.6041470420746
"Bahamas, The",BHS,1965,2029.52341329301
Belize,BLZ,1965,383.186435252354
Bermuda,BMU,1965,2064.85324792988
Bolivia,BOL,1965,147.057689573182
Brazil,BRA,1965,268.028760553723
Barbados,BRB,1965,433.228679761215
Brunei Darussalam,BRN,1965,1028.88450343084
Botswana,BWA,1965,79.6790756588049
Central African Republic,CAF,1965,80.184506042463
Canada,CAN,1965,2777.18317301162
Switzerland,CHE,1965,2865.2448479366
Chile,CHL,1965,686.123541995524
China,CHN,1965,98.6681688740435
Cote d'Ivoire,CIV,1965,207.044838566402
Cameroon,CMR,1965,142.704307565995
"Congo, Dem. Rep.",COD,1965,232.037397382746
"Congo, Rep.",COG,1965,164.186892761636
Colombia,COL,1965,317.064563351518
Costa Rica,CRI,1965,373.835690063441
Caribbean small states,CSS,1965,584.032636917524
Germany,DEU,1965,1774.1986904555
Denmark,DNK,1965,2284.22850484956
Dominican Republic,DOM,1965,233.160574151022
Algeria,DZA,1965,253.622059985778
East Asia & Pacific (excluding high income),EAP,1965,96.7854396235053
Early-demographic dividend,EAR,1965,198.818331762015
East Asia & Pacific,EAS,1965,203.577743219365
Europe & Central Asia,ECS,1965,957.435547266057
Ecuador,ECU,1965,450.049782719552
"Egypt, Arab Rep.",EGY,1965,161.567123566919
Euro area,EMU,1965,1463.59251069044
Spain,ESP,1965,797.377066170904
Ethiopia,ETH,1965,88.8500294110243
European Union,EUU,1965,1251.61101979756
Fragile and conflict affected situations,FCS,1965,163.639830903512
Finland,FIN,1965,1902.03847177709
Fiji,FJI,1965,311.241072912198
France,FRA,1965,2023.50184544884
Faroe Islands,FRO,1965,1594.47884066707
Gabon,GAB,1965,414.554218095035
United Kingdom,GBR,1965,1873.56777435421
Ghana,GHA,1965,260.50559523622
Equatorial Guinea,GNQ,1965,217.10289545039
Greece,GRC,1965,886.773611071551
Guatemala,GTM,1965,282.97764170403
Guyana,GUY,1965,335.73593687831
High income,HIC,1965,1670.88078657724
"Hong Kong SAR, China",HKG,1965,676.805507110096
Honduras,HND,1965,273.877577290856
Heavily indebted poor countries (HIPC),HPC,1965,164.177189590693
Haiti,HTI,1965,83.6332514169638
IBRD only,IBD,1965,205.868772123494
IDA & IBRD total,IBT,1965,194.316042765223
IDA total,IDA,1965,134.448546429794
IDA blend,IDB,1965,126.606835909544
IDA only,IDX,1965,142.900093574726
India,IND,1965,121.50831902883
Ireland,IRL,1965,1055.03624701098
"Iran, Islamic Rep.",IRN,1965,247.526675505342
Iraq,IRQ,1965,284.77757098584
Iceland,ISL,1965,2861.10787055081
Israel,ISR,1965,1689.06922693166
Italy,ITA,1965,1357.0106162201
Jamaica,JAM,1965,549.493560414107
Jordan,JOR,1965,545.513861689675
Japan,JPN,1965,993.732722209078
Kenya,KEN,1965,106.865601340262
St. Kitts and Nevis,KNA,1965,265.823194079933
"Korea, Rep.",KOR,1965,109.429276511316
Kuwait,KWT,1965,4023.99037772478
Latin America & Caribbean (excluding high income),LAC,1965,436.831397647258
Liberia,LBR,1965,177.562432424897
Libya,LBY,1965,1000.53474079103
Latin America & Caribbean,LCN,1965,476.958082568253
Least developed countries: UN classification,LDC,1965,134.58999627802
Sri Lanka,LKA,1965,155.566984755479
Lower middle income,LMC,1965,133.298779181214
Low & middle income,LMY,1965,161.862100213643
Lesotho,LSO,1965,64.255497720391
Late-demographic dividend,LTE,1965,196.429408763943
Luxembourg,LUX,1965,2803.85304611765
Morocco,MAR,1965,221.967697143555
Madagascar,MDG,1965,143.245722030305
"Middle East, North Africa, Afghanistan & Pakistan",MEA,1965,230.939907201185
Mexico,MEX,1965,505.854419498816
Middle income,MIC,1965,164.286188140847
Myanmar,MMR,1965,15.1178632326484
"Middle East, North Africa, Afghanistan & Pakistan (excluding high income)",MNA,1965,183.832655356929
Mauritania,MRT,1965,269.962165823141
Mauritius,MUS,1965,305.47697280765
Malaysia,MYS,1965,326.436007443045
North America,NAC,1965,3722.17913835061
New Caledonia,NCL,1965,1713.14089313598
Niger,NER,1965,166.280055859235
Nigeria,NGA,1965,117.287226824734
Nicaragua,NIC,1965,272.251263163163
Netherlands,NLD,1965,1848.09801532427
Norway,NOR,1965,2178.77508111808
Nepal,NPL,1965,65.8050690424137
New Zealand,NZL,1965,2170.99809777651
OECD members,OED,1965,1808.25250458159
Oman,OMN,1965,108.127276326149
Pakistan,PAK,1965,113.567206414596
Panama,PAN,1965,651.331374848625
Peru,PER,1965,438.990796969303
Philippines,PHL,1965,199.763575376063
Papua New Guinea,PNG,1965,153.93728254876
Pre-demographic dividend,PRE,1965,156.396247285528
Puerto Rico (US),PRI,1965,1110.83269082498
Portugal,PRT,1965,544.71961987576
Paraguay,PRY,1965,208.729579506696
Post-demographic dividend,PST,1965,1905.77794888474
French Polynesia,PYF,1965,1838.57638129761
Rwanda,RWA,1965,43.4679672003763
South Asia,SAS,1965,118.725582639515
Saudi Arabia,SAU,1965,904.118334125664
Sudan,SDN,1965,110.889373779297
Senegal,SEN,1965,314.318146394326
Singapore,SGP,1965,516.531928636745
Sierra Leone,SLE,1965,145.576540628849
El Salvador,SLV,1965,274.333279365994
"Somalia, Fed. Rep.",SOM,1965,74.3548708796131
Sub-Saharan Africa (excluding high income),SSA,1965,206.935300583305
Sub-Saharan Africa,SSF,1965,196.052907840159
Suriname,SUR,1965,481.71875
Sweden,SWE,1965,3227.87974049912
Eswatini,SWZ,1965,180.977225619081
Seychelles,SYC,1965,328.484883920328
Syrian Arab Republic,SYR,1965,270.830584796164
Chad,TCD,1965,123.56227611622
East Asia & Pacific (IDA & IBRD countries),TEA,1965,98.01030811847
Togo,TGO,1965,142.685102972499
Thailand,THA,1965,140.899873696781
Latin America & the Caribbean (IDA & IBRD countries),TLA,1965,467.011193441283
"Middle East, North Africa, Afghanistan & Pakistan (IDA & IBRD)",TMN,1965,182.388053187481
South Asia (IDA & IBRD),TSA,1965,118.725582639515
Sub-Saharan Africa (IDA & IBRD countries),TSS,1965,196.052907840159
Trinidad and Tobago,TTO,1965,793.357738715678
Tunisia,TUN,1965,217.269013478937
Turkiye,TUR,1965,369.967082204625
Tanzania,TZA,1965,342.077941894531
Uganda,UGA,1965,99.9527652325075
Upper middle income,UMC,1965,186.628403051966
Uruguay,URY,1965,705.202527526694
United States,USA,1965,3818.28825117968
St. Vincent and the Grenadines,VCT,1965,166.1585179605
"Venezuela, RB",VEN,1965,869.041067890496
World,WLD,1965,601.155818711732
South Africa,ZAF,1965,684.62122774035
Zambia,ZMB,1965,287.42547598963
Zimbabwe,ZWE,1965,294.295520209542
Africa Eastern and Southern,AFE,1966,240.911793947474
Africa Western and Central,AFW,1966,162.107340296637
Arab World,ARB,1966,263.968712840055
Argentina,ARG,1966,1275.07843418966
Australia,AUS,1966,2347.37656646515
Austria,AUT,1966,1494.04911382106
Burundi,BDI,1966,51.4128738171299
Belgium,BEL,1966,1983.13119821777
Benin,BEN,1966,107.637211853532
Burkina Faso,BFA,1966,82.8360664864243
Bangladesh,BGD,1966,104.42205467886
"Bahamas, The",BHS,1966,2239.23963996539
Belize,BLZ,1966,411.933019943696
Bermuda,BMU,1966,2369.47294680018
Bolivia,BOL,1966,159.348482383093
Brazil,BRA,1966,328.343791519407
Barbados,BRB,1966,462.028452555116
Brunei Darussalam,BRN,1966,1145.70592233266
Botswana,BWA,1966,89.0615737768069
Central African Republic,CAF,1966,82.3374694570342
Canada,CAN,1966,3055.28807884507
Switzerland,CHE,1966,3044.84560389449
Chile,CHL,1966,790.361773771396
China,CHN,1966,104.50646350178
Cote d'Ivoire,CIV,1966,221.786392228948
Cameroon,CMR,1966,145.80598283154
"Congo, Dem. Rep.",COD,1966,252.770361839944
"Congo, Rep.",COG,1966,177.551344246999
Colombia,COL,1966,290.253385958132
Costa Rica,CRI,1966,395.15249847305
Caribbean small states,CSS,1966,609.204934699445
Germany,DEU,1966,1870.80540291774
Denmark,DNK,1966,2487.13627144432
Dominican Republic,DOM,1966,250.876691518053
Algeria,DZA,1966,241.44896961658
East Asia & Pacific (excluding high income),EAP,1966,103.042905274641
Early-demographic dividend,EAR,1966,192.18673394374
East Asia & Pacific,EAS,1966,222.051460731588
Europe & Central Asia,ECS,1966,1025.58847675693
Ecuador,ECU,1966,444.623111980641
"Egypt, Arab Rep.",EGY,1966,168.054342944501
Euro area,EMU,1966,1570.59049039747
Spain,ESP,1966,915.62923367863
Ethiopia,ETH,1966,93.1549467874985
European Union,EUU,1966,1344.28320010645
Fragile and conflict affected situations,FCS,1966,170.789635303789
Finland,FIN,1966,2031.52331393903
Fiji,FJI,1966,309.5744090096
France,FRA,1966,2172.59339649824
Faroe Islands,FRO,1966,1749.16153532827
Gabon,GAB,1966,443.401599878142
United Kingdom,GBR,1966,1986.74715869685
Ghana,GHA,1966,263.334589411514
"Gambia, The",GMB,1966,94.3662144947658
Equatorial Guinea,GNQ,1966,226.694963901345
Greece,GRC,1966,983.55754915871
Guatemala,GTM,1966,287.277848723331
Guyana,GUY,1966,352.589675035291
High income,HIC,1966,1810.04819310864
"Hong Kong SAR, China",HKG,1966,685.926614135084
Honduras,HND,1966,282.88534468771
Heavily indebted poor countries (HIPC),HPC,1966,173.487384341159
Haiti,HTI,1966,85.7493738145357
IBRD only,IBD,1966,207.804925946862
IDA & IBRD total,IBT,1966,197.298840515101
IDA total,IDA,1966,141.436522334455
IDA blend,IDB,1966,134.372492786507
IDA only,IDX,1966,149.641460992252
India,IND,1966,91.0276950517841
Ireland,IRL,1966,1107.31823034754
"Iran, Islamic Rep.",IRN,1966,262.877683796365
Iraq,IRQ,1966,298.205666763491
Iceland,ISL,1966,3378.14472198321
Israel,ISR,1966,1789.00726438581
Italy,ITA,1966,1458.94713889011
Jamaica,JAM,1966,612.210363692586
Jordan,JOR,1966,558.402981092455
Japan,JPN,1966,1143.60789652395
Kenya,KEN,1966,119.833476389359
St. Kitts and Nevis,KNA,1966,289.973108735753
"Korea, Rep.",KOR,1966,134.431383763277
Kuwait,KWT,1966,4176.11038180964
Latin America & Caribbean (excluding high income),LAC,1966,470.093943784685
Liberia,LBR,1966,184.583689159405
Libya,LBY,1966,1250.60018821673
Latin America & Caribbean,LCN,1966,511.397057234288
Least developed countries: UN classification,LDC,1966,142.994801870426
Sri Lanka,LKA,1966,156.606032177183
Lower middle income,LMC,1966,118.81816686926
Low & middle income,LMY,1966,163.734801663215
Lesotho,LSO,1966,64.2951651830872
Late-demographic dividend,LTE,1966,213.596689209702
Luxembourg,LUX,1966,2925.22204723477
Morocco,MAR,1966,210.824432373047
Madagascar,MDG,1966,150.690080692721
"Middle East, North Africa, Afghanistan & Pakistan",MEA,1966,241.833569316645
Mexico,MEX,1966,544.935854193449
Middle income,MIC,1966,166.089735494019
Myanmar,MMR,1966,11.8013216738981
"Middle East, North Africa, Afghanistan & Pakistan (excluding high income)",MNA,1966,191.099330709373
Mauritania,MRT,1966,273.604362731912
Mauritius,MUS,1966,295.955041673441
Malaysia,MYS,1966,338.570121454412
North America,NAC,1966,4035.88185355802
New Caledonia,NCL,1966,1713.69793827137
Niger,NER,1966,168.596485499415
Nigeria,NGA,1966,124.382440176253
Nicaragua,NIC,1966,283.999593265889
Netherlands,NLD,1966,1986.2702443166
Norway,NOR,1966,2332.51059866098
Nepal,NPL,1966,79.484178651631
New Zealand,NZL,1966,2211.38222406465
OECD members,OED,1966,1955.39339306377
Oman,OMN,1966,113.158851470616
Pakistan,PAK,1966,122.229353754713
Panama,PAN,1966,688.846978762789
Peru,PER,1966,504.825948542419
Philippines,PHL,1966,213.849586020843
Papua New Guinea,PNG,1966,171.054558569102
Pre-demographic dividend,PRE,1966,166.712837899083
Puerto Rico (US),PRI,1966,1207.81182440348
Portugal,PRT,1966,601.289222261876
Paraguay,PRY,1966,213.947608399441
Post-demographic dividend,PST,1966,2063.98255975691
French Polynesia,PYF,1966,2171.35978202717
Rwanda,RWA,1966,35.3602860886258
South Asia,SAS,1966,93.5095090778818
Saudi Arabia,SAU,1966,960.744776733843
Sudan,SDN,1966,110.502571105957
Senegal,SEN,1966,314.534344145945
Singapore,SGP,1966,566.803974405961
Sierra Leone,SLE,1966,149.317655188564
El Salvador,SLV,1966,282.44637356687
"Somalia, Fed. Rep.",SOM,1966,76.4837413887233
Sub-Saharan Africa (excluding high income),SSA,1966,218.668754585632
Sub-Saharan Africa,SSF,1966,207.086227369075
Suriname,SUR,1966,574.84107690217
Sweden,SWE,1966,3477.89737890027
Eswatini,SWZ,1966,192.744540046073
Seychelles,SYC,1966,337.64622904411
Syrian Arab Republic,SYR,1966,239.30759595908
Chad,TCD,1966,125.779460124418
East Asia & Pacific (IDA & IBRD countries),TEA,1966,104.345470535028
Togo,TGO,1966,159.095922113344
Thailand,THA,1966,164.533414431069
Latin America & the Caribbean (IDA & IBRD countries),TLA,1966,500.490414071407
"Middle East, North Africa, Afghanistan & Pakistan (IDA & IBRD)",TMN,1966,189.597625219742
South Asia (IDA & IBRD),TSA,1966,93.5095090778818
Sub-Saharan Africa (IDA & IBRD countries),TSS,1966,207.086227369075
Trinidad and Tobago,TTO,1966,767.537870840813
Tunisia,TUN,1966,223.750680246593
Turkiye,TUR,1966,424.984610131778
Tanzania,TZA,1966,380.497924804688
Uganda,UGA,1966,101.435414620908
Upper middle income,UMC,1966,200.582234098055
Uruguay,URY,1966,668.17637665776
United States,USA,1966,4136.30829579106
St. Vincent and the Grenadines,VCT,1966,174.900705580548
"Venezuela, RB",VEN,1966,875.956231715029
World,WLD,1966,638.138650082703
South Africa,ZAF,1966,721.75375941418
Zambia,ZMB,1966,325.025847276562
Zimbabwe,ZWE,1966,278.709727530089
Africa Eastern and Southern,AFE,1967,243.773592909361
Africa Western and Central,AFW,1967,144.94080398911
Arab World,ARB,1967,276.951727070344
Argentina,ARG,1967,1063.93283833587
Australia,AUS,1967,2583.9075241973
Austria,AUT,1967,1577.14147705169
Burundi,BDI,1967,54.0181425269089
Belgium,BEL,1967,2113.82194132888
Benin,BEN,1967,106.58624185995
Burkina Faso,BFA,1967,84.6272011419546
Bangladesh,BGD,1967,114.209881696109
"Bahamas, The",BHS,1967,2452.74763198925
Belize,BLZ,1967,426.264071353746
Bermuda,BMU,1967,2722.46233388537
Bolivia,BOL,1967,176.073477814252
Brazil,BRA,1967,351.472600370379
Barbados,BRB,1967,508.128619491284
Brunei Darussalam,BRN,1967,1148.84303232869
Botswana,BWA,1967,100.945124635152
Central African Republic,CAF,1967,83.562965105064
Canada,CAN,1967,3226.38273682011
Switzerland,CHE,1967,3237.27315217356
Chile,CHL,1967,764.265128656993
China,CHN,1967,96.7614480104016
Cote d'Ivoire,CIV,1967,225.620934131463
Cameroon,CMR,1967,156.621290691062
"Congo, Dem. Rep.",COD,1967,183.291086454789
"Congo, Rep.",COG,1967,185.656603616519
Colombia,COL,1967,302.832507824134
Costa Rica,CRI,1967,413.996506036274
Caribbean small states,CSS,1967,654.511741813167
Germany,DEU,1967,1885.61596607874
Denmark,DNK,1967,2700.74637883336
Dominican Republic,DOM,1967,256.20659739416
Algeria,DZA,1967,261.792442124002
East Asia & Pacific (excluding high income),EAP,1967,97.5038099685848
Early-demographic dividend,EAR,1967,197.941783589278
East Asia & Pacific,EAS,1967,235.576978819233
Europe & Central Asia,ECS,1967,1079.39361350599
Ecuador,ECU,1967,453.645285895565
"Egypt, Arab Rep.",EGY,1967,174.103044536176
Euro area,EMU,1967,1657.11135633377
Spain,ESP,1967,996.571863525297
Ethiopia,ETH,1967,96.0864747436757
European Union,EUU,1967,1420.38226810128
Fragile and conflict affected situations,FCS,1967,164.750936206224
Finland,FIN,1967,2055.75306771186
Fiji,FJI,1967,325.9865454003
France,FRA,1967,2328.11785496887
Faroe Islands,FRO,1967,1780.15707646919
Gabon,GAB,1967,482.22309050643
United Kingdom,GBR,1967,2058.78188198056
Ghana,GHA,1967,211.219296540365
"Gambia, The",GMB,1967,96.9604868849254
Equatorial Guinea,GNQ,1967,231.931646165774
Greece,GRC,1967,1053.2588863313
Guatemala,GTM,1967,291.934180943356
Guyana,GUY,1967,377.732621967981
High income,HIC,1967,1915.17916945488
"Hong Kong SAR, China",HKG,1967,723.239225616661
Honduras,HND,1967,298.155994803561
Heavily indebted poor countries (HIPC),HPC,1967,166.513489520738
Haiti,HTI,1967,84.217267674485
IBRD only,IBD,1967,208.878001155975
IDA & IBRD total,IBT,1967,197.77619034576
IDA total,IDA,1967,139.64828241675
IDA blend,IDB,1967,132.035396916859
Indonesia,IDN,1967,53.2051866988581
IDA only,IDX,1967,148.110427110546
India,IND,1967,97.9951481214155
Ireland,IRL,1967,1187.18321236576
"Iran, Islamic Rep.",IRN,1967,283.733705768331
Iraq,IRQ,1967,290.643664484678
Iceland,ISL,1967,3283.55115538008
Israel,ISR,1967,1734.93143268466
Italy,ITA,1967,1595.48578129215
Jamaica,JAM,1967,633.259680574944
Jordan,JOR,1967,496.922746235673
Japan,JPN,1967,1326.36103912253
Kenya,KEN,1967,121.90214207834
St. Kitts and Nevis,KNA,1967,344.457118650064
"Korea, Rep.",KOR,1967,162.459907730169
Kuwait,KWT,1967,3887.34562038245
Latin America & Caribbean (excluding high income),LAC,1967,465.571531354362
Liberia,LBR,1967,192.150746999304
Libya,LBY,1967,1436.61803256942
Latin America & Caribbean,LCN,1967,508.219973579363
Least developed countries: UN classification,LDC,1967,141.651293790135
Low income,LIC,1967,126.0460454558
Sri Lanka,LKA,1967,162.294823066611
Lower middle income,LMC,1967,123.822194887829
Low & middle income,LMY,1967,163.964944307072
Lesotho,LSO,1967,64.8393253862871
Late-demographic dividend,LTE,1967,209.825430237265
Luxembourg,LUX,1967,2934.52832111007
Morocco,MAR,1967,217.304306030273
Madagascar,MDG,1967,155.860688364854
"Middle East, North Africa, Afghanistan & Pakistan",MEA,1967,255.436435035555
Mexico,MEX,1967,575.769037534418
Middle income,MIC,1967,166.79561848936
Mali,MLI,1967,45.9854448702914
Myanmar,MMR,1967,16.5453805372426
"Middle East, North Africa, Afghanistan & Pakistan (excluding high income)",MNA,1967,204.177075114679
Mauritania,MRT,1967,281.533377446756
Mauritius,MUS,1967,304.163949585507
Malaysia,MYS,1967,335.425630582949
North America,NAC,1967,4223.19167135647
New Caledonia,NCL,1967,1826.17147949386
Niger,NER,1967,155.380620524944
Nigeria,NGA,1967,99.5014906604697
Nicaragua,NIC,1967,297.946065908473
Netherlands,NLD,1967,2154.57969743046
Norway,NOR,1967,2530.66057799458
Nepal,NPL,1967,72.255603368576
New Zealand,NZL,1967,2208.44213762022
OECD members,OED,1967,2065.10872661645
Oman,OMN,1967,174.708442422448
Pakistan,PAK,1967,135.190474942968
Panama,PAN,1967,744.890928311974
Peru,PER,1967,497.58475625699
Philippines,PHL,1967,223.124766332659
Papua New Guinea,PNG,1967,188.972036608059
Pre-demographic dividend,PRE,1967,154.614839965865
Puerto Rico (US),PRI,1967,1335.27411162524
Portugal,PRT,1967,676.386669887118
Paraguay,PRY,1967,220.930909757875
Post-demographic dividend,PST,1967,2184.64834110308
French Polynesia,PYF,1967,2150.61571935477
Rwanda,RWA,1967,43.9610505576821
South Asia,SAS,1967,100.49023197921
Saudi Arabia,SAU,1967,1031.60360297585
Sudan,SDN,1967,116.241035461426
Senegal,SEN,1967,305.22048105837
Singapore,SGP,1967,626.029437593984
Solomon Islands,SLB,1967,153.450784088184
Sierra Leone,SLE,1967,136.121402178747
El Salvador,SLV,1967,288.374280393621
"Somalia, Fed. Rep.",SOM,1967,78.6738966197917
Sub-Saharan Africa (excluding high income),SSA,1967,212.689011873384
Sub-Saharan Africa,SSF,1967,202.000081009945
Suriname,SUR,1967,644.042967325106
Sweden,SWE,1967,3746.2048797826
Eswatini,SWZ,1967,182.773359711151
Seychelles,SYC,1967,333.233798841887
Syrian Arab Republic,SYR,1967,272.914639434944
Chad,TCD,1967,128.209999741615
East Asia & Pacific (IDA & IBRD countries),TEA,1967,98.7397966811936
Togo,TGO,1967,163.944828440613
Thailand,THA,1967,170.666971518706
Latin America & the Caribbean (IDA & IBRD countries),TLA,1967,495.819431061317
"Middle East, North Africa, Afghanistan & Pakistan (IDA & IBRD)",TMN,1967,202.572601496596
South Asia (IDA & IBRD),TSA,1967,100.49023197921
Sub-Saharan Africa (IDA & IBRD countries),TSS,1967,202.000081009946
Trinidad and Tobago,TTO,1967,796.703860051473
Tunisia,TUN,1967,228.044765187406
Turkiye,TUR,1967,459.449369053159
Tanzania,TZA,1967,384.642944335938
Uganda,UGA,1967,102.80034732844
Upper middle income,UMC,1967,198.015953117188
Uruguay,URY,1967,584.75530449369
United States,USA,1967,4325.95935063186
St. Vincent and the Grenadines,VCT,1967,170.043233030992
"Venezuela, RB",VEN,1967,892.985315556393
World,WLD,1967,663.446920048249
South Africa,ZAF,1967,778.839335829791
Zambia,ZMB,1967,340.579940386412
Zimbabwe,ZWE,1967,294.360765229111
Africa Eastern and Southern,AFE,1968,257.143823139725
Africa Western and Central,AFW,1968,146.186183137742
Arab World,ARB,1968,307.557625918434
Argentina,ARG,1968,1141.95211617341
Australia,AUS,1968,2728.23426114901
Austria,AUT,1968,1685.66211669148
Burundi,BDI,1968,54.1949782672812
Belgium,BEL,1968,2251.31575906782
Benin,BEN,1968,111.211494175445
Burkina Faso,BFA,1968,84.9737848392287
Bangladesh,BGD,1968,114.414967470375
"Bahamas, The",BHS,1968,2668.01498039262
Belize,BLZ,1968,392.282566057727
Bermuda,BMU,1968,2975.95428934212
Bolivia,BOL,1968,195.471270062333
Brazil,BRA,1968,373.925432639683
Barbados,BRB,1968,505.889066146294
Brunei Darussalam,BRN,1968,1274.0903793851
Botswana,BWA,1968,113.445716733931
Central African Republic,CAF,1968,95.6398392122972
Canada,CAN,1968,3473.23722551871
Switzerland,CHE,1968,3413.49358157003
Chile,CHL,1968,765.847401648627
China,CHN,1968,91.6454581848979
Cote d'Ivoire,CIV,1968,256.768714344803
Cameroon,CMR,1968,170.782666507465
"Congo, Dem. Rep.",COD,1968,205.645995783134
"Congo, Rep.",COG,1968,190.84225732065
Colombia,COL,1968,301.526502784249
Costa Rica,CRI,1968,444.805256869954
Caribbean small states,CSS,1968,659.557119858247
Germany,DEU,1968,2025.08159465853
Denmark,DNK,1968,2776.13544525805
Dominican Republic,DOM,1968,259.574438400563
Algeria,DZA,1968,292.436036368561
East Asia & Pacific (excluding high income),EAP,1968,96.0395573107908
Early-demographic dividend,EAR,1968,210.496332209591
East Asia & Pacific,EAS,1968,253.935783109729
Europe & Central Asia,ECS,1968,1126.74880888434
Ecuador,ECU,1968,445.227989157148
"Egypt, Arab Rep.",EGY,1968,179.774096694265
Euro area,EMU,1968,1769.5279673443
Spain,ESP,1968,978.292373768035
Ethiopia,ETH,1968,99.4743651000667
European Union,EUU,1968,1513.54365997406
Fragile and conflict affected situations,FCS,1968,177.988839296466
Finland,FIN,1968,1927.29380452918
Fiji,FJI,1968,327.357416510141
France,FRA,1968,2518.15825593491
Faroe Islands,FRO,1968,1735.53425630103
Gabon,GAB,1968,514.573983796217
United Kingdom,GBR,1968,1951.75859587532
Ghana,GHA,1968,196.668571830464
"Gambia, The",GMB,1968,83.1064852758912
Equatorial Guinea,GNQ,1968,211.743758689178
Greece,GRC,1968,1138.38219032671
Guatemala,GTM,1968,314.666876118943
Guyana,GUY,1968,339.786441079035
High income,HIC,1968,2057.92985788979
"Hong Kong SAR, China",HKG,1968,714.48296958061
Honduras,HND,1968,314.474382938748
Heavily indebted poor countries (HIPC),HPC,1968,174.606385503424
Haiti,HTI,1968,82.4057717596557
Hungary,HUN,1968,476.434350138292
IBRD only,IBD,1968,216.324800138825
IDA & IBRD total,IBT,1968,204.687489157535
IDA total,IDA,1968,144.07745958733
IDA blend,IDB,1968,136.60097571423
Indonesia,IDN,1968,64.6547730642556
IDA only,IDX,1968,152.589335265
India,IND,1968,101.556802521195
Ireland,IRL,1968,1158.85549787929
"Iran, Islamic Rep.",IRN,1968,314.285456656503
Iraq,IRQ,1968,318.832552563525
Iceland,ISL,1968,2473.42372591393
Israel,ISR,1968,1947.35209699825
Italy,ITA,1968,1718.49646427147
Jamaica,JAM,1968,591.045817173244
Jordan,JOR,1968,408.842352820548
Japan,JPN,1968,1553.27139379996
Kenya,KEN,1968,128.654646882243
St. Kitts and Nevis,KNA,1968,309.027410307969
"Korea, Rep.",KOR,1968,199.982134957643
Kuwait,KWT,1968,3871.94559219275
Latin America & Caribbean (excluding high income),LAC,1968,488.116883689685
Liberia,LBR,1968,198.647104834485
Libya,LBY,1968,1971.86632548697
Latin America & Caribbean,LCN,1968,531.647639226971
Least developed countries: UN classification,LDC,1968,147.301273985115
Low income,LIC,1968,133.298836791172
Sri Lanka,LKA,1968,153.48764748655
Lower middle income,LMC,1968,128.312649386522
Low & middle income,LMY,1968,169.564963902933
Lesotho,LSO,1968,64.809251529746
Late-demographic dividend,LTE,1968,208.658275641687
Luxembourg,LUX,1968,3202.50594852825
Morocco,MAR,1968,227.120864868164
Madagascar,MDG,1968,163.588485295319
"Middle East, North Africa, Afghanistan & Pakistan",MEA,1968,282.282140077867
Mexico,MEX,1968,615.922912128842
Middle income,MIC,1968,172.362814647394
Mali,MLI,1968,56.5137530466331
Myanmar,MMR,1968,21.5453410007264
"Middle East, North Africa, Afghanistan & Pakistan (excluding high income)",MNA,1968,223.001762234569
Mauritania,MRT,1968,300.94152952866
Mauritius,MUS,1968,258.734051896237
Malaysia,MYS,1968,342.444763417284
North America,NAC,1968,4570.75388903652
New Caledonia,NCL,1968,2124.4581832684
Niger,NER,1968,145.610145933803
Nigeria,NGA,1968,97.3372081255964
Nicaragua,NIC,1968,304.441965331491
Netherlands,NLD,1968,2364.3594192663
Norway,NOR,1968,2679.71300438189
Nepal,NPL,1968,64.8592419247839
New Zealand,NZL,1968,1902.42182426883
OECD members,OED,1968,2214.14937800704
Oman,OMN,1968,300.382394498902
Pakistan,PAK,1968,141.558306459346
Panama,PAN,1968,778.476641666323
Peru,PER,1968,447.99179719095
Philippines,PHL,1968,242.232067627814
Papua New Guinea,PNG,1968,202.937753394767
Pre-demographic dividend,PRE,1968,162.474091588099
Puerto Rico (US),PRI,1968,1480.69317642251
Portugal,PRT,1968,751.947085624465
Paraguay,PRY,1968,226.80197812329
Post-demographic dividend,PST,1968,2347.57123043067
French Polynesia,PYF,1968,2440.8345277325
Rwanda,RWA,1968,45.9934717054709
South Asia,SAS,1968,103.257624279526
Saudi Arabia,SAU,1968,1275.70709426176
Sudan,SDN,1968,117.824935913086
Senegal,SEN,1968,311.196146846683
Singapore,SGP,1968,708.601436896422
Solomon Islands,SLB,1968,166.888037688373
Sierra Leone,SLE,1968,126.308899122773
El Salvador,SLV,1968,290.096510171735
"Somalia, Fed. Rep.",SOM,1968,80.8438204901175
Sub-Saharan Africa (excluding high income),SSA,1968,221.75372280299
Sub-Saharan Africa,SSF,1968,210.515656880994
Suriname,SUR,1968,680.595348207639
Sweden,SWE,1968,3953.08297234501
Eswatini,SWZ,1968,190.386590098492
Seychelles,SYC,1968,314.351070663894
Syrian Arab Republic,SYR,1968,293.330341001656
Chad,TCD,1968,126.87277490154
East Asia & Pacific (IDA & IBRD countries),TEA,1968,97.2605818901622
Togo,TGO,1968,164.256944901945
Thailand,THA,1968,178.839752885801
Latin America & the Caribbean (IDA & IBRD countries),TLA,1968,517.782198082885
"Middle East, North Africa, Afghanistan & Pakistan (IDA & IBRD)",TMN,1968,221.249359600286
South Asia (IDA & IBRD),TSA,1968,103.257624279526
Sub-Saharan Africa (IDA & IBRD countries),TSS,1968,210.515656880994
Trinidad and Tobago,TTO,1968,783.173633599792
Tunisia,TUN,1968,248.91225549272
Turkiye,TUR,1968,501.12130904111
Tanzania,TZA,1968,399.301635742188
Uganda,UGA,1968,106.851228104531
Upper middle income,UMC,1968,204.31216350293
Uruguay,URY,1968,578.548868536136
United States,USA,1968,4684.58840293763
St. Vincent and the Grenadines,VCT,1968,163.084474570509
"Venezuela, RB",VEN,1968,938.015078662499
World,WLD,1968,702.357250344395
South Africa,ZAF,1968,817.128340614066
Zambia,ZMB,1968,387.087288652294
Zimbabwe,ZWE,1968,302.086211635024
Africa Eastern and Southern,AFE,1969,281.578893708839
Africa Western and Central,AFW,1969,161.917968321991
Arab World,ARB,1969,329.453730138284
Argentina,ARG,1969,1329.56181832409
Australia,AUS,1969,2995.86119857452
Austria,AUT,1969,1834.0780781796
Burundi,BDI,1969,55.058838902942
Belgium,BEL,1969,2490.1071730838
Benin,BEN,1969,110.314794748212
Burkina Faso,BFA,1969,86.7555395725224
Bangladesh,BGD,1969,125.880311698198
"Bahamas, The",BHS,1969,3026.72757204421
Belize,BLZ,1969,401.557990513297
Bermuda,BMU,1969,3214.04903909874
Bolivia,BOL,1969,207.126019695423
Brazil,BRA,1969,399.49841913391
Barbados,BRB,1969,566.833205048027
Brunei Darussalam,BRN,1969,1226.43698889034
Botswana,BWA,1969,131.776574536345
Central African Republic,CAF,1969,91.6587059467658
Canada,CAN,1969,3776.15613110238
Switzerland,CHE,1969,3657.20794240553
Chile,CHL,1969,873.581889905917
China,CHN,1969,100.308139479526
Cote d'Ivoire,CIV,1969,262.192286003745
Cameroon,CMR,1969,175.150496434432
"Congo, Dem. Rep.",COD,1969,257.144636724402
"Congo, Rep.",COG,1969,195.431023577377
Colombia,COL,1969,317.868798055367
Costa Rica,CRI,1969,477.081346742249
Caribbean small states,CSS,1969,704.371934968721
Germany,DEU,1969,2281.27598218229
Denmark,DNK,1969,3151.13324311543
Dominican Republic,DOM,1969,287.699305710615
Algeria,DZA,1969,315.914655734237
East Asia & Pacific (excluding high income),EAP,1969,105.108977265853
Early-demographic dividend,EAR,1969,229.483856084865
East Asia & Pacific,EAS,1969,285.408436398002
Europe & Central Asia,ECS,1969,1238.63225937362
Ecuador,ECU,1969,520.843984636492
"Egypt, Arab Rep.",EGY,1969,192.964908828257
Euro area,EMU,1969,1963.38799796288
Spain,ESP,1969,1109.13637135526
Ethiopia,ETH,1969,102.280177675035
European Union,EUU,1969,1677.37128578399
Fragile and conflict affected situations,FCS,1969,195.316905978144
Finland,FIN,1969,2201.12415237742
Fiji,FJI,1969,349.813973013608
France,FRA,1969,2729.37124785377
Faroe Islands,FRO,1969,1849.43853817677
Gabon,GAB,1969,545.410237141201
United Kingdom,GBR,1969,2100.66786858672
Ghana,GHA,1969,225.772621963554
"Gambia, The",GMB,1969,88.662202161031
Equatorial Guinea,GNQ,1969,208.44083966338
Greece,GRC,1969,1305.64395976862
Guatemala,GTM,1969,326.30273339901
Guyana,GUY,1969,361.187616176221
High income,HIC,1969,2246.86290411431
"Hong Kong SAR, China",HKG,1969,825.523449142012
Honduras,HND,1969,316.220454040742
Heavily indebted poor countries (HIPC),HPC,1969,187.003538090024
Haiti,HTI,1969,86.1269803448153
Hungary,HUN,1969,527.231617602682
IBRD only,IBD,1969,235.973912549971
IDA & IBRD total,IBT,1969,223.315080844557
IDA total,IDA,1969,157.471380749563
IDA blend,IDB,1969,151.273009043362
Indonesia,IDN,1969,74.0988114128793
IDA only,IDX,1969,165.643643396959
India,IND,1969,109.477664384288
Ireland,IRL,1969,1330.78329549951
"Iran, Islamic Rep.",IRN,1969,344.60168745738
Iraq,IRQ,1969,319.860143218706
Iceland,ISL,1969,2142.21248048432
Israel,ISR,1969,2189.03467540307
Italy,ITA,1969,1886.45002730465
Jamaica,JAM,1969,642.133421058915
Jordan,JOR,1969,474.427887073594
Japan,JPN,1969,1802.98028061972
Kenya,KEN,1969,133.310793093247
St. Kitts and Nevis,KNA,1969,346.592027290022
"Korea, Rep.",KOR,1969,245.494385222026
Kuwait,KWT,1969,3694.96497750415
Latin America & Caribbean (excluding high income),LAC,1969,533.065152330404
Liberia,LBR,1969,214.717911590964
Libya,LBY,1969,2174.95045716041
Latin America & Caribbean,LCN,1969,579.038747366805
Least developed countries: UN classification,LDC,1969,158.785302169003
Low income,LIC,1969,151.037151115031
Sri Lanka,LKA,1969,163.60657987529
Lower middle income,LMC,1969,138.741324434999
Low & middle income,LMY,1969,185.041888167986
Lesotho,LSO,1969,67.0950360280091
Late-demographic dividend,LTE,1969,227.1994388028
Luxembourg,LUX,1969,3690.17182620062
Morocco,MAR,1969,246.799652099609
Madagascar,MDG,1969,162.904752589963
"Middle East, North Africa, Afghanistan & Pakistan",MEA,1969,304.591700866561
Mexico,MEX,1969,659.71750685117
Middle income,MIC,1969,187.84250453974
Mali,MLI,1969,55.0226859514125
Myanmar,MMR,1969,21.5103180527937
"Middle East, North Africa, Afghanistan & Pakistan (excluding high income)",MNA,1969,241.191037330677
Mauritania,MRT,1969,276.598267711858
Mauritius,MUS,1969,272.713256163629
Malaysia,MYS,1969,368.385655484736
North America,NAC,1969,4902.69124991101
New Caledonia,NCL,1969,2509.40725556196
Niger,NER,1969,138.291209756182
Nigeria,NGA,1969,121.436663307697
Nicaragua,NIC,1969,319.366650327118
Netherlands,NLD,1969,2646.84581766825
Norway,NOR,1969,2894.23998236681
Nepal,NPL,1969,64.8179199463286
New Zealand,NZL,1969,2096.92646729301
OECD members,OED,1969,2412.17249188675
Oman,OMN,1969,371.945677290612
Pakistan,PAK,1969,148.528512990071
Panama,PAN,1969,830.319752856442
Peru,PER,1969,487.660318575547
Philippines,PHL,1969,261.090890369413
Papua New Guinea,PNG,1969,225.288234672395
Pre-demographic dividend,PRE,1969,178.017001416652
Puerto Rico (US),PRI,1969,1661.86688523369
Portugal,PRT,1969,832.130682107245
Paraguay,PRY,1969,238.242208450243
Post-demographic dividend,PST,1969,2562.60917046577
French Polynesia,PYF,1969,2206.35343555808
Rwanda,RWA,1969,48.8699283215294
South Asia,SAS,1969,111.460473459612
Saudi Arabia,SAU,1969,1312.73865737123
Sudan,SDN,1969,125.984886169434
Senegal,SEN,1969,287.253148792203
Singapore,SGP,1969,812.677487316618
Solomon Islands,SLB,1969,165.857344778641
Sierra Leone,SLE,1969,153.564115961571
El Salvador,SLV,1969,293.416580804896
"Somalia, Fed. Rep.",SOM,1969,84.1406268777878
Sub-Saharan Africa (excluding high income),SSA,1969,244.637862489874
Sub-Saharan Africa,SSF,1969,231.436186928761
Suriname,SUR,1969,707.674445225753
Sweden,SWE,1969,4262.92603293035
Eswatini,SWZ,1969,245.233981580731
Seychelles,SYC,1969,314.179858636278
Syrian Arab Republic,SYR,1969,363.554844445761
Chad,TCD,1969,129.175848997716
East Asia & Pacific (IDA & IBRD countries),TEA,1969,106.44617894735
Togo,TGO,1969,174.653254091407
Thailand,THA,1969,191.438734515692
Latin America & the Caribbean (IDA & IBRD countries),TLA,1969,563.384415455481
"Middle East, North Africa, Afghanistan & Pakistan (IDA & IBRD)",TMN,1969,239.295698903982
South Asia (IDA & IBRD),TSA,1969,111.460473459612
Sub-Saharan Africa (IDA & IBRD countries),TSS,1969,231.436186928761
Trinidad and Tobago,TTO,1969,794.529655166788
Tunisia,TUN,1969,257.738832521682
Turkiye,TUR,1969,543.947401329478
Tanzania,TZA,1969,405.450805664063
Uganda,UGA,1969,116.682296330854
Upper middle income,UMC,1969,223.37113209288
Uruguay,URY,1969,722.586254907569
United States,USA,1969,5019.99818634473
St. Vincent and the Grenadines,VCT,1969,175.156220412801
"Venezuela, RB",VEN,1969,931.598755748143
World,WLD,1969,759.851347244496
South Africa,ZAF,1969,890.922089102936
Zambia,ZMB,1969,458.981650783744
Zimbabwe,ZWE,1969,345.754984688223
Africa Eastern and Southern,AFE,1970,276.732924213049
Africa Western and Central,AFW,1970,218.672140995183
Andorra,AND,1970,3935.41127779609
Arab World,ARB,1970,357.718966442961
United Arab Emirates,ARE,1970,2394.06811471055
Argentina,ARG,1970,1322.71454216808
Australia,AUS,1970,3309.76306254362
Austria,AUT,1970,2050.7051537705
Burundi,BDI,1970,68.7543539795049
Belgium,BEL,1970,2765.89099664794
Benin,BEN,1970,108.848779482547
Burkina Faso,BFA,1970,81.707563219742
Bangladesh,BGD,1970,130.218160844955
Bahrain,BHR,1970,1741.82245407152
"Bahamas, The",BHS,1970,2916.49998378221
Belize,BLZ,1970,441.7894689257
Bermuda,BMU,1970,3574.16928861945
Bolivia,BOL,1970,221.568878282044
Brazil,BRA,1970,443.799484982738
Barbados,BRB,1970,666.475008721385
Brunei Darussalam,BRN,1970,1325.15598362979
Bhutan,BTN,1970,200.345229822469
Botswana,BWA,1970,163.031832252562
Central African Republic,CAF,1970,90.1578442993038
Canada,CAN,1970,4135.82149842006
Switzerland,CHE,1970,4044.42068227245
Chile,CHL,1970,940.648345061287
China,CHN,1970,113.346243039894
Cote d'Ivoire,CIV,1970,268.957733574566
Cameroon,CMR,1970,178.488982961305
"Congo, Dem. Rep.",COD,1970,242.219759763837
"Congo, Rep.",COG,1970,196.7324156078
Colombia,COL,1970,345.879101568471
Costa Rica,CRI,1970,535.539679724977
Caribbean small states,CSS,1970,730.704086817937
Cuba,CUB,1970,645.144917797076
Germany,DEU,1970,2771.28310514754
Denmark,DNK,1970,3464.45518278408
Dominican Republic,DOM,1970,337.668123719964
Algeria,DZA,1970,352.845766557928
East Asia & Pacific (excluding high income),EAP,1970,113.922517317223
Early-demographic dividend,EAR,1970,238.291608642772
East Asia & Pacific,EAS,1970,320.403969139419
Europe & Central Asia,ECS,1970,1381.85855003421
Ecuador,ECU,1970,465.040319805007
"Egypt, Arab Rep.",EGY,1970,232.272492342671
Euro area,EMU,1970,2211.87403940428
Spain,ESP,1970,1211.42343321309
Ethiopia,ETH,1970,109.430466337285
European Union,EUU,1970,1886.4511408238
Fragile and conflict affected situations,FCS,1970,227.440774511902
Finland,FIN,1970,2465.86455526041
Fiji,FJI,1970,413.93721652892
France,FRA,1970,2832.54913756906
Faroe Islands,FRO,1970,2219.37686726419
"Micronesia, Fed. Sts.",FSM,1970,337.4957740742
Gabon,GAB,1970,543.433161441757
United Kingdom,GBR,1970,2347.54431773747
Ghana,GHA,1970,248.159869409818
Guinea,GIN,1970,752.822503572388
"Gambia, The",GMB,1970,99.7816919772448
Guinea-Bissau,GNB,1970,350.221594962107
Equatorial Guinea,GNQ,1970,206.766858699665
Greece,GRC,1970,1473.60394808707
Greenland,GRL,1970,1498.27643678161
Guatemala,GTM,1970,352.790808761812
Guyana,GUY,1970,381.098754100227
High income,HIC,1970,2443.51466106049
"Hong Kong SAR, China",HKG,1970,960.031961510704
Honduras,HND,1970,328.787242589654
Heavily indebted poor countries (HIPC),HPC,1970,175.758084999252
Haiti,HTI,1970,71.4543990624631
Hungary,HUN,1970,559.197091346639
IBRD only,IBD,1970,251.014570848352
IDA & IBRD total,IBT,1970,238.146481689054
IDA total,IDA,1970,170.530519064438
IDA blend,IDB,1970,198.686299060025
Indonesia,IDN,1970,79.118823484002
IDA only,IDX,1970,159.439975202259
India,IND,1970,114.35532002008
Ireland,IRL,1970,1486.51452734638
"Iran, Islamic Rep.",IRN,1970,376.606879152564
Iraq,IRQ,1970,337.042912609442
Iceland,ISL,1970,2666.41186614479
Israel,ISR,1970,2490.48852601991
Italy,ITA,1970,2111.71986404332
Jamaica,JAM,1970,747.909399172491
Jordan,JOR,1970,408.596257509347
Japan,JPN,1970,2100.74807036009
Kenya,KEN,1970,141.039390962597
Kiribati,KIR,1970,201.023774667798
St. Kitts and Nevis,KNA,1970,365.421692149038
"Korea, Rep.",KOR,1970,281.785631415674
Kuwait,KWT,1970,3551.58710706336
Latin America & Caribbean (excluding high income),LAC,1970,565.056159993711
Liberia,LBR,1970,220.293848130057
Libya,LBY,1970,2209.5811758058
Latin America & Caribbean,LCN,1970,616.282250917977
Least developed countries: UN classification,LDC,1970,149.849981858949
Low income,LIC,1970,150.17644959645
Liechtenstein,LIE,1970,4262.03220640334
Sri Lanka,LKA,1970,186.900791824546
Lower middle income,LMC,1970,146.717059930611
Low & middle income,LMY,1970,196.913727575828
Lesotho,LSO,1970,67.4401975761263
Late-demographic dividend,LTE,1970,252.369986913064
Luxembourg,LUX,1970,4298.03389742102
Morocco,MAR,1970,260.26513671875
Monaco,MCO,1970,12098.2018753587
Madagascar,MDG,1970,166.645544206518
Maldives,MDV,1970,156.859236934154
"Middle East, North Africa, Afghanistan & Pakistan",MEA,1970,334.685311330393
Mexico,MEX,1970,699.006845485029
Marshall Islands,MHL,1970,373.212871726587
Middle income,MIC,1970,200.388416355737
Mali,MLI,1970,57.3207870762744
Malta,MLT,1970,828.44472588263
Myanmar,MMR,1970,20.7242782768026
"Middle East, North Africa, Afghanistan & Pakistan (excluding high income)",MNA,1970,263.507081088814
Mauritania,MRT,1970,281.327175871626
Mauritius,MUS,1970,271.338746980393
Malaysia,MYS,1970,379.626764270849
North America,NAC,1970,5130.46496658829
New Caledonia,NCL,1970,3281.71069593272
Niger,NER,1970,139.75875001865
Nigeria,NGA,1970,224.46293599595
Nicaragua,NIC,1970,321.316159006971
Netherlands,NLD,1970,2931.38078026525
Norway,NOR,1970,3306.21947607769
Nepal,NPL,1970,69.6334897297304
Nauru,NRU,1970,2618.53445937725
New Zealand,NZL,1970,2311.02761979013
OECD members,OED,1970,2613.45086482186
Oman,OMN,1970,386.792712839023
Pakistan,PAK,1970,166.662061958389
Panama,PAN,1970,892.890877487492
Peru,PER,1970,550.484609442545
Philippines,PHL,1970,200.921655645037
Palau,PLW,1970,1017.15701970443
Papua New Guinea,PNG,1970,257.647270580834
Pre-demographic dividend,PRE,1970,195.305004758919
Puerto Rico (US),PRI,1970,1852.35467255335
Portugal,PRT,1970,934.082156096117
Paraguay,PRY,1970,248.996708209079
Pacific island small states,PSS,1970,358.687331175362
Post-demographic dividend,PST,1970,2786.24978158553
French Polynesia,PYF,1970,2228.19051620548
Qatar,QAT,1970,2593.82296339752
Rwanda,RWA,1970,55.2419721408638
South Asia,SAS,1970,116.640107755321
Saudi Arabia,SAU,1970,1509.43961165521
Sudan,SDN,1970,139.038482666016
Senegal,SEN,1970,290.486425297989
Singapore,SGP,1970,925.797864348214
Sierra Leone,SLE,1970,160.164147056907
El Salvador,SLV,1970,308.798853901934
"Somalia, Fed. Rep.",SOM,1970,93.0828499649358
Sub-Saharan Africa (excluding high income),SSA,1970,266.208132173233
Sub-Saharan Africa,SSF,1970,251.635573386979
Small states,SST,1970,464.618823649029
Sao Tome and Principe,STP,1970,479.373226585893
Suriname,SUR,1970,724.484901513275
Sweden,SWE,1970,4729.35071602705
Eswatini,SWZ,1970,254.161125489597
Seychelles,SYC,1970,343.88118849057
Syrian Arab Republic,SYR,1970,335.451366800943
Chad,TCD,1970,125.882078424937
East Asia & Pacific (IDA & IBRD countries),TEA,1970,115.371975482505
Togo,TGO,1970,159.778184212523
Thailand,THA,1970,197.097903475424
Latin America & the Caribbean (IDA & IBRD countries),TLA,1970,598.981483850136
"Middle East, North Africa, Afghanistan & Pakistan (IDA & IBRD)",TMN,1970,261.436377707704
South Asia (IDA & IBRD),TSA,1970,116.640107755321
Sub-Saharan Africa (IDA & IBRD countries),TSS,1970,251.635573386979
Trinidad and Tobago,TTO,1970,828.919857464313
Tunisia,TUN,1970,280.476910228346
Turkiye,TUR,1970,487.565086682435
Tuvalu,TUV,1970,456.640627603398
Tanzania,TZA,1970,217.235641479492
Uganda,UGA,1970,122.030929585629
Upper middle income,UMC,1970,239.146971010432
Uruguay,URY,1970,765.763011986694
United States,USA,1970,5234.2966662115
St. Vincent and the Grenadines,VCT,1970,192.259597349006
"Venezuela, RB",VEN,1970,1015.21990755986
World,WLD,1970,816.243922926329
Samoa,WSM,1970,321.996706619559
South Africa,ZAF,1970,952.352188073537
Zambia,ZMB,1970,413.904675224945
Zimbabwe,ZWE,1970,361.425992338609
Africa Eastern and Southern,AFE,1971,294.814162052789
Africa Western and Central,AFW,1971,195.859987259659
Andorra,AND,1971,4169.69537103885
Arab World,ARB,1971,402.822310389485
United Arab Emirates,ARE,1971,2805.42642722587
Argentina,ARG,1971,1372.50746646061
Australia,AUS,1971,3500.33603195606
Austria,AUT,1971,2371.65247955003
Burundi,BDI,1971,69.8982817558359
Belgium,BEL,1971,3082.92798879126
Benin,BEN,1971,106.889292742067
Burkina Faso,BFA,1971,84.5149375676447
Bangladesh,BGD,1971,124.533963099152
Bahrain,BHR,1971,1829.74070543315
"Bahamas, The",BHS,1971,3004.34356612542
Belize,BLZ,1971,481.04464147376
Bermuda,BMU,1971,4012.77396544186
Bolivia,BOL,1971,233.392218893062
Brazil,BRA,1971,500.001988983361
Barbados,BRB,1971,749.801351020502
Brunei Darussalam,BRN,1971,1432.16600656705
Bhutan,BTN,1971,207.666560128876
Botswana,BWA,1971,212.244206736036
Central African Republic,CAF,1971,94.0721472956876
Canada,CAN,1971,4535.39338907773
Switzerland,CHE,1971,4834.74049399485
Chile,CHL,1971,1098.91469956231
China,CHN,1971,118.84249157909
Cote d'Ivoire,CIV,1971,280.333660150746
Cameroon,CMR,1971,186.724820408777
"Congo, Dem. Rep.",COD,1971,270.336629028245
"Congo, Rep.",COG,1971,223.538723764898
Colombia,COL,1971,366.825167940364
Costa Rica,CRI,1971,570.360229534426
Caribbean small states,CSS,1971,780.664219545997
Cuba,CUB,1971,770.084969682323
Germany,DEU,1971,3203.82884836051
Denmark,DNK,1971,3845.59906810072
Dominican Republic,DOM,1971,368.349647697268
Algeria,DZA,1971,360.111081707845
East Asia & Pacific (excluding high income),EAP,1971,119.112482493189
Early-demographic dividend,EAR,1971,250.494530710009
East Asia & Pacific,EAS,1971,346.871556973199
Europe & Central Asia,ECS,1971,1547.55468828972
Ecuador,ECU,1971,434.415880347799
"Egypt, Arab Rep.",EGY,1971,242.971070265891
Euro area,EMU,1971,2492.73227264391
Spain,ESP,1971,1361.19251917206
Ethiopia,ETH,1971,112.736674296624
European Union,EUU,1971,2120.68051969328
Fragile and conflict affected situations,FCS,1971,228.984191448816
Finland,FIN,1971,2716.43223544591
Fiji,FJI,1971,457.844599860784
France,FRA,1971,3137.05929958055
Faroe Islands,FRO,1971,2563.60186171096
"Micronesia, Fed. Sts.",FSM,1971,359.244640147767
Gabon,GAB,1971,627.415677576616
United Kingdom,GBR,1971,2649.80151387223
Ghana,GHA,1971,263.408787882235
Guinea,GIN,1971,825.289977053096
"Gambia, The",GMB,1971,103.318322288749
Guinea-Bissau,GNB,1971,348.277009620267
Equatorial Guinea,GNQ,1971,205.56736961701
Greece,GRC,1971,1629.3452793287
Greenland,GRL,1971,1874.29530190099
Guatemala,GTM,1971,358.373560380293
Guyana,GUY,1971,395.769663599294
High income,HIC,1971,2685.33158987821
"Hong Kong SAR, China",HKG,1971,1106.46971695915
Honduras,HND,1971,338.123400136033
Heavily indebted poor countries (HIPC),HPC,1971,184.49729524321
Haiti,HTI,1971,76.8116150679491
Hungary,HUN,1971,606.852738581394
IBRD only,IBD,1971,267.38525500259
IDA & IBRD total,IBT,1971,250.810008173824
IDA total,IDA,1971,168.344251640329
IDA blend,IDB,1971,181.605754029018
Indonesia,IDN,1971,78.5428393869752
IDA only,IDX,1971,165.000063296842
India,IND,1971,120.680595539912
Ireland,IRL,1971,1703.93218277317
"Iran, Islamic Rep.",IRN,1971,457.283638013187
Iraq,IRQ,1971,383.550287036941
Iceland,ISL,1971,3365.77524019906
Israel,ISR,1971,2297.99413492783
Italy,ITA,1971,2310.92376058816
Jamaica,JAM,1971,808.866506083755
Jordan,JOR,1971,412.218818849468
Japan,JPN,1971,2321.39092521418
Kenya,KEN,1971,150.852979093178
Kiribati,KIR,1971,210.668594146279
St. Kitts and Nevis,KNA,1971,443.938525320189
"Korea, Rep.",KOR,1971,304.271118680953
Kuwait,KWT,1971,4485.60842678202
Latin America & Caribbean (excluding high income),LAC,1971,610.375797427925
Liberia,LBR,1971,227.078201448463
Libya,LBY,1971,2442.58280826718
Latin America & Caribbean,LCN,1971,670.818200311296
Least developed countries: UN classification,LDC,1971,153.814069319331
Low income,LIC,1971,163.095744268922
Liechtenstein,LIE,1971,4856.0090432336
Sri Lanka,LKA,1971,188.760802167739
Lower middle income,LMC,1971,149.347709091742
Low & middle income,LMY,1971,206.592073670028
Lesotho,LSO,1971,72.4076446248424
Late-demographic dividend,LTE,1971,274.261113276366
Luxembourg,LUX,1971,4435.39800823681
Morocco,MAR,1971,279.167236328125
Monaco,MCO,1971,13334.3998386726
Madagascar,MDG,1971,174.629594145065
Maldives,MDV,1971,169.767418561131
"Middle East, North Africa, Afghanistan & Pakistan",MEA,1971,370.997128769102
Mexico,MEX,1971,747.912361003254
Marshall Islands,MHL,1971,390.174184712831
Middle income,MIC,1971,209.989315803016
Mali,MLI,1971,61.966462690907
Malta,MLT,1971,874.061727024101
Myanmar,MMR,1971,21.1257517513266
"Middle East, North Africa, Afghanistan & Pakistan (excluding high income)",MNA,1971,290.071546997093
Mauritania,MRT,1971,295.993927021331
Mauritius,MUS,1971,299.604801832026
Malaysia,MYS,1971,407.19672797331
North America,NAC,1971,5506.31995735305
New Caledonia,NCL,1971,3615.1542919613
Niger,NER,1971,145.213783611591
Nigeria,NGA,1971,160.479255841113
Nicaragua,NIC,1971,331.451182972568
Netherlands,NLD,1971,3383.58715579996
Norway,NOR,1971,3736.34873749991
Nepal,NPL,1971,69.4540704096493
Nauru,NRU,1971,2811.2146269153
New Zealand,NZL,1971,2772.9185969396
OECD members,OED,1971,2857.71711558076
Oman,OMN,1971,441.935384423256
Pakistan,PAK,1971,172.453662202274
Panama,PAN,1971,979.3302533737
Peru,PER,1971,599.041967615617
Philippines,PHL,1971,217.429055093343
Palau,PLW,1971,1080.60838506676
Papua New Guinea,PNG,1971,279.669733884528
Pre-demographic dividend,PRE,1971,188.073499385562
Puerto Rico (US),PRI,1971,2044.31990558216
Portugal,PRT,1971,1064.53771257341
Paraguay,PRY,1971,272.082440745597
Pacific island small states,PSS,1971,395.810012764913
Post-demographic dividend,PST,1971,3058.81713989308
French Polynesia,PYF,1971,2516.98260839219
Qatar,QAT,1971,2951.769414533
Rwanda,RWA,1971,54.3780760416401
South Asia,SAS,1971,121.457638271028
Saudi Arabia,SAU,1971,1929.30910330483
Sudan,SDN,1971,146.931610107422
Senegal,SEN,1971,291.08835742165
Singapore,SGP,1971,1071.41154035538
Solomon Islands,SLB,1971,277.11312090761
Sierra Leone,SLE,1971,151.83336869958
El Salvador,SLV,1971,315.665399785976
"Somalia, Fed. Rep.",SOM,1971,90.4292309374489
Sub-Saharan Africa (excluding high income),SSA,1971,266.058283575359
Sub-Saharan Africa,SSF,1971,251.837152474141
Small states,SST,1971,510.955694695086
Sao Tome and Principe,STP,1971,470.047210516664
Suriname,SUR,1971,767.990365675678
Sweden,SWE,1971,5125.27034757101
Eswatini,SWZ,1971,301.119152172814
Seychelles,SYC,1971,401.608022143052
Syrian Arab Republic,SYR,1971,392.515069525448
Chad,TCD,1971,131.816410865026
East Asia & Pacific (IDA & IBRD countries),TEA,1971,120.627148449905
Togo,TGO,1971,174.569696910771
Thailand,THA,1971,199.662201986255
Latin America & the Caribbean (IDA & IBRD countries),TLA,1971,649.767246609576
"Middle East, North Africa, Afghanistan & Pakistan (IDA & IBRD)",TMN,1971,287.79209351657
South Asia (IDA & IBRD),TSA,1971,121.457638271028
Sub-Saharan Africa (IDA & IBRD countries),TSS,1971,251.837152474141
Trinidad and Tobago,TTO,1971,894.45305348288
Tunisia,TUN,1971,320.272102901124
Turkiye,TUR,1971,430.897259673783
Tuvalu,TUV,1971,477.922530255047
Tanzania,TZA,1971,224.451416015625
Uganda,UGA,1971,133.468088316131
Upper middle income,UMC,1971,253.702322322823
Uruguay,URY,1971,1000.28365412257
United States,USA,1971,5609.38259952519
St. Vincent and the Grenadines,VCT,1971,206.99399543877
"Venezuela, RB",VEN,1971,1106.08824294225
World,WLD,1971,883.27704745992
Samoa,WSM,1971,376.971495094961
South Africa,ZAF,1971,1020.43983590718
Zambia,ZMB,1971,372.144071511389
Zimbabwe,ZWE,1971,405.571258550669
Africa Eastern and Southern,AFE,1972,311.465053421845
Africa Western and Central,AFW,1972,230.068904176407
Andorra,AND,1972,4940.29696239207
Arab World,ARB,1972,470.227432505887
United Arab Emirates,ARE,1972,3675.41681419534
Argentina,ARG,1972,1409.37097316211
Australia,AUS,1972,3955.22430403017
Austria,AUT,1972,2912.59577111524
Burundi,BDI,1972,68.2321917909931
Belgium,BEL,1972,3831.63189999433
Benin,BEN,1972,127.927157014331
Burkina Faso,BFA,1972,99.6335814933813
Bangladesh,BGD,1972,87.773765191476
Bahrain,BHR,1972,2205.917004377
"Bahamas, The",BHS,1972,3013.95016704496
Belize,BLZ,1972,529.356647508447
Bermuda,BMU,1972,4458.08003333144
Bolivia,BOL,1972,261.949887081198
Brazil,BRA,1972,583.492034946156
Barbados,BRB,1972,856.071973120587
Brunei Darussalam,BRN,1972,1904.66760457331
Bhutan,BTN,1972,212.375150813633
Botswana,BWA,1972,264.233716807813
Central African Republic,CAF,1972,105.468061578138
Canada,CAN,1972,5106.73708049128
Switzerland,CHE,1972,5884.77524107186
Chile,CHL,1972,1185.04994801594
China,CHN,1972,132.097410431007
Cote d'Ivoire,CIV,1972,312.942348100524
Cameroon,CMR,1972,220.108720960652
"Congo, Dem. Rep.",COD,1972,290.511803326089
"Congo, Rep.",COG,1972,276.271849546575
Colombia,COL,1972,397.41211740514
Costa Rica,CRI,1972,638.851011611456
Caribbean small states,CSS,1972,858.37605232848
Cuba,CUB,1972,891.631749208781
Germany,DEU,1972,3823.94032602696
Denmark,DNK,1972,4653.95587889115
Dominican Republic,DOM,1972,427.224846368664
Algeria,DZA,1972,469.030996510511
East Asia & Pacific (excluding high income),EAP,1972,132.336284588938
Early-demographic dividend,EAR,1972,269.859969061756
East Asia & Pacific,EAS,1972,421.264763056711
Europe & Central Asia,ECS,1972,1839.96617758159
Ecuador,ECU,1972,487.972047217986
"Egypt, Arab Rep.",EGY,1972,256.482815640115
Euro area,EMU,1972,2989.99899277962
Spain,ESP,1972,1707.58800052655
Ethiopia,ETH,1972,119.839997124757
European Union,EUU,1972,2540.42566943022
Fragile and conflict affected situations,FCS,1972,259.131098166077
Finland,FIN,1972,3177.9287929756
Fiji,FJI,1972,575.217482137037
France,FRA,1972,3809.09946046394
Faroe Islands,FRO,1972,3046.4591497805
"Micronesia, Fed. Sts.",FSM,1972,403.046469058094
Gabon,GAB,1972,693.294831412979
United Kingdom,GBR,1972,3030.43251411977
Ghana,GHA,1972,223.80286383233
Guinea,GIN,1972,948.497421297055
"Gambia, The",GMB,1972,106.524604282625
Guinea-Bissau,GNB,1972,388.643761374553
Equatorial Guinea,GNQ,1972,211.424761974446
Greece,GRC,1972,1873.25412773592
Greenland,GRL,1972,2196.71424019198
Guatemala,GTM,1972,369.762757413424
Guyana,GUY,1972,395.474264576572
High income,HIC,1972,3089.59648226753
"Hong Kong SAR, China",HKG,1972,1384.7342645141
Honduras,HND,1972,352.711426613473
Heavily indebted poor countries (HIPC),HPC,1972,199.672129891292
Haiti,HTI,1972,77.2765182599349
Hungary,HUN,1972,709.652502602719
IBRD only,IBD,1972,294.829633742321
IDA & IBRD total,IBT,1972,274.365089101185
IDA total,IDA,1972,175.59248778685
IDA blend,IDB,1972,198.632670859861
Indonesia,IDN,1972,90.1147549138956
IDA only,IDX,1972,167.178904940029
India,IND,1972,125.270705961882
Ireland,IRL,1972,2080.46514718169
"Iran, Islamic Rep.",IRN,1972,554.748034126016
Iraq,IRQ,1972,394.41834302923
Iceland,ISL,1972,4155.18509800672
Israel,ISR,1972,2929.65614313336
Italy,ITA,1972,2677.29372999774
Jamaica,JAM,1972,970.802906405502
Jordan,JOR,1972,459.874244108895
Japan,JPN,1972,3031.43860570759
Kenya,KEN,1972,172.642044778441
Kiribati,KIR,1972,256.187000109277
St. Kitts and Nevis,KNA,1972,521.083031260752
"Korea, Rep.",KOR,1972,328.021411521648
Kuwait,KWT,1972,4835.69104574325
Latin America & Caribbean (excluding high income),LAC,1972,677.387657413198
Liberia,LBR,1972,238.610979665126
Libya,LBY,1972,2829.80145194559
Latin America & Caribbean,LCN,1972,736.596936643981
Least developed countries: UN classification,LDC,1972,155.357141773248
Low income,LIC,1972,177.925665317966
Liechtenstein,LIE,1972,5645.23266418851
Sri Lanka,LKA,1972,199.38289288123
Lower middle income,LMC,1972,155.71919699866
Low & middle income,LMY,1972,226.600201650888
Lesotho,LSO,1972,73.9566189783241
Late-demographic dividend,LTE,1972,308.894090320261
Luxembourg,LUX,1972,5486.72062789089
Morocco,MAR,1972,317.074066162109
Monaco,MCO,1972,16187.4306500397
Madagascar,MDG,1972,189.640262028465
Maldives,MDV,1972,192.238848639394
"Middle East, North Africa, Afghanistan & Pakistan",MEA,1972,425.142980883399
Mexico,MEX,1972,836.569673446138
Marshall Islands,MHL,1972,415.707402467489
Middle income,MIC,1972,230.379842575033
Mali,MLI,1972,75.0521043387011
Malta,MLT,1972,975.720378043786
Myanmar,MMR,1972,23.2941302744944
"Middle East, North Africa, Afghanistan & Pakistan (excluding high income)",MNA,1972,320.732769391266
Mauritania,MRT,1972,335.23154288786
Mauritius,MUS,1972,373.996570209941
Malaysia,MYS,1972,472.363509449959
North America,NAC,1972,5999.16290039623
New Caledonia,NCL,1972,4225.83816273241
Niger,NER,1972,151.437947747318
Nigeria,NGA,1972,209.454776294345
Nicaragua,NIC,1972,341.380772391976
Netherlands,NLD,1972,4110.49164551948
Norway,NOR,1972,4413.57569168528
Nepal,NPL,1972,78.842912842237
Nauru,NRU,1972,3190.58553898837
New Zealand,NZL,1972,3294.64894268304
OECD members,OED,1972,3281.03297212865
Oman,OMN,1972,523.675726630998
Pakistan,PAK,1972,148.073976270617
Panama,PAN,1972,1046.06341222824
Peru,PER,1972,646.679686654992
Philippines,PHL,1972,230.097611314044
Palau,PLW,1972,1144.53616532721
Papua New Guinea,PNG,1972,326.720237042343
Pre-demographic dividend,PRE,1972,215.177731973705
Puerto Rico (US),PRI,1972,2246.4767135113
Portugal,PRT,1972,1302.2662677393
Paraguay,PRY,1972,307.630516228445
Pacific island small states,PSS,1972,460.183843709943
Post-demographic dividend,PST,1972,3518.5594752851
French Polynesia,PYF,1972,2678.18747088327
Qatar,QAT,1972,3482.877835561
Rwanda,RWA,1972,58.397695523384
South Asia,SAS,1972,121.825770983221
Saudi Arabia,SAU,1972,2474.38683208975
Sudan,SDN,1972,154.511581420898
Senegal,SEN,1972,341.835352336553
Singapore,SGP,1972,1264.37510720987
Solomon Islands,SLB,1972,219.502859825935
Sierra Leone,SLE,1972,165.357917863636
El Salvador,SLV,1972,328.509448039035
"Somalia, Fed. Rep.",SOM,1972,113.69240195555
Sub-Saharan Africa (excluding high income),SSA,1972,292.273906466396
Sub-Saharan Africa,SSF,1972,276.271075877442
Small states,SST,1972,583.969376858542
Sao Tome and Principe,STP,1972,511.225883278212
Suriname,SUR,1972,784.951674957789
Sweden,SWE,1972,6018.39052977191
Eswatini,SWZ,1972,315.028466244508
Seychelles,SYC,1972,546.951095334072
Syrian Arab Republic,SYR,1972,448.237758556479
Chad,TCD,1972,150.369805704401
East Asia & Pacific (IDA & IBRD countries),TEA,1972,134.020481612005
Togo,TGO,1972,198.7610542599
Thailand,THA,1972,215.582022917854
Latin America & the Caribbean (IDA & IBRD countries),TLA,1972,712.288818801421
"Middle East, North Africa, Afghanistan & Pakistan (IDA & IBRD)",TMN,1972,318.212372492379
South Asia (IDA & IBRD),TSA,1972,121.825770983221
Sub-Saharan Africa (IDA & IBRD countries),TSS,1972,276.271075877443
Trinidad and Tobago,TTO,1972,1067.46412567566
Tunisia,TUN,1972,414.626612581104
Turkiye,TUR,1972,537.337529232528
Tuvalu,TUV,1972,521.514044962269
Tanzania,TZA,1972,246.546295166016
Uganda,UGA,1972,136.964736487473
Upper middle income,UMC,1972,284.215777698313
Uruguay,URY,1972,775.937251050835
United States,USA,1972,6094.01798986165
St. Vincent and the Grenadines,VCT,1972,282.092288222755
"Venezuela, RB",VEN,1972,1155.26236263344
World,WLD,1972,999.939292970036
Samoa,WSM,1972,432.869670090088
South Africa,ZAF,1972,1038.39407468283
Zambia,ZMB,1972,409.781146356948
Zimbabwe,ZWE,1972,483.378111388597
Africa Eastern and Southern,AFE,1973,389.729024099655
Africa Western and Central,AFW,1973,280.643967375144
Andorra,AND,1973,6151.02717030722
Arab World,ARB,1973,602.507544309351
United Arab Emirates,ARE,1973,9695.81418807304
Argentina,ARG,1973,2097.89945010806
Australia,AUS,1973,4777.513168995
Austria,AUT,1973,3875.48305618551
Burundi,BDI,1973,84.2581069284158
Belgium,BEL,1973,4900.96220075866
Benin,BEN,1973,153.609468135703
Burkina Faso,BFA,1973,114.137669473515
Bangladesh,BGD,1973,109.691726756912
Bahrain,BHR,1973,2981.09253134976
"Bahamas, The",BHS,1973,3341.2852169669
Belize,BLZ,1973,618.567502314442
Bermuda,BMU,1973,5090.09179163676
Bolivia,BOL,1973,257.213253175457
Brazil,BRA,1973,814.731780553415
Barbados,BRB,1973,1041.72956280824
Brunei Darussalam,BRN,1973,2938.85095702716
Bhutan,BTN,1973,230.90176999619
Botswana,BWA,1973,374.189409146144
Central African Republic,CAF,1973,121.824846111542
Canada,CAN,1973,5858.33407318788
Switzerland,CHE,1973,7855.91887040854
Chile,CHL,1973,1666.99542750899
China,CHN,1973,157.339888078555
Cote d'Ivoire,CIV,1973,405.568979472686
Cameroon,CMR,1973,271.757290053085
"Congo, Dem. Rep.",COD,1973,360.562591604638
"Congo, Rep.",COG,1973,353.380993825585
Colombia,COL,1973,462.064375734059
Costa Rica,CRI,1973,768.944717412776
Caribbean small states,CSS,1973,987.049904340167
Cuba,CUB,1973,1079.13081526456
Germany,DEU,1973,5065.24523302283
Denmark,DNK,1973,6116.89199229142
Dominican Republic,DOM,1973,490.3154952703
Algeria,DZA,1973,589.518126935221
East Asia & Pacific (excluding high income),EAP,1973,162.64572508994
Early-demographic dividend,EAR,1973,336.896059973761
East Asia & Pacific,EAS,1973,543.111178001157
Europe & Central Asia,ECS,1973,2321.88625856893
Ecuador,ECU,1973,578.954930783286
"Egypt, Arab Rep.",EGY,1973,272.182710085295
Euro area,EMU,1973,3856.3439795314
Spain,ESP,1973,2245.9479911066
Ethiopia,ETH,1973,134.935511021947
European Union,EUU,1973,3265.5063578579
Fragile and conflict affected situations,FCS,1973,313.148765971361
Finland,FIN,1973,4173.54485169644
Fiji,FJI,1973,761.684067364828
France,FRA,1973,4906.53555379458
Faroe Islands,FRO,1973,4067.92980683272
"Micronesia, Fed. Sts.",FSM,1973,544.204466602069
Gabon,GAB,1973,1140.0416427509
United Kingdom,GBR,1973,3426.27622050378
Ghana,GHA,1973,309.509552300391
Guinea,GIN,1973,1143.30003514078
"Gambia, The",GMB,1973,131.449182060787
Guinea-Bissau,GNB,1973,391.9165756129
Equatorial Guinea,GNQ,1973,268.634902338667
Greece,GRC,1973,2468.00395502023
Greenland,GRL,1973,2860.28057640115
Guatemala,GTM,1973,440.562871690613
Guyana,GUY,1973,420.533678630093
High income,HIC,1973,3713.8725783283
"Hong Kong SAR, China",HKG,1973,1893.18124189464
Honduras,HND,1973,374.668702396507
Heavily indebted poor countries (HIPC),HPC,1973,237.870538064419
Haiti,HTI,1973,95.1341802581181
Hungary,HUN,1973,875.981999921224
IBRD only,IBD,1973,374.106514850814
IDA & IBRD total,IBT,1973,342.81707517253
IDA total,IDA,1973,198.547454196381
IDA blend,IDB,1973,209.703032954816
Indonesia,IDN,1973,129.886231088685
IDA only,IDX,1973,196.895669450943
India,IND,1973,146.568492582405
Ireland,IRL,1973,2424.26904706558
"Iran, Islamic Rep.",IRN,1973,850.560177143749
Iraq,IRQ,1973,475.586335675674
Iceland,ISL,1973,5627.40706667636
Israel,ISR,1973,3631.04766898453
Italy,ITA,1973,3212.63949627574
Jamaica,JAM,1973,971.802513228502
Jordan,JOR,1973,530.783996638002
Japan,JPN,1973,4061.0133895326
Kenya,KEN,1973,198.578083872556
Kiribati,KIR,1973,421.626997094822
St. Kitts and Nevis,KNA,1973,551.413363188761
"Korea, Rep.",KOR,1973,412.499262547237
Kuwait,KWT,1973,5532.43234039128
Latin America & Caribbean (excluding high income),LAC,1973,884.948848617663
Liberia,LBR,1973,244.361727924182
Libya,LBY,1973,3727.38549878198
Latin America & Caribbean,LCN,1973,956.596608068661
Least developed countries: UN classification,LDC,1973,184.180202421678
Low income,LIC,1973,207.292076594679
Liechtenstein,LIE,1973,7282.37355960148
Sri Lanka,LKA,1973,220.170239208337
Lower middle income,LMC,1973,178.775570286835
Low & middle income,LMY,1973,282.164914310776
Lesotho,LSO,1973,106.991292251913
Late-demographic dividend,LTE,1973,393.117658005952
Luxembourg,LUX,1973,7447.21301786664
Morocco,MAR,1973,380.527801513672
Monaco,MCO,1973,20882.02134665
Madagascar,MDG,1973,226.818255725382
Maldives,MDV,1973,228.689027239389
"Middle East, North Africa, Afghanistan & Pakistan",MEA,1973,538.008696465296
Mexico,MEX,1973,993.042879548426
Marshall Islands,MHL,1973,472.208860502014
Middle income,MIC,1973,287.54850772253
Mali,MLI,1973,85.4440876506614
Malta,MLT,1973,1143.66679643467
Myanmar,MMR,1973,24.7965628847435
"Middle East, North Africa, Afghanistan & Pakistan (excluding high income)",MNA,1973,384.787511125291
Mauritania,MRT,1973,409.721138785311
Mauritius,MUS,1973,467.480218496262
Malaysia,MYS,1973,700.728626010603
North America,NAC,1973,6642.71747804851
New Caledonia,NCL,1973,4318.13831160265
Niger,NER,1973,187.854399670045
Nigeria,NGA,1973,252.369032452868
Nicaragua,NIC,1973,412.527494204714
Netherlands,NLD,1973,5353.44265154981
Norway,NOR,1973,5689.5888066967
Nepal,NPL,1973,73.2266835267801
Nauru,NRU,1973,3863.94069095729
New Zealand,NZL,1973,4323.19653458655
OECD members,OED,1973,3927.60473339204
Oman,OMN,1973,669.829529995212
Pakistan,PAK,1973,97.5136425928243
Panama,PAN,1973,1164.32745834068
Peru,PER,1973,753.924581161999
Philippines,PHL,1973,283.228592733126
Palau,PLW,1973,1221.46980560867
Papua New Guinea,PNG,1973,482.816252421415
Pre-demographic dividend,PRE,1973,257.950696795063
Puerto Rico (US),PRI,1973,2432.41421904928
Portugal,PRT,1973,1747.98904060266
Paraguay,PRY,1973,388.712259813059
Pacific island small states,PSS,1973,604.320910189444
Post-demographic dividend,PST,1973,4218.45613852176
French Polynesia,PYF,1973,3425.44252890097
Qatar,QAT,1973,4905.34265094329
Rwanda,RWA,1973,66.9143871506847
South Asia,SAS,1973,142.63419231482
Saudi Arabia,SAU,1973,3640.08361192413
Sudan,SDN,1973,184.524200439453
Senegal,SEN,1973,381.439007163828
Singapore,SGP,1973,1685.45979632163
Solomon Islands,SLB,1973,291.252272932738
Sierra Leone,SLE,1973,200.641699774769
El Salvador,SLV,1973,366.250658952563
"Somalia, Fed. Rep.",SOM,1973,119.562133453537
Sub-Saharan Africa (excluding high income),SSA,1973,363.946125469476
Sub-Saharan Africa,SSF,1973,342.597615628812
Small states,SST,1973,722.345048935436
Sao Tome and Principe,STP,1973,676.480648564475
Suriname,SUR,1973,857.69079166793
Sweden,SWE,1973,7290.6303239401
Eswatini,SWZ,1973,463.251615844177
Seychelles,SYC,1973,648.531963657638
Syrian Arab Republic,SYR,1973,458.830061186419
Chad,TCD,1973,162.371866237422
East Asia & Pacific (IDA & IBRD countries),TEA,1973,164.713132861926
Togo,TGO,1973,234.418057538789
Thailand,THA,1973,278.285062967675
Latin America & the Caribbean (IDA & IBRD countries),TLA,1973,932.782273310876
"Middle East, North Africa, Afghanistan & Pakistan (IDA & IBRD)",TMN,1973,381.763756329013
South Asia (IDA & IBRD),TSA,1973,142.63419231482
Sub-Saharan Africa (IDA & IBRD countries),TSS,1973,342.597615628812
Trinidad and Tobago,TTO,1973,1273.3221357336
Tunisia,TUN,1973,493.172121667472
Turkiye,TUR,1973,661.080821885172
Tuvalu,TUV,1973,600.583601271126
Tanzania,TZA,1973,283.801849365234
Uganda,UGA,1973,152.709417587824
Upper middle income,UMC,1973,366.190095241849
Uruguay,URY,1973,1397.28960304383
United States,USA,1973,6726.35895596695
St. Vincent and the Grenadines,VCT,1973,305.651792826921
"Venezuela, RB",VEN,1973,1366.83361997071
World,WLD,1973,1198.79202881573
Samoa,WSM,1973,562.757551160649
South Africa,ZAF,1973,1369.16160033933
Zambia,ZMB,1973,517.630055161873
Zimbabwe,ZWE,1973,578.81284112321
Africa Eastern and Southern,AFE,1974,463.468775136049
Africa Western and Central,AFW,1974,368.294725144754
Andorra,AND,1974,7139.5745119838
Arab World,ARB,1974,1125.04299484851
United Arab Emirates,ARE,1974,23822.9715560307
Argentina,ARG,1974,2844.96990526761
Australia,AUS,1974,6491.74521621099
Austria,AUT,1974,4612.61920779656
Burundi,BDI,1974,93.2240048340913
Belgium,BEL,1974,5733.79813933878
Benin,BEN,1974,164.946594142916
Burkina Faso,BFA,1974,124.671435503255
Bangladesh,BGD,1974,164.986393602814
Bahrain,BHR,1974,3873.71629107511
"Bahamas, The",BHS,1974,3079.74014083821
Belize,BLZ,1974,804.777863602367
Bermuda,BMU,1974,5891.88781664656
Bolivia,BOL,1974,418.170299516169
Brazil,BRA,1974,1044.76980947499
Barbados,BRB,1974,1243.35417471937
Brunei Darussalam,BRN,1974,15194.792305663
Bhutan,BTN,1974,262.777366220031
Botswana,BWA,1974,446.487855432073
Central African Republic,CAF,1974,124.000349692552
Canada,CAN,1974,7056.70847496589
Switzerland,CHE,1974,9004.788599
Chile,CHL,1974,1578.5836760852
China,CHN,1974,160.402546852304
Cote d'Ivoire,CIV,1974,474.223861362208
Cameroon,CMR,1974,299.908339494791
"Congo, Dem. Rep.",COD,1974,428.074954493294
"Congo, Rep.",COG,1974,369.945183927696
Colombia,COL,1974,541.749901587091
Costa Rica,CRI,1974,817.076691410389
Caribbean small states,CSS,1974,1295.57997042313
Cuba,CUB,1974,1216.74148211883
Germany,DEU,1974,5659.73787773336
Denmark,DNK,1974,6763.86592918646
Dominican Republic,DOM,1974,595.356677805143
Algeria,DZA,1974,872.889277439184
East Asia & Pacific (excluding high income),EAP,1974,180.40828103172
Early-demographic dividend,EAR,1974,460.725913425284
East Asia & Pacific,EAS,1974,613.865677463368
Europe & Central Asia,ECS,1974,2604.15929471011
Ecuador,ECU,1974,953.846558260516
"Egypt, Arab Rep.",EGY,1974,243.061473902314
Euro area,EMU,1974,4349.02059640083
Spain,ESP,1974,2747.96036737994
Ethiopia,ETH,1974,147.855722504485
European Union,EUU,1974,3674.5118857554
Fragile and conflict affected situations,FCS,1974,460.337503728246
Finland,FIN,1974,5298.08008790754
Fiji,FJI,1974,984.313523932329
France,FRA,1974,5260.60025882755
Faroe Islands,FRO,1974,4906.27514325385
"Micronesia, Fed. Sts.",FSM,1974,701.077963162938
Gabon,GAB,1974,2384.18628892572
United Kingdom,GBR,1974,3665.8627976419
Ghana,GHA,1974,289.425856816508
Guinea,GIN,1974,1242.5292252039
"Gambia, The",GMB,1974,162.618334686551
Guinea-Bissau,GNB,1974,418.643114014064
Equatorial Guinea,GNQ,1974,319.236836741342
Greece,GRC,1974,2789.40577350635
Greenland,GRL,1974,3432.70603291276
Guatemala,GTM,1974,528.57311003132
Guyana,GUY,1974,587.968877003464
High income,HIC,1974,4163.32326850978
"Hong Kong SAR, China",HKG,1974,2144.61495884823
Honduras,HND,1974,400.988955544745
Heavily indebted poor countries (HIPC),HPC,1974,272.517186325367
Haiti,HTI,1974,113.039260601755
Hungary,HUN,1974,955.874207823024
IBRD only,IBD,1974,463.610665875758
IDA & IBRD total,IBT,1974,426.328584032726
IDA total,IDA,1974,253.589374507241
IDA blend,IDB,1974,289.637202081357
Indonesia,IDN,1974,200.710984454591
IDA only,IDX,1974,239.829322726143
India,IND,1974,166.699661755332
Ireland,IRL,1974,2516.92768605196
"Iran, Islamic Rep.",IRN,1974,1408.96571902093
Iraq,IRQ,1974,1031.25081332691
Iceland,ISL,1974,7286.65658517311
Israel,ISR,1974,5085.16646080013
Italy,ITA,1974,3629.49182319594
Jamaica,JAM,1974,1192.98569350958
Jordan,JOR,1974,651.095948462669
Japan,JPN,1974,4448.31965623627
Kenya,KEN,1974,227.233442066411
Kiribati,KIR,1974,1131.29075149996
St. Kitts and Nevis,KNA,1974,720.537205812844
"Korea, Rep.",KOR,1974,572.488691764846
Kuwait,KWT,1974,12526.6031710726
Latin America & Caribbean (excluding high income),LAC,1974,1135.94277880265
Liberia,LBR,1974,299.413660673331
Libya,LBY,1974,6213.50027490617
Latin America & Caribbean,LCN,1974,1210.28751844341
Least developed countries: UN classification,LDC,1974,223.44778168285
Low income,LIC,1974,252.544092701884
Liechtenstein,LIE,1974,8271.73531542796
Sri Lanka,LKA,1974,268.650905004753
Lower middle income,LMC,1974,215.749591497895
Low & middle income,LMY,1974,351.030398414893
Lesotho,LSO,1974,128.666618214693
Late-demographic dividend,LTE,1974,463.357769838142
Luxembourg,LUX,1974,8966.72895879047
Morocco,MAR,1974,456.592529296875
Monaco,MCO,1974,22347.8999054501
Madagascar,MDG,1974,255.336638120604
Maldives,MDV,1974,281.484632436928
"Middle East, North Africa, Afghanistan & Pakistan",MEA,1974,949.627449051638
Mexico,MEX,1974,1256.10280601329
Marshall Islands,MHL,1974,601.578589500316
Middle income,MIC,1974,358.010460033725
Mali,MLI,1974,80.2252214087116
Malta,MLT,1974,1245.31823028606
Myanmar,MMR,1974,41.4076276435663
"Middle East, North Africa, Afghanistan & Pakistan (excluding high income)",MNA,1974,575.347025852723
Mauritania,MRT,1974,494.288408290337
Mauritius,MUS,1974,762.940758670279
Malaysia,MYS,1974,847.806802570239
North America,NAC,1974,7209.11056718541
New Caledonia,NCL,1974,4848.9446983879
Niger,NER,1974,198.28916531089
Nigeria,NGA,1974,402.836999782685
Nicaragua,NIC,1974,556.866122465391
Netherlands,NLD,1974,6450.45770236493
Norway,NOR,1974,6811.52733653232
Nepal,NPL,1974,89.7637455591626
Nauru,NRU,1974,5199.26497504766
New Zealand,NZL,1974,4610.57042634013
OECD members,OED,1974,4358.59467744636
Oman,OMN,1974,2203.40591346986
Pakistan,PAK,1974,132.005156607293
Panama,PAN,1974,1296.44759308169
Peru,PER,1974,926.57995047717
Philippines,PHL,1974,379.068181207602
Palau,PLW,1974,1328.03334121542
Papua New Guinea,PNG,1974,533.088651774956
Pre-demographic dividend,PRE,1974,345.607853291771
Puerto Rico (US),PRI,1974,2614.50094053038
Portugal,PRT,1974,2000.41824574682
Paraguay,PRY,1974,507.87047971714
Pacific island small states,PSS,1974,804.436169034547
Post-demographic dividend,PST,1974,4673.94163306876
French Polynesia,PYF,1974,4273.16745814336
Qatar,QAT,1974,13539.5587974924
Rwanda,RWA,1974,68.9411498886186
South Asia,SAS,1974,167.031856543517
Saudi Arabia,SAU,1974,10503.4280777085
Sudan,SDN,1974,228.787322998047
Senegal,SEN,1974,417.407600285381
Singapore,SGP,1974,2341.70551423633
Solomon Islands,SLB,1974,433.443902987382
Sierra Leone,SLE,1974,222.085173234717
El Salvador,SLV,1974,413.403476363207
"Somalia, Fed. Rep.",SOM,1974,137.891575811774
Sub-Saharan Africa (excluding high income),SSA,1974,450.894118871282
Sub-Saharan Africa,SSF,1974,422.561744482754
Small states,SST,1974,1133.71962149617
Sao Tome and Principe,STP,1974,682.841924804006
Suriname,SUR,1974,1041.08454668306
Sweden,SWE,1974,8078.18604272449
Eswatini,SWZ,1974,536.161003835798
Seychelles,SYC,1974,744.506898260813
Syrian Arab Republic,SYR,1974,706.579580221326
Chad,TCD,1974,159.998978775959
East Asia & Pacific (IDA & IBRD countries),TEA,1974,182.701577930808
Togo,TGO,1974,315.097902810358
Thailand,THA,1974,342.978897633446
Latin America & the Caribbean (IDA & IBRD countries),TLA,1974,1190.2218432487
"Middle East, North Africa, Afghanistan & Pakistan (IDA & IBRD)",TMN,1974,570.82580757342
South Asia (IDA & IBRD),TSA,1974,167.031856543517
Sub-Saharan Africa (IDA & IBRD countries),TSS,1974,422.561744482754
Trinidad and Tobago,TTO,1974,1962.02689234886
Tunisia,TUN,1974,623.75935280482
Turkiye,TUR,1974,880.728167716848
Tuvalu,TUV,1974,708.060574746717
Tanzania,TZA,1974,328.783599853516
Uganda,UGA,1974,183.71757196626
Upper middle income,UMC,1974,461.198114251014
Uruguay,URY,1974,1433.17797475063
United States,USA,1974,7225.69135952566
St. Vincent and the Grenadines,VCT,1974,330.705359076164
"Venezuela, RB",VEN,1974,2033.51900797712
World,WLD,1974,1359.19595292831
Samoa,WSM,1974,626.0388469155
South Africa,ZAF,1974,1656.2890557998
Zambia,ZMB,1974,601.101371432691
Zimbabwe,ZWE,1974,674.335381210306
Africa Eastern and Southern,AFE,1975,479.078797946454
Africa Western and Central,AFW,1975,413.36616996255
Andorra,AND,1975,7925.41577090452
Arab World,ARB,1975,1205.55544629845
United Arab Emirates,ARE,1975,27117.1880729614
Argentina,ARG,1975,2026.68435752865
Australia,AUS,1975,7013.67159761514
Austria,AUT,1975,5264.91772004051
Burundi,BDI,1975,110.884827490053
Belgium,BEL,1975,6701.37736052433
Benin,BEN,1975,196.455786019338
Burkina Faso,BFA,1975,152.901529606747
Bangladesh,BGD,1975,249.804254016022
Bahrain,BHR,1975,3880.44047162927
"Bahamas, The",BHS,1975,2840.58965343091
Belize,BLZ,1975,906.486277401685
Bermuda,BMU,1975,6493.6287150144
Bolivia,BOL,1975,468.064116140902
Brazil,BRA,1975,1200.55823714607
Barbados,BRB,1975,1601.18883256516
Brunei Darussalam,BRN,1975,15793.1312553958
Bhutan,BTN,1975,237.350734416968
Botswana,BWA,1975,493.029472690457
Central African Republic,CAF,1975,163.644668287845
Canada,CAN,1975,7536.52009823861
Switzerland,CHE,1975,10328.1089388433
Chile,CHL,1975,732.054406775965
China,CHN,1975,178.621249282085
Cote d'Ivoire,CIV,1975,574.626405877437
Cameroon,CMR,1975,386.236450275088
"Congo, Dem. Rep.",COD,1975,444.693899464352
"Congo, Rep.",COG,1975,471.473628201515
Colombia,COL,1975,561.098036100584
Costa Rica,CRI,1975,936.993196686988
Caribbean small states,CSS,1975,1474.07313726819
Cuba,CUB,1975,1374.2396398274
Cyprus,CYP,1975,976.329895019531
Germany,DEU,1975,6259.20744498342
Denmark,DNK,1975,7988.15613263518
Dominican Republic,DOM,1975,713.168169144024
Algeria,DZA,1975,992.302037378411
East Asia & Pacific (excluding high income),EAP,1975,198.672510294299
Early-demographic dividend,EAR,1975,481.179666235853
East Asia & Pacific,EAS,1975,659.612813010632
Europe & Central Asia,ECS,1975,3019.9081663642
Ecuador,ECU,1975,1086.17615086517
"Egypt, Arab Rep.",EGY,1975,299.217518322538
Euro area,EMU,1975,5017.25574498842
Spain,ESP,1975,3207.54465082024
Ethiopia,ETH,1975,144.280537635495
European Union,EUU,1975,4253.76925051968
Fragile and conflict affected situations,FCS,1975,493.085166033968
Finland,FIN,1975,6256.10245136117
Fiji,FJI,1975,1188.18424249981
France,FRA,1975,6616.76722499173
Faroe Islands,FRO,1975,5605.51262112203
"Micronesia, Fed. Sts.",FSM,1975,683.97674556564
Gabon,GAB,1975,3258.23424153589
United Kingdom,GBR,1975,4299.74561799284
Ghana,GHA,1975,272.976715188503
Guinea,GIN,1975,1311.33051362563
"Gambia, The",GMB,1975,189.808393377344
Guinea-Bissau,GNB,1975,435.217809874848
Equatorial Guinea,GNQ,1975,362.262178278078
Greece,GRC,1975,3109.3794397892
Greenland,GRL,1975,4257.87561148406
Guatemala,GTM,1975,594.88660866336
Guyana,GUY,1975,663.799722651899
High income,HIC,1975,4605.67978691039
"Hong Kong SAR, China",HKG,1975,2252.12694057369
Honduras,HND,1975,416.521307238993
Heavily indebted poor countries (HIPC),HPC,1975,298.545945572051
Haiti,HTI,1975,133.631792050575
Hungary,HUN,1975,1083.47473343284
IBRD only,IBD,1975,490.704487092603
IDA & IBRD total,IBT,1975,455.957616826261
IDA total,IDA,1975,290.679464131519
IDA blend,IDB,1975,325.432942756318
Indonesia,IDN,1975,231.060120618497
IDA only,IDX,1975,278.273099980007
India,IND,1975,161.086694022079
Ireland,IRL,1975,2973.40012301715
"Iran, Islamic Rep.",IRN,1975,1531.70617122603
Iraq,IRQ,1975,1165.88163945653
Iceland,ISL,1975,6679.78429144579
Israel,ISR,1975,4672.00213414932
Italy,ITA,1975,4116.45964933054
Jamaica,JAM,1975,1416.77546764568
Jordan,JOR,1975,717.7640972871
Japan,JPN,1975,4775.89953559305
Kenya,KEN,1975,241.224426147057
Cambodia,KHM,1975,113.825789208758
Kiribati,KIR,1975,730.441792552945
St. Kitts and Nevis,KNA,1975,765.12533365911
"Korea, Rep.",KOR,1975,627.142244323246
Kuwait,KWT,1975,10881.7216440289
Latin America & Caribbean (excluding high income),LAC,1975,1195.9493414531
Liberia,LBR,1975,345.648935641772
Libya,LBY,1975,5720.62691135285
Latin America & Caribbean,LCN,1975,1239.54020749061
Least developed countries: UN classification,LDC,1975,262.396517774294
Low income,LIC,1975,290.888192850264
Liechtenstein,LIE,1975,10332.5128681378
Sri Lanka,LKA,1975,279.82158260032
Lower middle income,LMC,1975,230.587651294711
Low & middle income,LMY,1975,379.82219890073
Lesotho,LSO,1975,123.231375218727
Late-demographic dividend,LTE,1975,502.776267368386
Luxembourg,LUX,1975,8701.30473139249
Morocco,MAR,1975,521.838928222656
Monaco,MCO,1975,27920.7436036735
Madagascar,MDG,1975,294.992905767807
Maldives,MDV,1975,171.425121922398
"Middle East, North Africa, Afghanistan & Pakistan",MEA,1975,1013.13262030814
Mexico,MEX,1975,1491.97048611111
Marshall Islands,MHL,1975,638.193048864418
Middle income,MIC,1975,386.595950953224
Mali,MLI,1975,121.497572665422
Malta,MLT,1975,1560.10519115107
Myanmar,MMR,1975,35.163291569876
"Middle East, North Africa, Afghanistan & Pakistan (excluding high income)",MNA,1975,642.068951433979
Mauritania,MRT,1975,550.66258324178
Mauritius,MUS,1975,754.833281472402
Malaysia,MYS,1975,810.570999701272
North America,NAC,1975,7775.52950366746
New Caledonia,NCL,1975,5940.93032547352
Niger,NER,1975,197.232873008404
Nigeria,NGA,1975,438.078813916795
Nicaragua,NIC,1975,561.459695350208
Netherlands,NLD,1975,7346.3047476862
Norway,NOR,1975,8204.45151152979
Nepal,NPL,1975,113.605645172746
Nauru,NRU,1975,5740.19978696317
New Zealand,NZL,1975,4171.76973967475
OECD members,OED,1975,4834.40243101262
Oman,OMN,1975,2691.99653514052
Other small states,OSS,1975,1109.83809300147
Pakistan,PAK,1975,161.681774899518
Panama,PAN,1975,1405.74899748267
Peru,PER,1975,1104.16133001287
Philippines,PHL,1975,400.638883090952
Palau,PLW,1975,1463.541050968
Papua New Guinea,PNG,1975,481.950394020557
Pre-demographic dividend,PRE,1975,382.578437780366
Puerto Rico (US),PRI,1975,2738.24315297261
Portugal,PRT,1975,2127.6375072593
Paraguay,PRY,1975,561.522396286823
Pacific island small states,PSS,1975,872.139831893069
Post-demographic dividend,PST,1975,5197.31808411018
French Polynesia,PYF,1975,5149.93762191732
Qatar,QAT,1975,13013.6838099496
Rwanda,RWA,1975,124.109648019297
South Asia,SAS,1975,172.084670696833
Saudi Arabia,SAU,1975,10265.6414406471
Sudan,SDN,1975,269.652893066406
Senegal,SEN,1975,547.378148664851
Singapore,SGP,1975,2489.91157517591
Solomon Islands,SLB,1975,371.718806188648
Sierra Leone,SLE,1975,228.374681042069
El Salvador,SLV,1975,457.260871327372
"Somalia, Fed. Rep.",SOM,1975,177.806143412254
Sub-Saharan Africa (excluding high income),SSA,1975,482.654337914885
Sub-Saharan Africa,SSF,1975,451.044954629341
Small states,SST,1975,1210.54410634502
Sao Tome and Principe,STP,1975,693.150687886501
Suriname,SUR,1975,1190.01968453614
Sweden,SWE,1975,10102.6388909372
Eswatini,SWZ,1975,567.884816620216
Seychelles,SYC,1975,806.232644338165
Syrian Arab Republic,SYR,1975,903.713462066405
Chad,TCD,1975,207.476255156215
East Asia & Pacific (IDA & IBRD countries),TEA,1975,201.194079350329
Togo,TGO,1975,338.605700917386
Thailand,THA,1975,363.526350179478
Latin America & the Caribbean (IDA & IBRD countries),TLA,1975,1214.74981069201
"Middle East, North Africa, Afghanistan & Pakistan (IDA & IBRD)",TMN,1975,637.023415871345
Tonga,TON,1975,349.470975414391
South Asia (IDA & IBRD),TSA,1975,172.084670696833
Sub-Saharan Africa (IDA & IBRD countries),TSS,1975,451.044954629342
Trinidad and Tobago,TTO,1975,2318.69169815563
Tunisia,TUN,1975,741.35491566103
Turkiye,TUR,1975,1121.54326914976
Tuvalu,TUV,1975,656.326312583979
Tanzania,TZA,1975,364.969940185547
Uganda,UGA,1975,201.237292844799
Upper middle income,UMC,1975,500.306924849695
Uruguay,URY,1975,1231.85370953179
United States,USA,1975,7801.45666356443
St. Vincent and the Grenadines,VCT,1975,331.090937950783
"Venezuela, RB",VEN,1975,2078.1534203511
World,WLD,1975,1485.7304279419
Samoa,WSM,1975,609.670300459943
South Africa,ZAF,1975,1670.11816898954
Zambia,ZMB,1975,489.505018740558
Zimbabwe,ZWE,1975,717.130326238498
Africa Eastern and Southern,AFE,1976,468.774521811486
Africa Western and Central,AFW,1976,480.447260139767
Andorra,AND,1976,7721.28858646797
Arab World,ARB,1976,1458.24274468218
United Arab Emirates,ARE,1976,31196.9791785759
Argentina,ARG,1976,1946.91990388248
Australia,AUS,1976,7497.28175413577
Austria,AUT,1976,5656.1451383787
Burundi,BDI,1976,115.492131774523
Belgium,BEL,1976,7243.04734119583
Benin,BEN,1976,197.726361142541
Burkina Faso,BFA,1976,155.485422740659
Bangladesh,BGD,1976,126.693044204437
Bahrain,BHR,1976,5310.19132615533
"Bahamas, The",BHS,1976,2993.45923795227
Belize,BLZ,1976,729.488780751524
Bermuda,BMU,1976,7259.91355008457
Bolivia,BOL,1976,519.734821066353
Brazil,BRA,1976,1389.74952306555
Barbados,BRB,1976,1733.64540764741
Brunei Darussalam,BRN,1976,18671.3624129294
Bhutan,BTN,1976,233.721532349196
Botswana,BWA,1976,490.469570533565
Central African Republic,CAF,1976,192.09699080748
Canada,CAN,1976,8838.94710677652
Switzerland,CHE,1976,10864.971231108
Chile,CHL,1976,970.957314866348
China,CHN,1976,165.680987722637
Cote d'Ivoire,CIV,1976,660.538618229175
Cameroon,CMR,1976,381.429915266252
"Congo, Dem. Rep.",COD,1976,408.42239095403
"Congo, Rep.",COG,1976,452.578147155598
Colombia,COL,1976,643.007914496566
Costa Rica,CRI,1976,1123.28179124262
Caribbean small states,CSS,1976,1497.92274413475
Cuba,CUB,1976,1440.73046137146
Cyprus,CYP,1976,1157.41162109375
Germany,DEU,1976,6659.16546576017
Denmark,DNK,1976,8773.3396162771
Dominican Republic,DOM,1976,762.778347016951
Algeria,DZA,1976,1080.38620675609
East Asia & Pacific (excluding high income),EAP,1976,198.554467967616
Early-demographic dividend,EAR,1976,512.907760931776
East Asia & Pacific,EAS,1976,713.637986891867
Europe & Central Asia,ECS,1976,3116.99477203056
Ecuador,ECU,1976,1241.91098461141
"Egypt, Arab Rep.",EGY,1976,334.609918474469
Euro area,EMU,1976,5212.65412729294
Spain,ESP,1976,3276.97023260494
Ethiopia,ETH,1976,151.95618662171
European Union,EUU,1976,4432.18340481752
Fragile and conflict affected situations,FCS,1976,571.931709127015
Finland,FIN,1976,6740.29145314637
Fiji,FJI,1976,1186.16648457757
France,FRA,1976,6792.3099035538
Faroe Islands,FRO,1976,6593.6212932559
"Micronesia, Fed. Sts.",FSM,1976,677.970615070457
Gabon,GAB,1976,4441.09448586623
United Kingdom,GBR,1976,4138.16778761535
Ghana,GHA,1976,260.998295813107
Guinea,GIN,1976,1430.66435286764
"Gambia, The",GMB,1976,179.313963291107
Guinea-Bissau,GNB,1976,420.852937438178
Equatorial Guinea,GNQ,1976,368.831374253979
Greece,GRC,1976,3343.38819444676
Greenland,GRL,1976,4844.65629347485
Guatemala,GTM,1976,697.064609693019
Guyana,GUY,1976,604.105267775602
High income,HIC,1976,4975.48207279103
"Hong Kong SAR, China",HKG,1976,2850.0146101832
Honduras,HND,1976,482.416373927479
Heavily indebted poor countries (HIPC),HPC,1976,311.545793355116
Haiti,HTI,1976,169.091888071558
Hungary,HUN,1976,1248.79851313891
IBRD only,IBD,1976,522.422637531815
IDA & IBRD total,IBT,1976,482.312611999859
IDA total,IDA,1976,295.962870485839
IDA blend,IDB,1976,380.02709800709
Indonesia,IDN,1976,275.713167824796
IDA only,IDX,1976,257.217254729527
India,IND,1976,164.119999587322
Ireland,IRL,1976,2919.58308695615
"Iran, Islamic Rep.",IRN,1976,1953.51969678549
Iraq,IRQ,1976,1488.54335200482
Iceland,ISL,1976,7848.3489698757
Israel,ISR,1976,4516.37405887818
Italy,ITA,1976,4042.39482463789
Jamaica,JAM,1976,1449.977882067
Jordan,JOR,1976,872.506019353732
Japan,JPN,1976,5310.43140904992
Kenya,KEN,1976,248.935108198575
Cambodia,KHM,1976,128.827777341533
Kiribati,KIR,1976,548.075641711172
St. Kitts and Nevis,KNA,1976,692.139328790191
"Korea, Rep.",KOR,1976,847.205737881176
Kuwait,KWT,1976,11141.1981409668
Latin America & Caribbean (excluding high income),LAC,1976,1271.35414126981
Liberia,LBR,1976,347.498456664298
Libya,LBY,1976,7017.74340734557
Latin America & Caribbean,LCN,1976,1328.45565670275
Least developed countries: UN classification,LDC,1976,235.962185479491
Low income,LIC,1976,297.885409727264
Liechtenstein,LIE,1976,11326.3488431219
Sri Lanka,LKA,1976,260.301495010261
Lower middle income,LMC,1976,237.941973092627
Low & middle income,LMY,1976,400.027990834519
Lesotho,LSO,1976,117.825077692245
Late-demographic dividend,LTE,1976,533.512441527364
Luxembourg,LUX,1976,9490.6903118849
Morocco,MAR,1976,543.368469238281
Monaco,MCO,1976,28396.3794040315
Madagascar,MDG,1976,273.522678185535
Maldives,MDV,1976,151.835059178195
"Middle East, North Africa, Afghanistan & Pakistan",MEA,1976,1220.75859998216
Mexico,MEX,1976,1465.49877862474
Marshall Islands,MHL,1976,671.834758151068
Middle income,MIC,1976,407.607453059609
Mali,MLI,1976,134.927575165475
Malta,MLT,1976,1726.55944845303
Myanmar,MMR,1976,39.1660083715823
"Middle East, North Africa, Afghanistan & Pakistan (excluding high income)",MNA,1976,768.946324268176
Mauritania,MRT,1976,589.237667658903
Mauritius,MUS,1976,787.098225962589
Malaysia,MYS,1976,940.437734141673
North America,NAC,1976,8615.91036395796
New Caledonia,NCL,1976,5618.32573273327
Niger,NER,1976,194.789570593583
Nigeria,NGA,1976,556.389687719878
Nicaragua,NIC,1976,632.573778388006
Netherlands,NLD,1976,7937.35246713998
Norway,NOR,1976,8927.20162734477
Nepal,NPL,1976,102.470373251774
Nauru,NRU,1976,5703.20317140765
New Zealand,NZL,1976,4373.84099791231
OECD members,OED,1976,5188.50863424851
Oman,OMN,1976,3142.52717836645
Other small states,OSS,1976,1266.59792646945
Pakistan,PAK,1976,183.859733422347
Panama,PAN,1976,1456.50009707727
Peru,PER,1976,1026.41438542928
Philippines,PHL,1976,448.620084504484
Palau,PLW,1976,1616.48039371329
Papua New Guinea,PNG,1976,525.433235600649
Pre-demographic dividend,PRE,1976,434.720610576905
Puerto Rico (US),PRI,1976,2946.46195251152
Portugal,PRT,1976,2173.28393425975
Paraguay,PRY,1976,615.825049934218
Pacific island small states,PSS,1976,854.424460640589
Post-demographic dividend,PST,1976,5598.93227088066
French Polynesia,PYF,1976,5302.06138605756
Qatar,QAT,1976,15710.3208135683
Rwanda,RWA,1976,134.378431212254
South Asia,SAS,1976,160.699674402499
Saudi Arabia,SAU,1976,13312.5119926546
Sudan,SDN,1976,325.185607910156
Senegal,SEN,1976,540.594007051938
Singapore,SGP,1976,2758.94038028476
Solomon Islands,SLB,1976,401.077416855387
Sierra Leone,SLE,1976,196.411784759207
El Salvador,SLV,1976,552.994933864727
"Somalia, Fed. Rep.",SOM,1976,199.583547142014
Sub-Saharan Africa (excluding high income),SSA,1976,507.496605255139
Sub-Saharan Africa,SSF,1976,474.37449880929
Small states,SST,1976,1303.64327803315
Sao Tome and Principe,STP,1976,585.225491976985
Suriname,SUR,1976,1301.86536317022
Sweden,SWE,1976,10852.5192441428
Eswatini,SWZ,1976,520.799625738095
Seychelles,SYC,1976,814.47477447888
Syrian Arab Republic,SYR,1976,976.48924016597
Chad,TCD,1976,203.713116730324
East Asia & Pacific (IDA & IBRD countries),TEA,1976,201.071871936437
Togo,TGO,1976,331.595624501807
Thailand,THA,1976,405.408734060752
Latin America & the Caribbean (IDA & IBRD countries),TLA,1976,1302.9384934649
"Middle East, North Africa, Afghanistan & Pakistan (IDA & IBRD)",TMN,1976,762.903755138821
Tonga,TON,1976,315.094854046623
South Asia (IDA & IBRD),TSA,1976,160.699674402499
Sub-Saharan Africa (IDA & IBRD countries),TSS,1976,474.37449880929
Trinidad and Tobago,TTO,1976,2344.93028321949
Tunisia,TUN,1976,751.741946408618
Turkiye,TUR,1976,1227.92409658199
Tuvalu,TUV,1976,611.972553080204
Tanzania,TZA,1976,397.542755126953
Uganda,UGA,1976,203.309813650809
Upper middle income,UMC,1976,532.040164342313
Uruguay,URY,1976,1268.30303240921
United States,USA,1976,8592.25353727612
St. Vincent and the Grenadines,VCT,1976,324.049573435426
"Venezuela, RB",VEN,1976,2309.19293494983
World,WLD,1976,1586.20808865228
Samoa,WSM,1976,541.03147223181
South Africa,ZAF,1976,1558.99824733487
Zambia,ZMB,1976,533.231631721853
Zimbabwe,ZWE,1976,687.212457369771
Africa Eastern and Southern,AFE,1977,518.358684720575
Africa Western and Central,AFW,1977,490.839576834053
Andorra,AND,1977,8167.92286159334
Arab World,ARB,1977,1630.47022408811
United Arab Emirates,ARE,1977,35020.3604355962
Argentina,ARG,1977,2126.48546048047
Antigua and Barbuda,ATG,1977,1213.67021714646
Australia,AUS,1977,7786.4080406928
Austria,AUT,1977,6783.95142193665
Burundi,BDI,1977,137.448044387076
Belgium,BEL,1977,8426.94695947372
Benin,BEN,1977,207.012962247396
Burkina Faso,BFA,1977,175.963864454284
Bangladesh,BGD,1977,117.887771379224
Bahrain,BHR,1977,6358.42084195442
"Bahamas, The",BHS,1977,3253.37543404956
Belize,BLZ,1977,865.792901454885
Bermuda,BMU,1977,8383.03139417126
Bolivia,BOL,1977,599.9882290041
Brazil,BRA,1977,1562.29143045708
Barbados,BRB,1977,1967.59344395667
Brunei Darussalam,BRN,1977,21746.8559126458
Bhutan,BTN,1977,249.935358333789
Botswana,BWA,1977,564.831748249189
Central African Republic,CAF,1977,213.785550996675
Canada,CAN,1977,8949.10989272982
Switzerland,CHE,1977,11643.6467397732
Chile,CHL,1977,1296.86854720323
China,CHN,1977,185.728620718294
Cote d'Ivoire,CIV,1977,855.655691363342
Cameroon,CMR,1977,435.408656274786
"Congo, Dem. Rep.",COD,1977,509.488368681423
"Congo, Rep.",COG,1977,448.136782421875
Colombia,COL,1977,798.203021638873
Costa Rica,CRI,1977,1393.37513762224
Caribbean small states,CSS,1977,1786.9463308162
Cuba,CUB,1977,1472.37881716617
Cyprus,CYP,1977,1476.24755859375
Germany,DEU,1977,7711.10232025365
Dominica,DMA,1977,633.551741670682
Denmark,DNK,1977,9769.57864283968
Dominican Republic,DOM,1977,862.976049221109
Algeria,DZA,1977,1232.49418664321
East Asia & Pacific (excluding high income),EAP,1977,225.243013756806
Early-demographic dividend,EAR,1977,559.650363228133
East Asia & Pacific,EAS,1977,837.48490815821
Europe & Central Asia,ECS,1977,3501.39780781125
Ecuador,ECU,1977,1464.94058354719
"Egypt, Arab Rep.",EGY,1977,353.403833676533
Euro area,EMU,1977,5907.56870876833
Spain,ESP,1977,3624.99940255962
Ethiopia,ETH,1977,170.40414371556
European Union,EUU,1977,4996.99888643709
Fragile and conflict affected situations,FCS,1977,616.895812231002
Finland,FIN,1977,7069.73565139858
Fiji,FJI,1977,1203.57267969162
France,FRA,1977,7458.76424117602
Faroe Islands,FRO,1977,8387.1492388171
"Micronesia, Fed. Sts.",FSM,1977,668.601472729072
Gabon,GAB,1977,4048.1467428949
United Kingdom,GBR,1977,4681.43993173038
Ghana,GHA,1977,292.28979809499
Guinea,GIN,1977,1440.15766515101
"Gambia, The",GMB,1977,213.842543162023
Guinea-Bissau,GNB,1977,402.906587803326
Equatorial Guinea,GNQ,1977,375.705960625002
Greece,GRC,1977,3832.32110004611
Grenada,GRD,1977,736.927499151542
Greenland,GRL,1977,5713.96253360554
Guatemala,GTM,1977,856.125495292911
Guyana,GUY,1977,592.99759837818
High income,HIC,1977,5587.75422364676
"Hong Kong SAR, China",HKG,1977,3429.42027607254
Honduras,HND,1977,559.250644740346
Heavily indebted poor countries (HIPC),HPC,1977,351.516809204035
Haiti,HTI,1977,178.696912675895
Hungary,HUN,1977,1388.39509904029
IBRD only,IBD,1977,581.017490706465
IDA & IBRD total,IBT,1977,532.885932538139
IDA total,IDA,1977,314.109242401733
IDA blend,IDB,1977,396.757447467945
Indonesia,IDN,1977,330.670214101079
IDA only,IDX,1977,276.143782985688
India,IND,1977,189.585568552477
Ireland,IRL,1977,3427.0734359204
"Iran, Islamic Rep.",IRN,1977,2243.05559538309
Iraq,IRQ,1977,1608.79545129648
Iceland,ISL,1977,10305.3113349502
Israel,ISR,1977,5053.17295993573
Italy,ITA,1977,4614.21004931651
Jamaica,JAM,1977,1569.42127051131
Jordan,JOR,1977,1038.52230070493
Japan,JPN,1977,6472.7877874079
Kenya,KEN,1977,311.48625291648
Cambodia,KHM,1977,126.357117453489
Kiribati,KIR,1977,519.943894734849
St. Kitts and Nevis,KNA,1977,1026.25343180719
"Korea, Rep.",KOR,1977,1072.85188247153
Kuwait,KWT,1977,11237.7967179507
Latin America & Caribbean (excluding high income),LAC,1977,1346.82754695593
Liberia,LBR,1977,381.089104930355
Libya,LBY,1977,7783.46009141417
Latin America & Caribbean,LCN,1977,1426.2106219647
Least developed countries: UN classification,LDC,1977,253.656354942367
Low income,LIC,1977,336.067669138536
Liechtenstein,LIE,1977,12416.8693020523
Sri Lanka,LKA,1977,292.148992496788
Lower middle income,LMC,1977,260.814054703214
Low & middle income,LMY,1977,439.846301691426
Lesotho,LSO,1977,149.860460251124
Late-demographic dividend,LTE,1977,609.815110864477
Luxembourg,LUX,1977,10486.3357891095
Morocco,MAR,1977,610.750366210938
Monaco,MCO,1977,30875.4764291964
Madagascar,MDG,1977,286.89632096228
Maldives,MDV,1977,137.259189834243
"Middle East, North Africa, Afghanistan & Pakistan",MEA,1977,1373.88100465532
Mexico,MEX,1977,1314.62044481645
Marshall Islands,MHL,1977,724.219486848706
Middle income,MIC,1977,447.840571894009
Mali,MLI,1977,148.052694572807
Malta,MLT,1977,2037.8641908695
Myanmar,MMR,1977,27.8600867193791
"Middle East, North Africa, Afghanistan & Pakistan (excluding high income)",MNA,1977,862.38550472864
Mauritania,MRT,1977,590.226698413217
Mauritius,MUS,1977,905.949638747869
Malaysia,MYS,1977,1091.70837095855
North America,NAC,1977,9403.39083487762
New Caledonia,NCL,1977,5792.71036838794
Niger,NER,1977,229.808417625006
Nigeria,NGA,1977,535.965307817329
Nicaragua,NIC,1977,744.185320440322
Netherlands,NLD,1977,9180.29918461772
Norway,NOR,1977,10266.1206718698
Nepal,NPL,1977,95.3433557426543
Nauru,NRU,1977,5646.3355809661
New Zealand,NZL,1977,4950.58820538927
OECD members,OED,1977,5796.51329896157
Oman,OMN,1977,3204.86972958061
Other small states,OSS,1977,1526.12975983573
Pakistan,PAK,1977,204.677762649367
Panama,PAN,1977,1503.26503409472
Peru,PER,1977,902.860901025509
Philippines,PHL,1977,502.23424288346
Palau,PLW,1977,1781.08614770459
Papua New Guinea,PNG,1977,558.015016249782
Pre-demographic dividend,PRE,1977,466.206407407095
Puerto Rico (US),PRI,1977,3208.77135614128
Portugal,PRT,1977,2267.37100319478
Paraguay,PRY,1977,739.83449409653
Pacific island small states,PSS,1977,879.523805566507
Post-demographic dividend,PST,1977,6284.05068306661
French Polynesia,PYF,1977,5573.60451054244
Qatar,QAT,1977,16057.7252719384
Rwanda,RWA,1977,152.744262359212
South Asia,SAS,1977,181.897614762572
Saudi Arabia,SAU,1977,14595.3739933329
Sudan,SDN,1977,392.399383544922
Senegal,SEN,1977,540.126849249781
Singapore,SGP,1977,2846.33598832854
Solomon Islands,SLB,1977,434.409813335233
Sierra Leone,SLE,1977,224.21335896988
El Salvador,SLV,1977,683.90258566335
"Somalia, Fed. Rep.",SOM,1977,111.183132355277
Sub-Saharan Africa (excluding high income),SSA,1977,541.141279228963
Sub-Saharan Africa,SSF,1977,506.974853644566
Small states,SST,1977,1544.66966710141
Sao Tome and Principe,STP,1977,538.961153996478
Suriname,SUR,1977,1665.94384873282
Sweden,SWE,1977,11432.0214920218
Eswatini,SWZ,1977,562.711578492044
Seychelles,SYC,1977,1044.35311338903
Syrian Arab Republic,SYR,1977,951.240398587355
Chad,TCD,1977,215.935450416974
East Asia & Pacific (IDA & IBRD countries),TEA,1977,228.08829233148
Togo,TGO,1977,406.342301359026
Thailand,THA,1977,461.659141640678
Latin America & the Caribbean (IDA & IBRD countries),TLA,1977,1400.74505217605
"Middle East, North Africa, Afghanistan & Pakistan (IDA & IBRD)",TMN,1977,855.608667563269
Tonga,TON,1977,352.953092694597
South Asia (IDA & IBRD),TSA,1977,181.897614762572
Sub-Saharan Africa (IDA & IBRD countries),TSS,1977,506.974853644567
Trinidad and Tobago,TTO,1977,2907.3734770717
Tunisia,TUN,1977,829.983963323177
Turkiye,TUR,1977,1371.96185651463
Tuvalu,TUV,1977,548.821356812662
Tanzania,TZA,1977,458.058349609375
Uganda,UGA,1977,237.584889064205
Upper middle income,UMC,1977,585.992448922881
Uruguay,URY,1977,1414.23789985403
United States,USA,1977,9452.57651914511
St. Vincent and the Grenadines,VCT,1977,483.859271677682
"Venezuela, RB",VEN,1977,2585.22051087846
World,WLD,1977,1762.06116583042
Samoa,WSM,1977,615.297809957995
South Africa,ZAF,1977,1671.46618837272
Zambia,ZMB,1977,474.362362443019
Zimbabwe,ZWE,1977,677.045095606361
Africa Eastern and Southern,AFE,1978,571.617317230818
Africa Western and Central,AFW,1978,523.781318335365
Andorra,AND,1978,9409.50851272793
Arab World,ARB,1978,1728.32273624459
United Arab Emirates,ARE,1978,29379.1277424991
Argentina,ARG,1978,3282.06304446289
Antigua and Barbuda,ATG,1978,1374.82027453607
Australia,AUS,1978,8264.43890373653
Austria,AUT,1978,8173.32926347245
Burundi,BDI,1978,148.823232512919
Belgium,BEL,1978,10289.7684173296
Benin,BEN,1978,249.802926180538
Burkina Faso,BFA,1978,223.879111971163
Bangladesh,BGD,1978,158.324255152285
Bahrain,BHR,1978,6925.98893207436
"Bahamas, The",BHS,1978,3720.04057901064
Belize,BLZ,1978,982.604370174389
Bermuda,BMU,1978,8904.94282345455
Bolivia,BOL,1978,682.801036523933
Brazil,BRA,1978,1732.50012204556
Barbados,BRB,1978,2197.89906243719
Brunei Darussalam,BRN,1978,23446.5341231193
Bhutan,BTN,1978,232.172369685589
Botswana,BWA,1978,695.219336897052
Central African Republic,CAF,1978,254.624087711594
Canada,CAN,1978,9154.43325277735
Switzerland,CHE,1978,16282.1932458492
Chile,CHL,1978,1465.45605636916
China,CHN,1978,156.655616850835
Cote d'Ivoire,CIV,1978,1039.11498268738
Cameroon,CMR,1978,581.989336032215
"Congo, Dem. Rep.",COD,1978,615.084195317772
"Congo, Rep.",COG,1978,502.704251443805
Colombia,COL,1978,932.392695058624
Costa Rica,CRI,1978,1555.83716115258
Caribbean small states,CSS,1978,2023.78593701824
Cuba,CUB,1978,1837.39107006762
Cyprus,CYP,1978,1929.39929199219
Germany,DEU,1978,9516.78283228907
Dominica,DMA,1978,785.575814800555
Denmark,DNK,1978,11817.6250875179
Dominican Republic,DOM,1978,868.397371769969
Algeria,DZA,1978,1505.94222127977
East Asia & Pacific (excluding high income),EAP,1978,215.184312618709
Early-demographic dividend,EAR,1978,623.757201750048
East Asia & Pacific,EAS,1978,1042.00800228179
Europe & Central Asia,ECS,1978,4262.6611027984
Ecuador,ECU,1978,1541.13760425322
"Egypt, Arab Rep.",EGY,1978,354.674246269687
Euro area,EMU,1978,7203.60562888095
Spain,ESP,1978,4353.3273744052
Ethiopia,ETH,1978,178.302480574913
European Union,EUU,1978,6057.75686822687
Fragile and conflict affected situations,FCS,1978,660.183026040108
Finland,FIN,1978,7629.49572475149
Fiji,FJI,1978,1354.81144050374
France,FRA,1978,9166.59011961391
Faroe Islands,FRO,1978,9479.43754490354
"Micronesia, Fed. Sts.",FSM,1978,737.510432416087
Gabon,GAB,1978,3359.57268123664
United Kingdom,GBR,1978,5976.93816899991
Ghana,GHA,1978,325.598476678233
Guinea,GIN,1978,1657.96393230706
"Gambia, The",GMB,1978,257.581042237291
Guinea-Bissau,GNB,1978,402.777525700936
Greece,GRC,1978,4629.33937671209
Grenada,GRD,1978,917.111118802723
Greenland,GRL,1978,7235.5169393433
Guatemala,GTM,1978,925.180026499901
Guyana,GUY,1978,663.208586084495
High income,HIC,1978,6654.57423930975
"Hong Kong SAR, China",HKG,1978,3923.9713784987
Honduras,HND,1978,682.834193371888
Heavily indebted poor countries (HIPC),HPC,1978,397.824622437476
Haiti,HTI,1978,180.321253919424
Hungary,HUN,1978,1617.87853402771
IBRD only,IBD,1978,630.581127138128
IDA & IBRD total,IBT,1978,579.188167052421
IDA total,IDA,1978,345.813028285718
IDA blend,IDB,1978,424.361812850224
Indonesia,IDN,1978,362.483779779007
IDA only,IDX,1978,310.397459330784
India,IND,1978,209.389063573463
Ireland,IRL,1978,4399.98680535092
"Iran, Islamic Rep.",IRN,1978,2100.77015324703
Iraq,IRQ,1978,1863.21761229727
Iceland,ISL,1978,11629.5158682259
Israel,ISR,1978,4797.09672278828
Italy,ITA,1978,5623.42917622719
Jamaica,JAM,1978,1262.40327239465
Jordan,JOR,1978,1248.90326044987
Japan,JPN,1978,9012.13603523182
Kenya,KEN,1978,355.141982232607
Cambodia,KHM,1978,147.101573366096
Kiribati,KIR,1978,610.783852582543
St. Kitts and Nevis,KNA,1978,1143.84000123408
"Korea, Rep.",KOR,1978,1428.88714989064
Kuwait,KWT,1978,11567.0653748784
Latin America & Caribbean (excluding high income),LAC,1978,1594.79688435988
Liberia,LBR,1978,394.468078319392
Libya,LBY,1978,7251.83754156259
Latin America & Caribbean,LCN,1978,1668.77654647872
Least developed countries: UN classification,LDC,1978,291.226021089849
Low income,LIC,1978,380.631076978014
Liechtenstein,LIE,1978,17456.9309487089
Sri Lanka,LKA,1978,190.996464636951
Lower middle income,LMC,1978,287.041554596414
Low & middle income,LMY,1978,478.322941952439
Lesotho,LSO,1978,200.845413521682
Late-demographic dividend,LTE,1978,625.390561313951
Luxembourg,LUX,1978,13034.3882079614
Morocco,MAR,1978,712.879638671875
Monaco,MCO,1978,37607.7886875432
Madagascar,MDG,1978,314.983241249429
Maldives,MDV,1978,156.053183880423
"Middle East, North Africa, Afghanistan & Pakistan",MEA,1978,1415.9747311151
Mexico,MEX,1978,1604.40920452482
Marshall Islands,MHL,1978,770.91776875282
Middle income,MIC,1978,486.395472627906
Mali,MLI,1978,169.123319071279
Malta,MLT,1978,2558.73455468428
Myanmar,MMR,1978,29.2562311044151
"Middle East, North Africa, Afghanistan & Pakistan (excluding high income)",MNA,1978,898.680264188785
Mauritania,MRT,1978,577.742777476832
Mauritius,MUS,1978,1102.34753691974
Malaysia,MYS,1978,1326.88769798353
North America,NAC,1978,10427.5235353317
New Caledonia,NCL,1978,5779.03633913119
Niger,NER,1978,306.828022482047
Nigeria,NGA,1978,526.895852928476
Nicaragua,NIC,1978,690.741261696299
Netherlands,NLD,1978,11195.8424872959
Norway,NOR,1978,11462.5945916053
Nepal,NPL,1978,108.099425052837
Nauru,NRU,1978,5721.31368927221
New Zealand,NZL,1978,5936.98526036423
OECD members,OED,1978,6911.98538256439
Oman,OMN,1978,3043.75121036129
Other small states,OSS,1978,1737.21605574619
Pakistan,PAK,1978,233.41799161409
Panama,PAN,1978,1738.48763684081
Peru,PER,1978,756.347306761911
Philippines,PHL,1978,565.267487053598
Palau,PLW,1978,1971.86615755627
Papua New Guinea,PNG,1978,648.490112781654
Pre-demographic dividend,PRE,1978,513.142065602647
Puerto Rico (US),PRI,1978,3567.7526290007
Portugal,PRT,1978,2457.31321644599
Paraguay,PRY,1978,882.931919341442
Pacific island small states,PSS,1978,986.17530347436
Post-demographic dividend,PST,1978,7518.53375451935
French Polynesia,PYF,1978,6848.95100426122
Qatar,QAT,1978,16757.0982461328
Rwanda,RWA,1978,179.876527812666
South Asia,SAS,1978,201.52609182316
Saudi Arabia,SAU,1978,14914.1542686138
Sudan,SDN,1978,410.072082519531
Senegal,SEN,1978,589.134045255614
Singapore,SGP,1978,3193.90565722355
Solomon Islands,SLB,1978,500.058223062566
Sierra Leone,SLE,1978,305.427800560744
El Salvador,SLV,1978,711.852264187957
"Somalia, Fed. Rep.",SOM,1978,117.255345126001
Sub-Saharan Africa (excluding high income),SSA,1978,588.866373097918
Sub-Saharan Africa,SSF,1978,551.471446603229
Small states,SST,1978,1751.15849591736
Sao Tome and Principe,STP,1978,586.866567172971
Suriname,SUR,1978,1927.90601359888
Sweden,SWE,1978,12602.2217238449
Eswatini,SWZ,1978,609.960650013647
Seychelles,SYC,1978,1376.5465132826
Syrian Arab Republic,SYR,1978,1107.78304477534
Chad,TCD,1978,252.511381682505
East Asia & Pacific (IDA & IBRD countries),TEA,1978,217.901256348868
Togo,TGO,1978,420.507009475158
Thailand,THA,1978,548.233113208345
Latin America & the Caribbean (IDA & IBRD countries),TLA,1978,1637.65497516772
"Middle East, North Africa, Afghanistan & Pakistan (IDA & IBRD)",TMN,1978,891.618213886749
Tonga,TON,1978,427.631287521076
South Asia (IDA & IBRD),TSA,1978,201.52609182316
Sub-Saharan Africa (IDA & IBRD countries),TSS,1978,551.471446603229
Trinidad and Tobago,TTO,1978,3258.0927567116
Tunisia,TUN,1978,945.964678061001
Turkiye,TUR,1978,1510.18531064944
Tuvalu,TUV,1978,546.037352781083
Tanzania,TZA,1978,529.603637695313
Uganda,UGA,1978,190.690145097606
Upper middle income,UMC,1978,634.678930260753
Uruguay,URY,1978,1678.30925622568
United States,USA,1978,10564.9482220275
St. Vincent and the Grenadines,VCT,1978,592.019182500428
"Venezuela, RB",VEN,1978,2727.13746585327
World,WLD,1978,2049.67972097619
Samoa,WSM,1978,670.633271871531
South Africa,ZAF,1978,1851.75191300848
Zambia,ZMB,1978,514.334878626644
Zimbabwe,ZWE,1978,665.358361846219
Africa Eastern and Southern,AFE,1979,634.448116130271
Africa Western and Central,AFW,1979,624.870706504666
Andorra,AND,1979,11996.4072860354
Arab World,ARB,1979,2251.65848258375
United Arab Emirates,ARE,1979,34238.2864453187
Argentina,ARG,1979,2511.97332905958
Antigua and Barbuda,ATG,1979,1705.14199048287
Australia,AUS,1979,9307.82127950011
Austria,AUT,1979,9755.4044562579
Burundi,BDI,1979,186.152273604962
Belgium,BEL,1979,11810.6158754725
Benin,BEN,1979,310.651387084352
Burkina Faso,BFA,1979,258.501729034845
Bangladesh,BGD,1979,181.130706703135
Bahrain,BHR,1979,7890.82982494874
"Bahamas, The",BHS,1979,4994.08535249529
Belize,BLZ,1979,1071.443696269
Bermuda,BMU,1979,9664.21884634789
Bolivia,BOL,1979,785.198889713429
Brazil,BRA,1979,1869.7133759549
Barbados,BRB,1979,2667.90751006045
Brunei Darussalam,BRN,1979,33501.2782714145
Bhutan,BTN,1979,251.378805345213
Botswana,BWA,1979,909.207133285411
Central African Republic,CAF,1979,289.118938225139
Canada,CAN,1979,10077.5026707269
Switzerland,CHE,1979,18265.5588649103
Chile,CHL,1979,1962.08185606537
China,CHN,1979,184.285853059043
Cote d'Ivoire,CIV,1979,1157.00139805383
Cameroon,CMR,1979,718.356902030319
"Congo, Dem. Rep.",COD,1979,582.089432219357
"Congo, Rep.",COG,1979,670.245223116511
Colombia,COL,1979,1095.0313839164
Costa Rica,CRI,1979,1734.59560248294
Caribbean small states,CSS,1979,2491.90112105547
Cuba,CUB,1979,2005.91326318373
Cyprus,CYP,1979,2559.22900390625
Germany,DEU,1979,11322.3543443813
Dominica,DMA,1979,754.091460805232
Denmark,DNK,1979,13757.2343740839
Dominican Republic,DOM,1979,983.739706495351
Algeria,DZA,1979,1843.11929565984
East Asia & Pacific (excluding high income),EAP,1979,245.267886708048
Early-demographic dividend,EAR,1979,716.299464233645
East Asia & Pacific,EAS,1979,1114.65161511771
Europe & Central Asia,ECS,1979,5162.40736139079
Ecuador,ECU,1979,1783.29280581578
"Egypt, Arab Rep.",EGY,1979,420.85821686233
Euro area,EMU,1979,8690.83859337917
Spain,ESP,1979,5766.09296672485
Ethiopia,ETH,1979,192.357117273999
European Union,EUU,1979,7288.83936422884
Fragile and conflict affected situations,FCS,1979,811.670500011326
Finland,FIN,1979,9333.07695567452
Fiji,FJI,1979,1626.66019023926
France,FRA,1979,11062.5731730373
Faroe Islands,FRO,1979,10549.3401533022
"Micronesia, Fed. Sts.",FSM,1979,803.032190156421
Gabon,GAB,1979,4154.58594015093
United Kingdom,GBR,1979,7804.76208051155
Ghana,GHA,1979,346.653403777697
Guinea,GIN,1979,1789.99554924567
"Gambia, The",GMB,1979,300.258528034397
Guinea-Bissau,GNB,1979,375.845330171625
Greece,GRC,1979,5626.58879087082
Grenada,GRD,1979,1070.73371266334
Greenland,GRL,1979,8480.76253105822
Guatemala,GTM,1979,1025.98223460072
Guyana,GUY,1979,688.827652838343
High income,HIC,1979,7628.83619389771
"Hong Kong SAR, China",HKG,1979,4569.4838495588
Honduras,HND,1979,768.717733232899
Heavily indebted poor countries (HIPC),HPC,1979,424.769593090895
Haiti,HTI,1979,196.20196855612
Hungary,HUN,1979,1864.67188851588
IBRD only,IBD,1979,723.252754208696
IDA & IBRD total,IBT,1979,661.455350587043
IDA total,IDA,1979,385.400264481372
IDA blend,IDB,1979,501.251164783132
Indonesia,IDN,1979,353.424175826329
IDA only,IDX,1979,330.192463077437
India,IND,1979,227.958179873426
Ireland,IRL,1979,5429.96200087479
"Iran, Islamic Rep.",IRN,1979,2352.42655152643
Iraq,IRQ,1979,2871.32952195974
Iceland,ISL,1979,13082.4948327554
Israel,ISR,1979,5971.93371892207
Italy,ITA,1979,7006.39699054556
Jamaica,JAM,1979,1144.17562986584
Jordan,JOR,1979,1518.82451343828
Japan,JPN,1979,9301.14831026293
Kenya,KEN,1979,403.242079834358
Cambodia,KHM,1979,142.221617062037
Kiribati,KIR,1979,572.794606018137
St. Kitts and Nevis,KNA,1979,1367.339965625
"Korea, Rep.",KOR,1979,1813.9142168105
Kuwait,KWT,1979,17385.8942886966
Latin America & Caribbean (excluding high income),LAC,1979,1714.15629635029
Liberia,LBR,1979,434.69976445937
Libya,LBY,1979,9442.75933267842
Latin America & Caribbean,LCN,1979,1830.95352044635
Least developed countries: UN classification,LDC,1979,310.956581625425
Low income,LIC,1979,390.935446971681
Liechtenstein,LIE,1979,19674.4126839447
Sri Lanka,LKA,1979,230.775069370251
Lower middle income,LMC,1979,324.629239764227
Low & middle income,LMY,1979,543.012711568149
Lesotho,LSO,1979,212.370938385373
Late-demographic dividend,LTE,1979,733.857770128637
Luxembourg,LUX,1979,15204.3308191994
Morocco,MAR,1979,834.812133789063
Monaco,MCO,1979,44989.9653239249
Madagascar,MDG,1979,396.398711932997
Maldives,MDV,1979,240.230509391253
"Middle East, North Africa, Afghanistan & Pakistan",MEA,1979,1785.00658364678
Mexico,MEX,1979,2049.26468871816
Marshall Islands,MHL,1979,859.013585311722
Middle income,MIC,1979,554.272572005284
Mali,MLI,1979,216.320734146311
Malta,MLT,1979,3195.51431611516
Myanmar,MMR,1979,29.2136757858848
"Middle East, North Africa, Afghanistan & Pakistan (excluding high income)",MNA,1979,1084.26572041917
Mauritania,MRT,1979,664.383619042778
Mauritius,MUS,1979,1292.2014302482
Malaysia,MYS,1979,1679.87779419937
North America,NAC,1979,11518.7542483322
New Caledonia,NCL,1979,7069.54421444295
Niger,NER,1979,354.169730869649
Nigeria,NGA,1979,660.994040864293
Nicaragua,NIC,1979,495.366597419221
Netherlands,NLD,1979,12817.3790153401
Norway,NOR,1979,13046.5372210653
Nepal,NPL,1979,121.86820974915
Nauru,NRU,1979,5949.5621623368
New Zealand,NZL,1979,6668.1386662247
OECD members,OED,1979,7904.73805822461
Oman,OMN,1979,3933.50510857105
Other small states,OSS,1979,2242.72935981237
Pakistan,PAK,1979,249.229389957057
Panama,PAN,1979,1937.98107506361
Peru,PER,1979,942.176901705359
Philippines,PHL,1979,666.956386771672
Palau,PLW,1979,2188.88311583043
Papua New Guinea,PNG,1979,747.800949082904
Pre-demographic dividend,PRE,1979,613.967097677942
Puerto Rico (US),PRI,1979,4024.50942019287
Portugal,PRT,1979,2755.6246177008
Paraguay,PRY,1979,1148.89527317637
Pacific island small states,PSS,1979,1162.2101205448
Post-demographic dividend,PST,1979,8578.25921246045
French Polynesia,PYF,1979,8016.36524403648
Qatar,QAT,1979,21776.6381753833
Rwanda,RWA,1979,213.765751335745
South Asia,SAS,1979,220.868328829727
Saudi Arabia,SAU,1979,19611.565126033
Sudan,SDN,1979,408.899627685547
Senegal,SEN,1979,716.281436518959
Singapore,SGP,1979,3900.53355310873
Solomon Islands,SLB,1979,657.858329669684
Sierra Leone,SLE,1979,345.86913707629
El Salvador,SLV,1979,773.066953129952
"Somalia, Fed. Rep.",SOM,1979,108.194947756464
Sub-Saharan Africa (excluding high income),SSA,1979,674.141635658371
Sub-Saharan Africa,SSF,1979,630.91316426834
Small states,SST,1979,2205.76399030155
Sao Tome and Principe,STP,1979,683.1642785186
Suriname,SUR,1979,2072.28775271317
Sweden,SWE,1979,14855.5957561141
Eswatini,SWZ,1979,713.953305118319
Seychelles,SYC,1979,2030.13590313409
Syrian Arab Republic,SYR,1979,1146.36179260974
Chad,TCD,1979,222.914738532944
East Asia & Pacific (IDA & IBRD countries),TEA,1979,248.354130559149
Togo,TGO,1979,443.461428487243
Thailand,THA,1979,612.08876018577
Latin America & the Caribbean (IDA & IBRD countries),TLA,1979,1795.7362545953
"Middle East, North Africa, Afghanistan & Pakistan (IDA & IBRD)",TMN,1979,1075.7452940078
Tonga,TON,1979,457.916448085709
South Asia (IDA & IBRD),TSA,1979,220.868328829727
Sub-Saharan Africa (IDA & IBRD countries),TSS,1979,630.913164268341
Trinidad and Tobago,TTO,1979,4155.1594201721
Tunisia,TUN,1979,1113.44445018775
Turkiye,TUR,1979,2013.37374286503
Tuvalu,TUV,1979,565.932549315669
Tanzania,TZA,1979,542.11474609375
Uganda,UGA,1979,164.513012181127
Upper middle income,UMC,1979,726.417259423815
Uruguay,URY,1979,2442.65957894266
United States,USA,1979,11674.1818666548
St. Vincent and the Grenadines,VCT,1979,687.067392389007
"Venezuela, RB",VEN,1979,3256.64908738452
Vanuatu,VUT,1979,1055.01446687478
World,WLD,1979,2329.20448022386
Samoa,WSM,1979,750.588726090539
South Africa,ZAF,1979,2201.51922339868
Zambia,ZMB,1979,595.455849101956
Zimbabwe,ZWE,1979,779.249232367068
Africa Eastern and Southern,AFE,1980,773.301205346988
Africa Western and Central,AFW,1980,763.011987564749
Angola,AGO,1980,729.111965489822
Albania,ALB,1980,590.607738430529
Andorra,AND,1980,12474.9252919904
Arab World,ARB,1980,2954.24923103987
United Arab Emirates,ARE,1980,42925.2338784407
Argentina,ARG,1980,2747.5022751674
Antigua and Barbuda,ATG,1980,2053.10327921275
Australia,AUS,1980,10223.2886675105
Austria,AUT,1980,10826.9718274995
Burundi,BDI,1980,209.805736668168
Belgium,BEL,1980,12864.0025661396
Benin,BEN,1980,358.003054209903
Burkina Faso,BFA,1980,277.597531370181
Bangladesh,BGD,1980,206.075714312155
Bulgaria,BGR,1980,2238.80295786574
Bahrain,BHR,1980,9732.72587186027
"Bahamas, The",BHS,1980,5742.58362505698
Belize,BLZ,1980,1774.4136989701
Bermuda,BMU,1980,11426.6012333948
Bolivia,BOL,1980,787.907344889279
Brazil,BRA,1980,1958.57159232662
Barbados,BRB,1980,4024.58856621204
Brunei Darussalam,BRN,1980,58005.3424763282
Bhutan,BTN,1980,296.880510831581
Botswana,BWA,1980,1131.63379014463
Central African Republic,CAF,1980,325.254770299088
Canada,CAN,1980,11208.2027394178
Switzerland,CHE,1980,19393.8805480097
Chile,CHL,1980,2570.84311890682
China,CHN,1980,195.149479992051
Cote d'Ivoire,CIV,1980,1237.80216768229
Cameroon,CMR,1980,784.116227118122
"Congo, Dem. Rep.",COD,1980,538.911839414196
"Congo, Rep.",COG,1980,932.646715470458
Colombia,COL,1980,1279.50116658241
Comoros,COM,1980,720.685109658453
Cabo Verde,CPV,1980,439.982602420059
Costa Rica,CRI,1980,2020.99067534283
Caribbean small states,CSS,1980,3199.78302389516
Cuba,CUB,1980,2030.93362280165
Cyprus,CYP,1980,4232.02294921875
Germany,DEU,1980,12182.7800196802
Dominica,DMA,1980,996.191362332325
Denmark,DNK,1980,13822.1578405912
Dominican Republic,DOM,1980,1180.18089253045
Algeria,DZA,1980,2275.77971158899
East Asia & Pacific (excluding high income),EAP,1980,278.675551801578
Early-demographic dividend,EAR,1980,868.426587879801
East Asia & Pacific,EAS,1980,1188.17847086814
Europe & Central Asia,ECS,1980,5795.1682033759
Ecuador,ECU,1980,2189.78417657382
"Egypt, Arab Rep.",EGY,1980,493.053573271061
Euro area,EMU,1980,9689.63756123281
Spain,ESP,1980,6204.14321544225
Ethiopia,ETH,1980,203.685394440965
European Union,EUU,1980,8116.44667188749
Fragile and conflict affected situations,FCS,1980,1006.6237487225
Finland,FIN,1980,11224.9380036353
Fiji,FJI,1980,1873.31097972432
France,FRA,1980,12565.1639377144
Faroe Islands,FRO,1980,11446.2829681746
"Micronesia, Fed. Sts.",FSM,1980,829.209813066002
Gabon,GAB,1980,5718.46719052717
United Kingdom,GBR,1980,10032.062080015
Ghana,GHA,1980,372.252026367961
Guinea,GIN,1980,1930.99184257949
"Gambia, The",GMB,1980,337.692534389517
Guinea-Bissau,GNB,1980,346.855441567554
Equatorial Guinea,GNQ,1980,175.451008071362
Greece,GRC,1980,5811.69069600941
Grenada,GRD,1980,1173.07809597238
Greenland,GRL,1980,9483.10240585198
Guatemala,GTM,1980,1141.80549814991
Guyana,GUY,1980,778.958814102357
High income,HIC,1980,8449.56205648535
"Hong Kong SAR, China",HKG,1980,5700.43210891578
Honduras,HND,1980,854.374079228412
Heavily indebted poor countries (HIPC),HPC,1980,459.208823363419
Haiti,HTI,1980,246.46927157982
Hungary,HUN,1980,2158.22181355246
IBRD only,IBD,1980,843.038548538932
IDA & IBRD total,IBT,1980,770.16223875312
IDA total,IDA,1980,447.22811393584
IDA blend,IDB,1980,612.367671988237
Indonesia,IDN,1980,486.620172021155
IDA only,IDX,1980,365.210513546295
India,IND,1980,271.080945953678
Ireland,IRL,1980,6372.43777545453
"Iran, Islamic Rep.",IRN,1980,2368.39285730478
Iraq,IRQ,1980,3867.64500744262
Iceland,ISL,1980,15339.9112964156
Israel,ISR,1980,6548.54473377969
Italy,ITA,1980,8476.41045000836
Jamaica,JAM,1980,1248.74484727418
Jordan,JOR,1980,1750.09801076564
Japan,JPN,1980,9668.74626395709
Kenya,KEN,1980,453.558973444809
Cambodia,KHM,1980,143.154317973128
Kiribati,KIR,1980,542.253599617514
St. Kitts and Nevis,KNA,1980,1597.6489908812
"Korea, Rep.",KOR,1980,1745.57662116658
Kuwait,KWT,1980,19031.9051902
Latin America & Caribbean (excluding high income),LAC,1980,2025.55638792036
Liberia,LBR,1980,443.027171656595
Libya,LBY,1980,11959.5222690783
St. Lucia,LCA,1980,1428.20328921427
Latin America & Caribbean,LCN,1980,2177.7288647345
Least developed countries: UN classification,LDC,1980,336.74635755618
Low income,LIC,1980,427.388162349425
Liechtenstein,LIE,1980,20958.7395302666
Sri Lanka,LKA,1980,271.055290073685
Lower middle income,LMC,1980,385.789184687462
Low & middle income,LMY,1980,628.26586744689
Lesotho,LSO,1980,306.815565970065
Late-demographic dividend,LTE,1980,829.860357403746
Luxembourg,LUX,1980,16531.1148988397
Morocco,MAR,1980,1109.88220214844
Monaco,MCO,1980,50813.9342272643
Madagascar,MDG,1980,577.592700958515
Maldives,MDV,1980,257.612619643525
"Middle East, North Africa, Afghanistan & Pakistan",MEA,1980,2223.90274787428
Mexico,MEX,1980,3054.62162291784
Marshall Islands,MHL,1980,867.961688438292
Middle income,MIC,1980,642.569231783784
Mali,MLI,1980,359.12056332085
Malta,MLT,1980,3948.26572689504
Myanmar,MMR,1980,31.2462392881093
"Middle East, North Africa, Afghanistan & Pakistan (excluding high income)",MNA,1980,1276.99663113903
Mongolia,MNG,1980,1235.14422497627
Mauritania,MRT,1980,710.918952530534
Mauritius,MUS,1980,1187.35157080412
Malawi,MWI,1980,287.470822426729
Malaysia,MYS,1980,1886.12339323875
North America,NAC,1980,12441.4904083867
Namibia,NAM,1980,2467.80765504439
New Caledonia,NCL,1980,7892.72212911846
Niger,NER,1980,408.822779755471
Nigeria,NGA,1980,870.359934682057
Nicaragua,NIC,1980,659.297143121648
Netherlands,NLD,1980,13812.1600098191
Norway,NOR,1980,15772.2409073814
Nepal,NPL,1980,125.114347478097
Nauru,NRU,1980,6137.68129611495
New Zealand,NZL,1980,7467.16803773805
OECD members,OED,1980,8697.79852547106
Oman,OMN,1980,5974.30434611467
Other small states,OSS,1980,3286.78459445228
Pakistan,PAK,1980,287.448707270022
Panama,PAN,1980,2357.09131999751
Peru,PER,1980,1044.69165468575
Philippines,PHL,1980,766.969451146209
Palau,PLW,1980,2422.62684377801
Papua New Guinea,PNG,1980,812.964617578981
Pre-demographic dividend,PRE,1980,737.592382448643
Puerto Rico (US),PRI,1980,4502.8384279476
Portugal,PRT,1980,3368.36666940279
Paraguay,PRY,1980,1456.84406918803
Pacific island small states,PSS,1980,1299.84947305632
Post-demographic dividend,PST,1980,9428.38816453979
French Polynesia,PYF,1980,8438.72682447341
Qatar,QAT,1980,28375.4852501113
Rwanda,RWA,1980,234.392851442674
South Asia,SAS,1980,261.180795941491
Saudi Arabia,SAU,1980,27205.6452285141
Sudan,SDN,1980,418.348785400391
Senegal,SEN,1980,771.533969550579
Singapore,SGP,1980,4928.13911785754
Solomon Islands,SLB,1980,767.850616345384
Sierra Leone,SLE,1980,336.386279506102
El Salvador,SLV,1980,787.149605473724
"Somalia, Fed. Rep.",SOM,1980,101.499312257078
Sub-Saharan Africa (excluding high income),SSA,1980,824.148876981371
Sub-Saharan Africa,SSF,1980,769.565371849649
Small states,SST,1980,3032.74092442574
Sao Tome and Principe,STP,1980,828.688007722406
Suriname,SUR,1980,2117.87083385503
Sweden,SWE,1980,17073.0446711494
Eswatini,SWZ,1980,908.375601827987
Seychelles,SYC,1980,2478.36470343969
Syrian Arab Republic,SYR,1980,1458.23976434095
Chad,TCD,1980,228.770491876017
East Asia & Pacific (IDA & IBRD countries),TEA,1980,282.172716876686
Togo,TGO,1980,549.433466591605
Thailand,THA,1980,708.729450091584
Latin America & the Caribbean (IDA & IBRD countries),TLA,1980,2149.04242467187
"Middle East, North Africa, Afghanistan & Pakistan (IDA & IBRD)",TMN,1980,1266.96167788146
Tonga,TON,1980,544.754241437563
South Asia (IDA & IBRD),TSA,1980,261.180795941491
Sub-Saharan Africa (IDA & IBRD countries),TSS,1980,769.565371849649
Trinidad and Tobago,TTO,1980,5559.05209507101
Tunisia,TUN,1980,1323.62643763339
Turkiye,TUR,1980,1515.64589850068
Tuvalu,TUV,1980,571.0192959143
Tanzania,TZA,1980,611.211791992188
Uganda,UGA,1980,93.7506991135184
Upper middle income,UMC,1980,836.735431868119
Uruguay,URY,1980,3442.81230620351
United States,USA,1980,12574.7915062163
St. Vincent and the Grenadines,VCT,1980,790.115816929074
"Venezuela, RB",VEN,1980,3874.40470623155
Vanuatu,VUT,1980,1047.77362587983
World,WLD,1980,2580.84574495937
Samoa,WSM,1980,765.24773288828
South Africa,ZAF,1980,3028.97447561832
Zambia,ZMB,1980,669.419722015371
Zimbabwe,ZWE,1980,949.011610530352
Africa Eastern and Southern,AFE,1981,777.627959568645
Africa Western and Central,AFW,1981,1328.79368820509
Angola,AGO,1981,657.982648547398
Albania,ALB,1981,663.2942082544
Andorra,AND,1981,10465.2604643624
Arab World,ARB,1981,2911.11299721778
United Arab Emirates,ARE,1981,44854.4800315615
Argentina,ARG,1981,2764.08641421079
Antigua and Barbuda,ATG,1981,2310.19699820442
Australia,AUS,1981,11870.8633077339
Austria,AUT,1981,9348.48832395232
Burundi,BDI,1981,212.23033189707
Belgium,BEL,1981,10622.8024830789
Benin,BEN,1981,319.718185970269
Burkina Faso,BFA,1981,248.707973908892
Bangladesh,BGD,1981,224.241392391192
Bulgaria,BGR,1981,2234.81481573125
Bahrain,BHR,1981,10556.5091718735
"Bahamas, The",BHS,1981,6028.80641044063
Belize,BLZ,1981,1752.51703789335
Bermuda,BMU,1981,13687.7980628553
Bolivia,BOL,1981,1000.59266819668
Brazil,BRA,1981,2079.70908377484
Barbados,BRB,1981,4416.71519879857
Brunei Darussalam,BRN,1981,48793.4422577232
Bhutan,BTN,1981,310.77041169131
Botswana,BWA,1981,1107.02810145663
Central African Republic,CAF,1981,280.343391789938
Canada,CAN,1981,12379.0368643833
Switzerland,CHE,1981,17665.0138979789
Chile,CHL,1981,3012.3447816477
China,CHN,1981,197.425510967822
Cote d'Ivoire,CIV,1981,985.507547907408
Cameroon,CMR,1981,749.847541304586
"Congo, Dem. Rep.",COD,1981,455.912227033575
"Congo, Rep.",COG,1981,1066.18677734612
Colombia,COL,1981,1362.18332520058
Comoros,COM,1981,613.038043236083
Cabo Verde,CPV,1981,425.407688720331
Costa Rica,CRI,1981,1068.04672232202
Caribbean small states,CSS,1981,3496.70815196286
Cuba,CUB,1981,2045.85231227999
Cyprus,CYP,1981,4033.24047851563
Germany,DEU,1981,10246.4767623188
Dominica,DMA,1981,1124.97453088416
Denmark,DNK,1981,12000.2103769191
Dominican Republic,DOM,1981,1288.46563140235
Algeria,DZA,1981,2307.33434430543
East Asia & Pacific (excluding high income),EAP,1981,292.964871355699
Early-demographic dividend,EAR,1981,937.459873358865
East Asia & Pacific,EAS,1981,1289.27732595594
Europe & Central Asia,ECS,1981,5128.71854308382
Ecuador,ECU,1981,2600.57152797996
"Egypt, Arab Rep.",EGY,1981,490.308796861598
Euro area,EMU,1981,8385.37448823064
Spain,ESP,1981,5367.32976278411
Ethiopia,ETH,1981,212.657517980298
European Union,EUU,1981,7053.63977896309
Fragile and conflict affected situations,FCS,1981,1295.49731663969
Finland,FIN,1981,10925.0957161181
Fiji,FJI,1981,1879.36315139259
France,FRA,1981,10955.9002996167
Faroe Islands,FRO,1981,10458.0965252581
"Micronesia, Fed. Sts.",FSM,1981,958.37442664862
Gabon,GAB,1981,5026.47646757156
United Kingdom,GBR,1981,9599.30622221965
Ghana,GHA,1981,343.799126739425
Guinea,GIN,1981,1875.53966772396
"Gambia, The",GMB,1981,295.982064548083
Guinea-Bissau,GNB,1981,477.46389637563
Equatorial Guinea,GNQ,1981,121.125080282047
Greece,GRC,1981,5305.43729381339
Grenada,GRD,1981,1229.65932557403
Greenland,GRL,1981,8544.09791016512
Guatemala,GTM,1981,1216.49639722044
Guyana,GUY,1981,734.567458871119
High income,HIC,1981,8511.11527117423
"Hong Kong SAR, China",HKG,1981,5991.28488804536
Honduras,HND,1981,911.505037511277
Heavily indebted poor countries (HIPC),HPC,1981,451.572513740473
Haiti,HTI,1981,258.468043101302
Hungary,HUN,1981,2213.05267699322
IBRD only,IBD,1981,888.932920285978
IDA & IBRD total,IBT,1981,844.662632606173
IDA total,IDA,1981,617.027047013018
IDA blend,IDB,1981,1078.43779172704
Indonesia,IDN,1981,560.830336032961
IDA only,IDX,1981,373.289011494394
India,IND,1981,274.964330768528
Ireland,IRL,1981,5986.1541089392
"Iran, Islamic Rep.",IRN,1981,2393.44985576145
Iraq,IRQ,1981,2700.41204790874
Iceland,ISL,1981,15666.3769807272
Israel,ISR,1981,6795.25020711467
Italy,ITA,1981,7640.40241250516
Jamaica,JAM,1981,1370.41277901541
Jordan,JOR,1981,1885.14842198943
Japan,JPN,1981,10583.1278908402
Kenya,KEN,1981,412.883704225392
Cambodia,KHM,1981,154.253841174151
Kiribati,KIR,1981,567.722497103141
St. Kitts and Nevis,KNA,1981,1894.44210241437
"Korea, Rep.",KOR,1981,1918.41779613494
Kuwait,KWT,1981,15825.191918191
Latin America & Caribbean (excluding high income),LAC,1981,2276.292721421
Liberia,LBR,1981,426.054939761947
Libya,LBY,1981,10044.0410042727
St. Lucia,LCA,1981,1604.77728442339
Latin America & Caribbean,LCN,1981,2434.06470479822
Least developed countries: UN classification,LDC,1981,336.746970640719
Low income,LIC,1981,426.34432994898
Liechtenstein,LIE,1981,19929.4102802351
Sri Lanka,LKA,1981,292.45135975768
Lower middle income,LMC,1981,466.524709207347
Low & middle income,LMY,1981,689.018186931512
Lesotho,LSO,1981,299.839326847018
Late-demographic dividend,LTE,1981,857.608660145294
Luxembourg,LUX,1981,13837.1299814617
Morocco,MAR,1981,884.443237304688
Monaco,MCO,1981,44157.4267369518
Madagascar,MDG,1981,512.913929983213
Maldives,MDV,1981,264.147517599287
"Middle East, North Africa, Afghanistan & Pakistan",MEA,1981,2219.61499344124
Mexico,MEX,1981,3829.14437544129
Marshall Islands,MHL,1981,968.86029296936
Middle income,MIC,1981,706.741931365568
Mali,MLI,1981,290.478605534961
Malta,MLT,1981,3898.36853997864
Myanmar,MMR,1981,32.8127790443581
"Middle East, North Africa, Afghanistan & Pakistan (excluding high income)",MNA,1981,1208.89717460626
Mongolia,MNG,1981,1325.46680536613
Mauritania,MRT,1981,728.796521822095
Mauritius,MUS,1981,1180.84070937438
Malawi,MWI,1981,276.407062724717
Malaysia,MYS,1981,1866.10246831744
North America,NAC,1981,13820.1932805098
Namibia,NAM,1981,2266.91040607673
New Caledonia,NCL,1981,6422.06638106676
Niger,NER,1981,343.386800706738
Nigeria,NGA,1981,2162.20995436075
Nicaragua,NIC,1981,739.671655710215
Netherlands,NLD,1981,11537.4026865092
Norway,NOR,1981,15512.5067043575
Nepal,NPL,1981,142.916898807843
Nauru,NRU,1981,6593.90695188717
New Zealand,NZL,1981,7813.88754336067
OECD members,OED,1981,8777.03323718415
Oman,OMN,1981,6865.58482819779
Other small states,OSS,1981,3011.87340195636
Pakistan,PAK,1981,327.505069961745
Panama,PAN,1981,2605.45529924397
Peru,PER,1981,1216.27350223135
Philippines,PHL,1981,821.293256858092
Palau,PLW,1981,2638.81583615546
Papua New Guinea,PNG,1981,781.41257446286
Pre-demographic dividend,PRE,1981,982.406374054837
Puerto Rico (US),PRI,1981,4920.72293674859
Portugal,PRT,1981,3245.97521367748
Paraguay,PRY,1981,1792.61496129399
Pacific island small states,PSS,1981,1314.59553013966
Post-demographic dividend,PST,1981,9474.07361240578
French Polynesia,PYF,1981,7645.18391267409
Qatar,QAT,1981,29504.9403812472
Rwanda,RWA,1981,254.569201374867
South Asia,SAS,1981,267.20705190365
Saudi Arabia,SAU,1981,28703.35585508
Sudan,SDN,1981,483.802581787109
Senegal,SEN,1981,682.972070210382
Singapore,SGP,1981,5596.58597723068
Solomon Islands,SLB,1981,785.830912783879
Sierra Leone,SLE,1981,333.887542728491
El Salvador,SLV,1981,752.024012607538
"Somalia, Fed. Rep.",SOM,1981,116.884526594286
Sub-Saharan Africa (excluding high income),SSA,1981,1084.43386106418
Sub-Saharan Africa,SSF,1981,1007.86068218968
Small states,SST,1981,2968.66696580703
Sao Tome and Principe,STP,1981,829.888818772033
Suriname,SUR,1981,2367.76851800063
Sweden,SWE,1981,15563.8332773497
Eswatini,SWZ,1981,925.368712517647
Seychelles,SYC,1981,2557.20665504671
Syrian Arab Republic,SYR,1981,1675.79747403807
Chad,TCD,1981,193.971579541809
East Asia & Pacific (IDA & IBRD countries),TEA,1981,296.638660486771
Togo,TGO,1981,451.047897242509
Thailand,THA,1981,748.156726132308
Latin America & the Caribbean (IDA & IBRD countries),TLA,1981,2409.70040368266
"Middle East, North Africa, Afghanistan & Pakistan (IDA & IBRD)",TMN,1981,1199.39736360866
Tonga,TON,1981,635.712889829014
South Asia (IDA & IBRD),TSA,1981,267.20705190365
Sub-Saharan Africa (IDA & IBRD countries),TSS,1981,1007.86068218968
Trinidad and Tobago,TTO,1981,6159.70947284839
Tunisia,TUN,1981,1247.12801268551
Turkiye,TUR,1981,1536.66562064101
Tuvalu,TUV,1981,634.203764501491
Tanzania,TZA,1981,683.913269042969
Uganda,UGA,1981,98.6467550654109
Upper middle income,UMC,1981,889.089615341322
Uruguay,URY,1981,3728.4455696996
United States,USA,1981,13976.10539252
St. Vincent and the Grenadines,VCT,1981,971.577277314431
"Venezuela, RB",VEN,1981,4228.0988152685
Vanuatu,VUT,1981,962.222055354043
World,WLD,1981,2622.01342168238
Samoa,WSM,1981,713.375672542904
South Africa,ZAF,1981,3049.71474333882
Zambia,ZMB,1981,669.886829361684
Zimbabwe,ZWE,1981,1068.92311090177
Africa Eastern and Southern,AFE,1982,725.547511093596
Africa Western and Central,AFW,1982,1164.18848757408
Angola,AGO,1982,634.221467312782
Albania,ALB,1982,668.454504242454
Andorra,AND,1982,9697.52201994133
Arab World,ARB,1982,2640.69651258477
United Arab Emirates,ARE,1982,39972.4946674594
Argentina,ARG,1982,2914.76708504176
Antigua and Barbuda,ATG,1982,2569.18182363887
Australia,AUS,1982,12797.6758959809
Austria,AUT,1982,9373.48820626125
Burundi,BDI,1982,216.43619143507
Belgium,BEL,1982,9343.86109959618
Benin,BEN,1982,305.0040635075
Burkina Faso,BFA,1982,239.019483569339
Bangladesh,BGD,1982,199.595944646851
Bulgaria,BGR,1982,2169.00401089683
Bahrain,BHR,1982,10712.1529364009
"Bahamas, The",BHS,1982,6559.46869259478
Belize,BLZ,1982,1629.32322940976
Bermuda,BMU,1982,14442.7902256054
Bolivia,BOL,1982,929.552105072211
Brazil,BRA,1982,2137.6250359394
Barbados,BRB,1982,4598.7626399513
Brunei Darussalam,BRN,1982,45074.5499241983
Bhutan,BTN,1982,305.824658960335
Botswana,BWA,1982,1005.62456165727
Central African Republic,CAF,1982,298.444544895201
Canada,CAN,1982,12527.3135323802
Switzerland,CHE,1982,17999.969257078
Chile,CHL,1982,1663.28043251256
China,CHN,1982,203.722788366928
Cote d'Ivoire,CIV,1982,849.479705391045
Cameroon,CMR,1982,732.250719743892
"Congo, Dem. Rep.",COD,1982,481.7409782053
"Congo, Rep.",COG,1982,1130.97081000634
Colombia,COL,1982,1425.39936771371
Comoros,COM,1982,566.033006092361
Cabo Verde,CPV,1982,422.664667963472
Costa Rica,CRI,1982,1032.40548167496
Caribbean small states,CSS,1982,3851.96097447913
Cuba,CUB,1982,2113.80858874548
Cyprus,CYP,1982,4122.78466796875
Germany,DEU,1982,9950.05926025365
Dominica,DMA,1982,1231.66928057818
Denmark,DNK,1982,11740.2199128271
Dominican Republic,DOM,1982,1376.26820466534
Algeria,DZA,1982,2274.87800990349
East Asia & Pacific (excluding high income),EAP,1982,302.516685584374
Early-demographic dividend,EAR,1982,870.647608944326
East Asia & Pacific,EAS,1982,1242.66164799436
Europe & Central Asia,ECS,1982,4914.32581490138
Ecuador,ECU,1982,2314.38354547989
"Egypt, Arab Rep.",EGY,1982,595.918898169378
Euro area,EMU,1982,8096.36447538062
Spain,ESP,1982,5156.02303792945
Ethiopia,ETH,1982,215.25098547162
European Union,EUU,1982,6783.32823147929
Fragile and conflict affected situations,FCS,1982,1208.20205136792
Finland,FIN,1982,10935.3110588486
Fiji,FJI,1982,1773.14392517051
France,FRA,1982,10359.8920663549
Faroe Islands,FRO,1982,10052.9192302665
"Micronesia, Fed. Sts.",FSM,1982,973.688636446563
Gabon,GAB,1982,4583.89967785445
United Kingdom,GBR,1982,9146.07735701852
Ghana,GHA,1982,319.206910329791
Guinea,GIN,1982,2272.63298724274
"Gambia, The",GMB,1982,282.141307055388
Guinea-Bissau,GNB,1982,502.732266005568
Equatorial Guinea,GNQ,1982,137.468802708366
Greece,GRC,1982,5501.63700061234
Grenada,GRD,1982,1329.00617695983
Greenland,GRL,1982,7813.65128212172
Guatemala,GTM,1982,1203.96540667638
Guyana,GUY,1982,620.564636570569
High income,HIC,1982,8366.52973337001
"Hong Kong SAR, China",HKG,1982,6133.7668997328
Honduras,HND,1982,914.30883859664
Heavily indebted poor countries (HIPC),HPC,1982,445.063803500033
Haiti,HTI,1982,252.607250558051
Hungary,HUN,1982,2255.06405686887
IBRD only,IBD,1982,859.223117070691
IDA & IBRD total,IBT,1982,810.699541068377
IDA total,IDA,1982,572.00917685256
IDA blend,IDB,1982,953.542282534373
Indonesia,IDN,1982,577.745632722784
IDA only,IDX,1982,369.610785580351
India,IND,1982,278.65038258267
Ireland,IRL,1982,6160.63829313723
"Iran, Islamic Rep.",IRN,1982,2844.87611384065
Iraq,IRQ,1982,2941.9748125381
Iceland,ISL,1982,14191.030215493
Israel,ISR,1982,7257.57514298241
Italy,ITA,1982,7573.93967597775
Jamaica,JAM,1982,1494.40208283218
Jordan,JOR,1982,1928.87589643338
Japan,JPN,1982,9779.97490636267
Kenya,KEN,1982,373.794835688888
Cambodia,KHM,1982,159.206634020357
Kiribati,KIR,1982,518.62249584629
St. Kitts and Nevis,KNA,1982,2022.52944188428
"Korea, Rep.",KOR,1982,2032.25817758667
Kuwait,KWT,1982,12978.8949980867
Latin America & Caribbean (excluding high income),LAC,1982,2054.07052556784
Liberia,LBR,1982,422.446142509338
Libya,LBY,1982,9063.69851267735
St. Lucia,LCA,1982,1489.46138368254
Latin America & Caribbean,LCN,1982,2191.99177109396
Least developed countries: UN classification,LDC,1982,331.703303575517
Low income,LIC,1982,417.936186827646
Liechtenstein,LIE,1982,19885.6126562976
Sri Lanka,LKA,1982,311.957878889278
Lower middle income,LMC,1982,451.578548015008
Low & middle income,LMY,1982,664.836308502643
Lesotho,LSO,1982,233.939892397725
Late-demographic dividend,LTE,1982,852.07370366193
Luxembourg,LUX,1982,12590.9767956204
"Macao SAR, China",MAC,1982,4486.541208636
Morocco,MAR,1982,856.569763183594
Monaco,MCO,1982,41479.49844229
Madagascar,MDG,1982,500.642606965445
Maldives,MDV,1982,274.826568598483
"Middle East, North Africa, Afghanistan & Pakistan",MEA,1982,2156.09021445524
Mexico,MEX,1982,2620.95793392947
Marshall Islands,MHL,1982,1045.54301284547
Middle income,MIC,1982,681.610498263494
Mali,MLI,1982,213.773956907607
Malta,MLT,1982,3787.91647703123
Myanmar,MMR,1982,42.9535414901862
"Middle East, North Africa, Afghanistan & Pakistan (excluding high income)",MNA,1982,1310.02447173409
Mongolia,MNG,1982,1429.62551800828
Mauritania,MRT,1982,710.21886884239
Mauritius,MUS,1982,1101.15920527391
Malawi,MWI,1982,253.342697905133
Malaysia,MYS,1982,1937.74922725899
North America,NAC,1982,14247.3479863069
Namibia,NAM,1982,2097.09340946461
New Caledonia,NCL,1982,5912.37880618972
Niger,NER,1982,309.795062345471
Nigeria,NGA,1982,1821.53265482387
Nicaragua,NIC,1982,713.777809066357
Netherlands,NLD,1982,11088.9543150885
Norway,NOR,1982,15224.8939100982
Nepal,NPL,1982,146.976662933749
Nauru,NRU,1982,6576.83364047027
New Zealand,NZL,1982,7656.47573238963
OECD members,OED,1982,8567.90771442788
Oman,OMN,1982,6759.29870293907
Other small states,OSS,1982,2836.77204394683
Pakistan,PAK,1982,344.889792466995
Panama,PAN,1982,2811.40643706411
Peru,PER,1982,1194.45000618562
Philippines,PHL,1982,832.536200258054
Palau,PLW,1982,2838.1584213014
Papua New Guinea,PNG,1982,725.645992789394
Pre-demographic dividend,PRE,1982,907.611047024129
Puerto Rico (US),PRI,1982,5115.00851423346
Portugal,PRT,1982,3079.94956634271
Paraguay,PRY,1982,1679.81843739033
Pacific island small states,PSS,1982,1265.72256598649
Post-demographic dividend,PST,1982,9374.34907320372
French Polynesia,PYF,1982,7416.30736944627
Qatar,QAT,1982,24384.5938501228
Rwanda,RWA,1982,246.385549568864
South Asia,SAS,1982,268.048426266136
Saudi Arabia,SAU,1982,22454.4843169614
Sudan,SDN,1982,378.945373535156
Senegal,SEN,1982,651.93712330983
Singapore,SGP,1982,6077.63424070932
Solomon Islands,SLB,1982,755.885653343722
Sierra Leone,SLE,1982,380.074041189746
El Salvador,SLV,1982,735.360954743528
"Somalia, Fed. Rep.",SOM,1982,129.013919752012
Sub-Saharan Africa (excluding high income),SSA,1982,975.755126412414
Sub-Saharan Africa,SSF,1982,908.491836566255
Small states,SST,1982,2968.4407341809
Sao Tome and Principe,STP,1982,783.429221364288
Suriname,SUR,1982,2429.92391549707
Sweden,SWE,1982,13719.0538964279
Eswatini,SWZ,1982,843.043006864844
Seychelles,SYC,1982,2440.6841742286
Syrian Arab Republic,SYR,1982,1702.68062491316
Chad,TCD,1982,176.083750783324
East Asia & Pacific (IDA & IBRD countries),TEA,1982,306.301092040175
Togo,TGO,1982,372.494829726432
Thailand,THA,1982,770.398953205891
Latin America & the Caribbean (IDA & IBRD countries),TLA,1982,2155.75302223233
"Middle East, North Africa, Afghanistan & Pakistan (IDA & IBRD)",TMN,1982,1299.72997759091
Tonga,TON,1982,633.477863554833
South Asia (IDA & IBRD),TSA,1982,268.048426266136
Sub-Saharan Africa (IDA & IBRD countries),TSS,1982,908.491836566255
Trinidad and Tobago,TTO,1982,7091.40621892043
Tunisia,TUN,1982,1177.30518554913
Turkiye,TUR,1982,1360.23825219775
Tuvalu,TUV,1982,537.440652615639
Tanzania,TZA,1982,701.959838867188
Uganda,UGA,1982,156.952422909331
Upper middle income,UMC,1982,857.461902827683
Uruguay,URY,1982,3084.79407002174
United States,USA,1982,14433.787727053
St. Vincent and the Grenadines,VCT,1982,1073.51398364931
"Venezuela, RB",VEN,1982,4201.54283466342
Vanuatu,VUT,1982,946.023154648384
World,WLD,1982,2547.9240514252
Samoa,WSM,1982,728.127937935873
South Africa,ZAF,1982,2717.16388710425
Zambia,ZMB,1982,626.532533448195
Zimbabwe,ZWE,1982,1095.88472887835
Africa Eastern and Southern,AFE,1983,732.345461087142
Africa Western and Central,AFW,1983,873.979406766518
Angola,AGO,1983,636.83281102292
Albania,ALB,1983,661.546782448624
Andorra,AND,1983,8082.09152017435
Arab World,ARB,1983,2417.3540635347
United Arab Emirates,ARE,1983,34650.0041245988
Argentina,ARG,1983,3537.7473459832
Antigua and Barbuda,ATG,1983,2846.99335735773
Australia,AUS,1983,11532.4028055582
Austria,AUT,1983,9500.05070417494
Burundi,BDI,1983,225.209524508283
Belgium,BEL,1983,8846.23429846974
Benin,BEN,1983,255.983601560726
Burkina Faso,BFA,1983,211.925740542196
Bangladesh,BGD,1983,184.70677287459
Bulgaria,BGR,1983,1852.81343442802
Bahrain,BHR,1983,10598.8427157127
"Bahamas, The",BHS,1983,7081.38194836084
Belize,BLZ,1983,1677.25548155115
Bermuda,BMU,1983,16236.741698158
Bolivia,BOL,1983,881.867606330418
Brazil,BRA,1983,1461.25582714178
Barbados,BRB,1983,4866.35999061756
Brunei Darussalam,BRN,1983,38720.0939254718
Bhutan,BTN,1983,328.204016909505
Botswana,BWA,1983,1120.53239354023
Central African Republic,CAF,1983,259.588394525784
Canada,CAN,1983,13477.1031699599
Switzerland,CHE,1983,17859.2323695837
Chile,CHL,1983,1715.40345654344
China,CHN,1983,225.86534696156
Cote d'Ivoire,CIV,1983,737.449968695419
Cameroon,CMR,1983,745.513189491527
"Congo, Dem. Rep.",COD,1983,376.285479915589
"Congo, Rep.",COG,1983,1075.34825792814
Colombia,COL,1983,1383.7924605368
Comoros,COM,1983,534.247684014857
Cabo Verde,CPV,1983,410.112646734121
Costa Rica,CRI,1983,1212.55765296791
Caribbean small states,CSS,1983,3793.64092639991
Cuba,CUB,1983,2222.48851241339
Cyprus,CYP,1983,4091.04858398438
Germany,DEU,1983,9900.48559233526
Dominica,DMA,1983,1363.43800844996
Denmark,DNK,1983,11796.5691955784
Dominican Republic,DOM,1983,1499.95575255789
Algeria,DZA,1983,2373.82511968473
East Asia & Pacific (excluding high income),EAP,1983,311.47279439249
Early-demographic dividend,EAR,1983,856.430768502953
East Asia & Pacific,EAS,1983,1301.62167510648
Europe & Central Asia,ECS,1983,4738.49651577011
Ecuador,ECU,1983,1940.23393200801
"Egypt, Arab Rep.",EGY,1983,648.013629771434
Euro area,EMU,1983,7882.88747508699
Spain,ESP,1983,4475.30126831295
Ethiopia,ETH,1983,232.683474421159
European Union,EUU,1983,6578.61259104974
Fragile and conflict affected situations,FCS,1983,1019.09796936658
Finland,FIN,1983,10493.9626636806
Fiji,FJI,1983,1628.04901181455
France,FRA,1983,9862.28449386586
Faroe Islands,FRO,1983,10893.3317148574
"Micronesia, Fed. Sts.",FSM,1983,993.272945205479
Gabon,GAB,1983,4181.57191575578
United Kingdom,GBR,1983,8691.51881306514
Ghana,GHA,1983,311.383438154949
Guinea,GIN,1983,2822.83932284682
"Gambia, The",GMB,1983,268.649299816803
Guinea-Bissau,GNB,1983,488.993892322107
Equatorial Guinea,GNQ,1983,129.411005581021
Greece,GRC,1983,4950.06026518761
Grenada,GRD,1983,1388.16565090599
Greenland,GRL,1983,7988.17794662988
Guatemala,GTM,1983,1219.73545354345
Guyana,GUY,1983,630.672779209107
High income,HIC,1983,8585.13267423053
"Hong Kong SAR, China",HKG,1983,5595.26055343754
Honduras,HND,1983,941.732746077043
Heavily indebted poor countries (HIPC),HPC,1983,429.410132495274
Haiti,HTI,1983,272.823694996686
Hungary,HUN,1983,2049.71617921793
IBRD only,IBD,1983,832.747886904575
IDA & IBRD total,IBT,1983,768.543290213909
IDA total,IDA,1983,480.536484961767
IDA blend,IDB,1983,708.403751993462
Indonesia,IDN,1983,507.682945653414
IDA only,IDX,1983,361.339308955142
India,IND,1983,295.999773299382
Ireland,IRL,1983,5915.24177164341
"Iran, Islamic Rep.",IRN,1983,3397.06140021273
Iraq,IRQ,1983,2743.35449218755
Iceland,ISL,1983,12079.7974639769
Israel,ISR,1983,7959.98915032557
Italy,ITA,1983,7850.62789042275
Jamaica,JAM,1983,1619.4784563122
Jordan,JOR,1983,1939.33654498872
Japan,JPN,1983,10652.0147161768
Kenya,KEN,1983,335.037151735189
Cambodia,KHM,1983,166.65319934361
Kiribati,KIR,1983,483.107821082637
St. Kitts and Nevis,KNA,1983,2052.11116535348
"Korea, Rep.",KOR,1983,2245.56009425258
Kuwait,KWT,1983,11965.3390511088
Latin America & Caribbean (excluding high income),LAC,1983,1734.26048077865
Liberia,LBR,1983,390.759726697144
Libya,LBY,1983,8927.36442785362
St. Lucia,LCA,1983,1575.74163524069
Latin America & Caribbean,LCN,1983,1893.26388707614
Least developed countries: UN classification,LDC,1983,318.884722573194
Low income,LIC,1983,388.44963002565
Liechtenstein,LIE,1983,19814.8538489961
Sri Lanka,LKA,1983,335.823151714647
Lower middle income,LMC,1983,417.335540205782
Low & middle income,LMY,1983,630.455858022242
Lesotho,LSO,1983,252.017748063376
Late-demographic dividend,LTE,1983,777.160987891389
Luxembourg,LUX,1983,12374.0304234408
"Macao SAR, China",MAC,1983,4207.25300817099
Morocco,MAR,1983,766.529602050781
Monaco,MCO,1983,39075.8356409009
Madagascar,MDG,1983,476.118671340584
Maldives,MDV,1983,322.84057899403
"Middle East, North Africa, Afghanistan & Pakistan",MEA,1983,2113.54114414754
Mexico,MEX,1983,2169.85285279223
Marshall Islands,MHL,1983,1199.30481744276
Middle income,MIC,1983,646.859499640296
Mali,MLI,1983,186.276028899026
Malta,MLT,1983,3526.91395139354
Myanmar,MMR,1983,39.2908686161265
"Middle East, North Africa, Afghanistan & Pakistan (excluding high income)",MNA,1983,1390.23697764039
Mongolia,MNG,1983,1490.21297634746
Mauritania,MRT,1983,725.174522510668
Mauritius,MUS,1983,1103.09124580137
Malawi,MWI,1983,252.442074600122
Malaysia,MYS,1983,2124.29229106221
North America,NAC,1983,15341.7852470968
Namibia,NAM,1983,2214.33863115715
New Caledonia,NCL,1983,5315.10934087161
Niger,NER,1983,268.772580748131
Nigeria,NGA,1983,1207.07374565349
Nicaragua,NIC,1983,779.852730684977
Netherlands,NLD,1983,10696.0774958682
Norway,NOR,1983,14927.5174766339
Nepal,NPL,1983,146.632953086254
Nauru,NRU,1983,5895.70266811075
New Zealand,NZL,1983,7598.31203875006
OECD members,OED,1983,8783.63797290203
Oman,OMN,1983,6714.19125910699
Other small states,OSS,1983,2559.29489706228
Pakistan,PAK,1983,311.098361356703
Panama,PAN,1983,2819.35128451397
Peru,PER,1983,927.258656933852
Philippines,PHL,1983,723.430497138016
Palau,PLW,1983,3049.47947101338
Papua New Guinea,PNG,1983,768.636364904269
Pre-demographic dividend,PRE,1983,732.138927725284
Puerto Rico (US),PRI,1983,5217.72272856039
Portugal,PRT,1983,2735.49106580047
Paraguay,PRY,1983,1709.80484009501
Pacific island small states,PSS,1983,1185.33657065957
Post-demographic dividend,PST,1983,9673.91830631036
French Polynesia,PYF,1983,7477.03464924524
Qatar,QAT,1983,19616.0320394418
Rwanda,RWA,1983,250.568951735636
South Asia,SAS,1983,281.59105118681
Saudi Arabia,SAU,1983,17809.5527471054
Sudan,SDN,1983,346.221649169922
Senegal,SEN,1983,564.369336303935
Singapore,SGP,1983,6633.23667366491
Solomon Islands,SLB,1983,686.264140182978
Sierra Leone,SLE,1983,285.814326139727
El Salvador,SLV,1983,744.863912246485
"Somalia, Fed. Rep.",SOM,1983,118.644340868341
Sub-Saharan Africa (excluding high income),SSA,1983,845.557742043703
Sub-Saharan Africa,SSF,1983,791.585856027712
Small states,SST,1983,2777.2630814362
Sao Tome and Principe,STP,1983,719.585065944304
Suriname,SUR,1983,2332.69790308016
Sweden,SWE,1983,12589.950077442
Eswatini,SWZ,1983,842.750203378801
Seychelles,SYC,1983,2426.33460826276
Syrian Arab Republic,SYR,1983,1775.83203705709
Chad,TCD,1983,167.180974589951
East Asia & Pacific (IDA & IBRD countries),TEA,1983,315.356013514066
Togo,TGO,1983,335.532470799693
Thailand,THA,1983,826.932302137698
Latin America & the Caribbean (IDA & IBRD countries),TLA,1983,1843.39314383712
"Middle East, North Africa, Afghanistan & Pakistan (IDA & IBRD)",TMN,1983,1379.31215391935
Tonga,TON,1983,621.073531745178
South Asia (IDA & IBRD),TSA,1983,281.59105118681
Sub-Saharan Africa (IDA & IBRD countries),TSS,1983,791.585856027712
Trinidad and Tobago,TTO,1983,6689.80831238034
Tunisia,TUN,1983,1183.8417233031
Turkiye,TUR,1983,1275.68337617131
Tuvalu,TUV,1983,533.130094256608
Tanzania,TZA,1983,685.276489257813
Uganda,UGA,1983,157.527216922525
Upper middle income,UMC,1983,823.925727665102
Uruguay,URY,1983,1707.14462849135
United States,USA,1983,15543.8937174925
St. Vincent and the Grenadines,VCT,1983,1144.30586148776
"Venezuela, RB",VEN,1983,4078.94233103427
Vanuatu,VUT,1983,946.705222595573
World,WLD,1983,2554.59482699534
Samoa,WSM,1983,670.98638131758
South Africa,ZAF,1983,2938.48980239675
Zambia,ZMB,1983,520.45583354177
Zimbabwe,ZWE,1983,959.205194217604
Africa Eastern and Southern,AFE,1984,650.346841439623
Africa Western and Central,AFW,1984,738.545691276266
Angola,AGO,1984,650.491094413218
Albania,ALB,1984,639.484730161417
Andorra,AND,1984,7808.13002713549
Arab World,ARB,1984,2357.29657111126
United Arab Emirates,ARE,1984,32012.3141540273
Argentina,ARG,1984,3915.03492645691
Antigua and Barbuda,ATG,1984,3270.7810304062
Australia,AUS,1984,12436.2969052038
Austria,AUT,1984,8955.84829191534
Burundi,BDI,1984,200.375711827241
Belgium,BEL,1984,8457.26880316374
Benin,BEN,1984,238.574457355381
Burkina Faso,BFA,1984,187.832224278391
Bangladesh,BGD,1984,193.435020976238
Bulgaria,BGR,1984,1963.57267618274
Bahrain,BHR,1984,10696.9331055208
"Bahamas, The",BHS,1984,8201.70133768379
Belize,BLZ,1984,1814.18859813551
Bermuda,BMU,1984,17866.9174355163
Bolivia,BOL,1984,982.109656770748
Brazil,BRA,1984,1419.73154606978
Barbados,BRB,1984,5283.57944099441
Brunei Darussalam,BRN,1984,36061.3815259405
Bhutan,BTN,1984,325.545257021725
Botswana,BWA,1984,1145.02903810762
Central African Republic,CAF,1984,248.313551025498
Canada,CAN,1984,13930.4745502555
Switzerland,CHE,1984,16991.2458841517
Chile,CHL,1984,1636.22476246476
China,CHN,1984,251.192686463827
Cote d'Ivoire,CIV,1984,708.940252199945
Cameroon,CMR,1984,771.702146026357
"Congo, Dem. Rep.",COD,1984,259.801889543739
"Congo, Rep.",COG,1984,1097.04958637388
Colombia,COL,1984,1335.52821812362
Comoros,COM,1984,500.752665003745
Cabo Verde,CPV,1984,385.451419954827
Costa Rica,CRI,1984,1372.20149843952
Caribbean small states,CSS,1984,3908.46277598906
Cuba,CUB,1984,2386.44595066854
Cyprus,CYP,1984,4258.74365234375
Germany,DEU,1984,9347.29068412377
Dominica,DMA,1984,1514.89217748336
Denmark,DNK,1984,11516.6821578436
Dominican Republic,DOM,1984,1843.52460788928
Algeria,DZA,1984,2524.38071403143
East Asia & Pacific (excluding high income),EAP,1984,332.153258401474
Early-demographic dividend,EAR,1984,846.73364680674
East Asia & Pacific,EAS,1984,1371.62394802451
Europe & Central Asia,ECS,1984,4527.81045694251
Ecuador,ECU,1984,1863.68213493779
"Egypt, Arab Rep.",EGY,1984,689.807675510205
Euro area,EMU,1984,7550.82986545877
Spain,ESP,1984,4486.78173863382
Ethiopia,ETH,1984,214.228860396002
European Union,EUU,1984,6326.07088890792
Fragile and conflict affected situations,FCS,1984,895.47509894907
Finland,FIN,1984,10830.2185222663
Fiji,FJI,1984,1666.86572541062
France,FRA,1984,9311.89426452129
Faroe Islands,FRO,1984,9437.29347360867
"Micronesia, Fed. Sts.",FSM,1984,971.323735890612
Gabon,GAB,1984,4272.88216871705
United Kingdom,GBR,1984,8179.19444064991
Ghana,GHA,1984,329.998888863111
Guinea,GIN,1984,3361.5282015455
"Gambia, The",GMB,1984,214.794357389928
Guinea-Bissau,GNB,1984,407.439444684912
Equatorial Guinea,GNQ,1984,137.903678570149
Greece,GRC,1984,4785.07463033775
Grenada,GRD,1984,1523.94092798531
Greenland,GRL,1984,7198.7078081665
Guatemala,GTM,1984,1241.04242582773
Guyana,GUY,1984,565.33443558244
High income,HIC,1984,8892.16783596374
"Hong Kong SAR, China",HKG,1984,6208.22615937199
Honduras,HND,1984,959.534269081039
Heavily indebted poor countries (HIPC),HPC,1984,425.602086060453
Haiti,HTI,1984,299.247186216373
Hungary,HUN,1984,1991.23894795513
IBRD only,IBD,1984,846.348877336452
IDA & IBRD total,IBT,1984,769.521560568943
IDA total,IDA,1984,439.765198319322
IDA blend,IDB,1984,595.172664448521
Indonesia,IDN,1984,519.774063103241
IDA only,IDX,1984,359.937123017399
Isle of Man,IMN,1984,3892.81857107699
India,IND,1984,281.049867840717
Ireland,IRL,1984,5692.02738597285
"Iran, Islamic Rep.",IRN,1984,3395.33697556582
Iraq,IRQ,1984,3065.7178266236
Iceland,ISL,1984,12377.5860216394
Israel,ISR,1984,7368.50379730819
Italy,ITA,1984,7757.55374836822
Jamaica,JAM,1984,1048.13405395534
Jordan,JOR,1984,1871.09074979987
Japan,JPN,1984,11207.4523524293
Kenya,KEN,1984,334.40283575753
Cambodia,KHM,1984,174.705837134358
Kiribati,KIR,1984,527.291455228898
St. Kitts and Nevis,KNA,1984,2341.40772929271
"Korea, Rep.",KOR,1984,2468.68667303898
Kuwait,KWT,1984,11918.6168925905
Latin America & Caribbean (excluding high income),LAC,1984,1821.56140117423
Lao PDR,LAO,1984,483.017781668524
Liberia,LBR,1984,390.407957992226
Libya,LBY,1984,7811.06937340039
St. Lucia,LCA,1984,1979.12504018731
Latin America & Caribbean,LCN,1984,1950.31317468832
Least developed countries: UN classification,LDC,1984,315.42192750849
Low income,LIC,1984,371.974276792287
Liechtenstein,LIE,1984,18898.3678693391
Sri Lanka,LKA,1984,391.369617569858
Lower middle income,LMC,1984,390.443694264012
Low & middle income,LMY,1984,634.324579382646
Lesotho,LSO,1984,210.998495414288
Late-demographic dividend,LTE,1984,799.739837465727
Luxembourg,LUX,1984,12126.9391987909
"Macao SAR, China",MAC,1984,4611.49497355573
Morocco,MAR,1984,681.909729003906
Monaco,MCO,1984,36582.3672009832
Madagascar,MDG,1984,385.408181010621
Maldives,MDV,1984,594.488246882652
"Middle East, North Africa, Afghanistan & Pakistan",MEA,1984,2068.31795747118
Mexico,MEX,1984,2506.30742754755
Marshall Islands,MHL,1984,1244.87094639312
Middle income,MIC,1984,651.894465142062
Mali,MLI,1984,169.067780598011
Malta,MLT,1984,3332.82018387922
Myanmar,MMR,1984,36.3255768443636
"Middle East, North Africa, Afghanistan & Pakistan (excluding high income)",MNA,1984,1407.14205594428
Mongolia,MNG,1984,1119.71388466075
Mauritania,MRT,1984,649.681186509673
Mauritius,MUS,1984,1041.83252378016
Malawi,MWI,1984,239.74828969103
Malaysia,MYS,1984,2299.80870816235
North America,NAC,1984,16808.9173401045
Namibia,NAM,1984,1830.46920554097
New Caledonia,NCL,1984,5051.72635841793
Niger,NER,1984,211.468807340699
Nigeria,NGA,1984,890.434106332302
Nicaragua,NIC,1984,861.428649767358
Netherlands,NLD,1984,9991.84377655651
Norway,NOR,1984,14989.4857665906
Nepal,NPL,1984,151.078187115939
Nauru,NRU,1984,5653.96100020028
New Zealand,NZL,1984,6713.76013104154
OECD members,OED,1984,9108.52947442265
Oman,OMN,1984,7070.07295804885
Other small states,OSS,1984,2486.49373071247
Pakistan,PAK,1984,327.345625152291
Panama,PAN,1984,2874.94832112227
Peru,PER,1984,917.896274683145
Philippines,PHL,1984,665.042349344043
Palau,PLW,1984,3360.14538501912
Papua New Guinea,PNG,1984,749.637059926778
Pre-demographic dividend,PRE,1984,665.139328584365
Puerto Rico (US),PRI,1984,5730.11700890201
Portugal,PRT,1984,2522.74747620658
Paraguay,PRY,1984,1319.23446766653
Pacific island small states,PSS,1984,1219.06037971704
Post-demographic dividend,PST,1984,10055.2031286677
French Polynesia,PYF,1984,7511.32179070332
Qatar,QAT,1984,19272.2616094603
Rwanda,RWA,1984,259.906684530767
South Asia,SAS,1984,270.882249205897
Saudi Arabia,SAU,1984,15541.1312184609
Sudan,SDN,1984,429.993377685547
Senegal,SEN,1984,536.231765402514
Singapore,SGP,1984,7228.31758410647
Solomon Islands,SLB,1984,664.696440482807
Sierra Leone,SLE,1984,305.576232491583
El Salvador,SLV,1984,763.168218110743
"Somalia, Fed. Rep.",SOM,1984,122.493293689734
Sub-Saharan Africa (excluding high income),SSA,1984,732.705041568774
Sub-Saharan Africa,SSF,1984,687.251169971653
Small states,SST,1984,2770.5186777053
Sao Tome and Principe,STP,1984,735.13352186245
Suriname,SUR,1984,2260.63794993629
Sweden,SWE,1984,13080.0302290066
Eswatini,SWZ,1984,726.345118603826
Seychelles,SYC,1984,2487.64499220084
Syrian Arab Republic,SYR,1984,1706.21944810524
Chad,TCD,1984,182.175880946335
East Asia & Pacific (IDA & IBRD countries),TEA,1984,336.28597041083
Togo,TGO,1984,304.296330488676
Thailand,THA,1984,846.934168430884
Latin America & the Caribbean (IDA & IBRD countries),TLA,1984,1893.10260985086
"Middle East, North Africa, Afghanistan & Pakistan (IDA & IBRD)",TMN,1984,1396.08438796471
Tonga,TON,1984,655.66235882708
South Asia (IDA & IBRD),TSA,1984,270.882249205897
Sub-Saharan Africa (IDA & IBRD countries),TSS,1984,687.251169971653
Trinidad and Tobago,TTO,1984,6613.11947420709
Tunisia,TUN,1984,1143.2812867658
Turkiye,TUR,1984,1209.05149383313
Tuvalu,TUV,1984,567.195381239419
Tanzania,TZA,1984,609.331420898438
Uganda,UGA,1984,247.516937638636
Upper middle income,UMC,1984,855.952611875676
Uruguay,URY,1984,1615.40647277136
United States,USA,1984,17121.2254849995
St. Vincent and the Grenadines,VCT,1984,1253.86525558125
"Venezuela, RB",VEN,1984,3519.80146489308
Vanuatu,VUT,1984,1136.68202384045
World,WLD,1984,2607.60648184783
Samoa,WSM,1984,654.697560664036
South Africa,ZAF,1984,2504.07736790289
Zambia,ZMB,1984,413.269974271735
Zimbabwe,ZWE,1984,757.359025240321
Africa Eastern and Southern,AFE,1985,554.22129591426
Africa Western and Central,AFW,1985,754.905547330188
Angola,AGO,1985,772.468832586265
Albania,ALB,1985,639.865903755552
Andorra,AND,1985,7911.98436223964
Arab World,ARB,1985,2247.904844675
United Arab Emirates,ARE,1985,29467.5419758929
Argentina,ARG,1985,2905.77565536137
Antigua and Barbuda,ATG,1985,3814.3142290779
Australia,AUS,1985,11455.379711213
Austria,AUT,1985,9136.17092559695
Burundi,BDI,1985,228.440542564696
Belgium,BEL,1985,8750.81851250536
Benin,BEN,1985,230.434117218913
Burkina Faso,BFA,1985,194.063226299244
Bangladesh,BGD,1985,222.22018039634
Bulgaria,BGR,1985,1914.55064658793
Bahrain,BHR,1985,9648.65643032674
"Bahamas, The",BHS,1985,9167.14687502469
Belize,BLZ,1985,1754.01108696183
Bermuda,BMU,1985,18713.8825139071
Bolivia,BOL,1985,838.080035867133
Brazil,BRA,1985,1556.1297180511
Barbados,BRB,1985,5509.8746029115
Brunei Darussalam,BRN,1985,31827.4059557344
Bhutan,BTN,1985,321.186830951891
Botswana,BWA,1985,993.616748339174
Central African Republic,CAF,1985,332.515358450814
Canada,CAN,1985,14170.1249406067
Switzerland,CHE,1985,17152.0948495991
Chile,CHL,1985,1446.80604557863
China,CHN,1985,295.007445815897
Cote d'Ivoire,CIV,1985,694.951691466923
Cameroon,CMR,1985,875.337721693686
"Congo, Dem. Rep.",COD,1985,230.132255248427
"Congo, Rep.",COG,1985,1049.31821372865
Colombia,COL,1985,1192.21849833568
Comoros,COM,1985,494.254932645725
Cabo Verde,CPV,1985,396.494191452033
Costa Rica,CRI,1985,1429.37836415122
Caribbean small states,CSS,1985,3907.19546019831
Cuba,CUB,1985,2256.56948668495
Cyprus,CYP,1985,4488.287109375
Germany,DEU,1985,9464.11694710857
Djibouti,DJI,1985,846.785538068015
Dominica,DMA,1985,1665.53207185218
Denmark,DNK,1985,12212.7873997293
Dominican Republic,DOM,1985,784.488809604008
Algeria,DZA,1985,2632.51711109075
East Asia & Pacific (excluding high income),EAP,1985,357.905467448196
Early-demographic dividend,EAR,1985,823.462882791905
East Asia & Pacific,EAS,1985,1425.07387579006
Europe & Central Asia,ECS,1985,4656.28280891539
Ecuador,ECU,1985,1841.77905481426
"Egypt, Arab Rep.",EGY,1985,769.755137148666
Euro area,EMU,1985,7742.59506377773
Spain,ESP,1985,4696.29879620729
Ethiopia,ETH,1985,243.897382584019
European Union,EUU,1985,6490.26717374341
Fragile and conflict affected situations,FCS,1985,889.203700940944
Finland,FIN,1985,11394.1921044246
Fiji,FJI,1985,1576.72069091401
France,FRA,1985,9657.01938533723
Faroe Islands,FRO,1985,10048.9483272876
"Micronesia, Fed. Sts.",FSM,1985,1136.27633295061
Gabon,GAB,1985,3898.46316935487
United Kingdom,GBR,1985,8652.21654247593
Ghana,GHA,1985,329.714604937014
Guinea,GIN,1985,4061.69867242443
"Gambia, The",GMB,1985,262.816616745779
Guinea-Bissau,GNB,1985,416.576139998898
Equatorial Guinea,GNQ,1985,161.11802183767
Greece,GRC,1985,4746.76035816355
Grenada,GRD,1985,1745.15357435866
Greenland,GRL,1985,7760.83426370628
Guatemala,GTM,1985,1238.47545209176
Guyana,GUY,1985,587.818395225034
High income,HIC,1985,9269.59471447854
"Hong Kong SAR, China",HKG,1985,6542.97352840976
Honduras,HND,1985,1001.1467980095
Heavily indebted poor countries (HIPC),HPC,1985,434.951479538862
Haiti,HTI,1985,324.575156092964
Hungary,HUN,1985,2020.02286569062
IBRD only,IBD,1985,862.742203681183
IDA & IBRD total,IBT,1985,782.446088027187
IDA total,IDA,1985,441.606895989602
IDA blend,IDB,1985,579.675398817695
Indonesia,IDN,1985,511.400883618027
IDA only,IDX,1985,370.935822998349
Isle of Man,IMN,1985,3980.23093051439
India,IND,1985,300.928258576378
Ireland,IRL,1985,6011.7355464232
"Iran, Islamic Rep.",IRN,1985,3634.03209560745
Iraq,IRQ,1985,3087.66394151806
Iceland,ISL,1985,12793.2725790514
Israel,ISR,1985,6828.66439090667
Italy,ITA,1985,8009.10347642127
Jamaica,JAM,1985,916.872292838674
Jordan,JOR,1985,1797.02877146361
Japan,JPN,1985,11809.4603450715
Kenya,KEN,1985,319.503611010714
Cambodia,KHM,1985,182.446852317187
Kiribati,KIR,1985,392.905065394709
St. Kitts and Nevis,KNA,1985,2650.9864691075
"Korea, Rep.",KOR,1985,2542.88419005153
Kuwait,KWT,1985,11321.663553949
Latin America & Caribbean (excluding high income),LAC,1985,1755.0666580486
Lao PDR,LAO,1985,632.801098281291
Liberia,LBR,1985,379.951475961811
Libya,LBY,1985,8087.36306792904
St. Lucia,LCA,1985,2202.28125368301
Latin America & Caribbean,LCN,1985,1888.88683543883
Least developed countries: UN classification,LDC,1985,335.654184276596
Low income,LIC,1985,340.081322057494
Liechtenstein,LIE,1985,19684.2626852288
Sri Lanka,LKA,1985,384.611537689196
Lower middle income,LMC,1985,406.320652267942
Low & middle income,LMY,1985,645.031402996121
Lesotho,LSO,1985,165.373921882027
Late-demographic dividend,LTE,1985,852.160266539025
Luxembourg,LUX,1985,12481.9658448559
"Macao SAR, China",MAC,1985,4701.66434223387
Morocco,MAR,1985,673.2900390625
Monaco,MCO,1985,37689.8648613491
Madagascar,MDG,1985,364.469101913106
Maldives,MDV,1985,668.830135090308
"Middle East, North Africa, Afghanistan & Pakistan",MEA,1985,2039.1574879861
Mexico,MEX,1985,2601.70825226684
Marshall Islands,MHL,1985,1162.01901432695
Middle income,MIC,1985,664.929613257678
Mali,MLI,1985,190.377454158271
Malta,MLT,1985,3322.30879632858
Myanmar,MMR,1985,40.3821412603663
"Middle East, North Africa, Afghanistan & Pakistan (excluding high income)",MNA,1985,1465.40188841291
Mongolia,MNG,1985,1137.90764730312
Mauritania,MRT,1985,593.219654421302
Mauritius,MUS,1985,1068.67359316099
Malawi,MWI,1985,216.054136140391
Malaysia,MYS,1985,2045.57471772113
North America,NAC,1985,17838.5825446095
Namibia,NAM,1985,1466.17924353732
New Caledonia,NCL,1985,5334.82839832455
Niger,NER,1985,202.372740665362
Nigeria,NGA,1985,868.640540548893
Nicaragua,NIC,1985,724.056425347288
Netherlands,NLD,1985,9940.73843593795
Norway,NOR,1985,15753.5527652129
Nepal,NPL,1985,149.900453418882
Nauru,NRU,1985,4858.93351745825
New Zealand,NZL,1985,7600.56524172937
OECD members,OED,1985,9513.4336195632
Oman,OMN,1985,7548.69588410284
Other small states,OSS,1985,2379.80193160861
Pakistan,PAK,1985,317.063499386432
Panama,PAN,1985,2972.18070666064
Peru,PER,1985,767.43588754407
Philippines,PHL,1985,633.211065310196
Palau,PLW,1985,3728.1295295149
Papua New Guinea,PNG,1985,696.574806636325
Pre-demographic dividend,PRE,1985,670.636596004781
Puerto Rico (US),PRI,1985,6008.05448623038
Portugal,PRT,1985,2705.19300197317
Paraguay,PRY,1985,934.991981806694
Pacific island small states,PSS,1985,1145.73022924272
Post-demographic dividend,PST,1985,10531.6489476392
French Polynesia,PYF,1985,8002.08427164997
Qatar,QAT,1985,16815.0419632835
Rwanda,RWA,1985,271.578979038705
South Asia,SAS,1985,290.836561595941
Saudi Arabia,SAU,1985,12745.41992535
Sudan,SDN,1985,326.402770996094
Senegal,SEN,1985,571.417166069201
Singapore,SGP,1985,7001.7667477117
Solomon Islands,SLB,1985,586.02235220521
Sierra Leone,SLE,1985,235.510529343624
El Salvador,SLV,1985,776.424283705702
"Somalia, Fed. Rep.",SOM,1985,130.832875614815
Sub-Saharan Africa (excluding high income),SSA,1985,675.07596436795
Sub-Saharan Africa,SSF,1985,637.484872898001
Small states,SST,1985,2693.95828565609
Sao Tome and Principe,STP,1985,761.407990592529
Suriname,SUR,1985,2255.97717664327
Sweden,SWE,1985,13647.0439039697
Eswatini,SWZ,1985,509.885951472336
Seychelles,SYC,1985,2754.14571028218
Syrian Arab Republic,SYR,1985,1543.7649395519
Chad,TCD,1985,202.710985101435
East Asia & Pacific (IDA & IBRD countries),TEA,1985,362.345629981071
Togo,TGO,1985,312.867204158294
Thailand,THA,1985,773.823923674613
Latin America & the Caribbean (IDA & IBRD countries),TLA,1985,1830.61775316861
"Middle East, North Africa, Afghanistan & Pakistan (IDA & IBRD)",TMN,1985,1453.88640035665
Tonga,TON,1985,612.943575629463
South Asia (IDA & IBRD),TSA,1985,290.836561595941
Sub-Saharan Africa (IDA & IBRD countries),TSS,1985,637.484872898002
Trinidad and Tobago,TTO,1985,6212.00065299742
Tunisia,TUN,1985,1134.99813055736
Turkiye,TUR,1985,1326.42701445307
Tuvalu,TUV,1985,480.095933768573
Tanzania,TZA,1985,700.450073242188
Uganda,UGA,1985,234.276502777526
Upper middle income,UMC,1985,868.179956174679
Uruguay,URY,1985,1568.43216486363
United States,USA,1985,18236.8277265009
St. Vincent and the Grenadines,VCT,1985,1342.2456378927
"Venezuela, RB",VEN,1985,3548.70434276284
Viet Nam,VNM,1985,238.647805313403
Vanuatu,VUT,1985,1011.51017753831
World,WLD,1985,2683.50402889705
Samoa,WSM,1985,572.806387713236
South Africa,ZAF,1985,1839.4841908184
Zambia,ZMB,1985,332.173737253298
Zimbabwe,ZWE,1985,649.27581323637
Aruba,ABW,1986,6767.55922942669
Africa Eastern and Southern,AFE,1986,578.317451651662
Africa Western and Central,AFW,1986,582.885075620736
Angola,AGO,1986,697.526602399253
Albania,ALB,1986,693.873474633887
Andorra,AND,1986,10539.1177869653
Arab World,ARB,1986,2042.4786028706
United Arab Emirates,ARE,1986,23132.0739675988
Argentina,ARG,1986,3436.07819471053
Antigua and Barbuda,ATG,1986,4629.45676400154
Australia,AUS,1986,11406.1093011037
Austria,AUT,1986,13031.8281010744
Burundi,BDI,1986,234.281244809988
Belgium,BEL,1986,12170.0406962702
Benin,BEN,1986,285.771551064424
Burkina Faso,BFA,1986,247.459134637104
Bangladesh,BGD,1986,212.14899385306
Bulgaria,BGR,1986,2260.4272811545
Bahrain,BHR,1986,7776.95657736318
"Bahamas, The",BHS,1986,9600.599527833
Belize,BLZ,1986,1859.10214020555
Bermuda,BMU,1986,20996.9767217163
Bolivia,BOL,1986,604.257233504238
Brazil,BRA,1986,1854.03775211919
Barbados,BRB,1986,6031.35860779383
Brunei Darussalam,BRN,1986,18500.5408625966
Bhutan,BTN,1986,364.694569557154
Botswana,BWA,1986,1199.84677856226
Central African Republic,CAF,1986,426.02699258009
Canada,CAN,1986,14521.1800806
Switzerland,CHE,1986,24459.8536348433
Chile,CHL,1986,1524.97809458987
China,CHN,1986,282.445603096707
Cote d'Ivoire,CIV,1986,877.154956751363
Cameroon,CMR,1986,1178.59374950439
"Congo, Dem. Rep.",COD,1986,250.900914044275
"Congo, Rep.",COG,1986,872.048697635314
Colombia,COL,1986,1169.46212069392
Comoros,COM,1986,646.461974891796
Cabo Verde,CPV,1986,541.142985647338
Costa Rica,CRI,1986,1568.5640969552
Caribbean small states,CSS,1986,3307.33904696522
Cuba,CUB,1986,2364.89559789307
Cyprus,CYP,1986,5642.63134765625
Germany,DEU,1986,13511.1520027486
Dominica,DMA,1986,1892.86556477773
Denmark,DNK,1986,17136.6297376226
Dominican Republic,DOM,1986,931.659530115685
Algeria,DZA,1986,2800.20270812187
East Asia & Pacific (excluding high income),EAP,1986,351.028816056445
Early-demographic dividend,EAR,1986,807.395724412824
East Asia & Pacific,EAS,1986,1833.48735926913
Europe & Central Asia,ECS,1986,6311.90579736774
Ecuador,ECU,1986,1604.24698102055
"Egypt, Arab Rep.",EGY,1986,790.201793698565
Euro area,EMU,1986,10846.4728922026
Spain,ESP,1986,6508.8506547565
Ethiopia,ETH,1986,245.977228769295
European Union,EUU,1986,9042.11917395753
Fragile and conflict affected situations,FCS,1986,801.009794575855
Finland,FIN,1986,14946.9926198261
Fiji,FJI,1986,1745.24126633634
France,FRA,1986,13430.4824599685
Faroe Islands,FRO,1986,14933.8685239492
"Micronesia, Fed. Sts.",FSM,1986,1216.15763119676
Gabon,GAB,1986,3864.67453823981
United Kingdom,GBR,1986,10611.112210096
Ghana,GHA,1986,410.711658388611
Guinea,GIN,1986,505.876944250303
"Gambia, The",GMB,1986,207.654408714945
Guinea-Bissau,GNB,1986,371.137575913103
Equatorial Guinea,GNQ,1986,188.78702702248
Greece,GRC,1986,5577.83258692769
Grenada,GRD,1986,1938.10850906698
Greenland,GRL,1986,11271.3325735884
Guatemala,GTM,1986,896.063263473632
Guyana,GUY,1986,657.014000212061
High income,HIC,1986,11184.5378321116
"Hong Kong SAR, China",HKG,1986,7434.99925513073
Honduras,HND,1986,1057.81228119586
Heavily indebted poor countries (HIPC),HPC,1986,389.53568222666
Haiti,HTI,1986,366.997344256492
Hungary,HUN,1986,2330.84188308476
IBRD only,IBD,1986,879.108556692831
IDA & IBRD total,IBT,1986,782.706292921545
IDA total,IDA,1986,389.611160468923
IDA blend,IDB,1986,519.243541042603
Indonesia,IDN,1986,469.834241253429
IDA only,IDX,1986,322.428174553117
Isle of Man,IMN,1986,5507.18003873984
India,IND,1986,314.897116402542
Ireland,IRL,1986,8112.17136316453
"Iran, Islamic Rep.",IRN,1986,4064.34667297515
Iraq,IRQ,1986,2940.40623181091
Iceland,ISL,1986,16979.5217287811
Israel,ISR,1986,8335.46286893748
Italy,ITA,1986,11341.0939892903
Jamaica,JAM,1986,1191.34976782142
Jordan,JOR,1986,2200.10278230881
Japan,JPN,1986,17451.8349394142
Kenya,KEN,1986,363.745117772717
Cambodia,KHM,1986,185.759997798349
Kiribati,KIR,1986,381.918758641144
St. Kitts and Nevis,KNA,1986,3140.11209537184
"Korea, Rep.",KOR,1986,2910.82908054352
Kuwait,KWT,1986,9076.70885221848
Latin America & Caribbean (excluding high income),LAC,1986,1742.35358904094
Lao PDR,LAO,1986,461.911552367003
Liberia,LBR,1986,364.288669189794
Libya,LBY,1986,6018.91345215523
St. Lucia,LCA,1986,2590.69331524928
Latin America & Caribbean,LCN,1986,1874.4681127503
Least developed countries: UN classification,LDC,1986,284.844932219495
Low income,LIC,1986,349.298899946602
Liechtenstein,LIE,1986,28612.8865004795
Sri Lanka,LKA,1986,407.164600454213
Lower middle income,LMC,1986,398.187078252626
Low & middle income,LMY,1986,645.01116093056
Lesotho,LSO,1986,191.375758184053
Late-demographic dividend,LTE,1986,892.148642181842
Luxembourg,LUX,1986,18149.8692500239
"Macao SAR, China",MAC,1986,5175.15646068506
Morocco,MAR,1986,855.169311523438
Monaco,MCO,1986,52082.4508807502
Madagascar,MDG,1986,404.959271422966
Maldives,MDV,1986,720.452201133255
"Middle East, North Africa, Afghanistan & Pakistan",MEA,1986,2000.41414631101
Mexico,MEX,1986,1756.93563367491
Marshall Islands,MHL,1986,1425.16418062414
Middle income,MIC,1986,664.555821393631
Mali,MLI,1986,250.013920202755
Malta,MLT,1986,4194.53480236296
Myanmar,MMR,1986,42.4193735892874
"Middle East, North Africa, Afghanistan & Pakistan (excluding high income)",MNA,1986,1527.50087137492
Mongolia,MNG,1986,1469.42176378914
Mauritania,MRT,1986,677.363323878901
Mauritius,MUS,1986,1441.71452837714
Malawi,MWI,1986,217.8701899466
Malaysia,MYS,1986,1759.73185736702
North America,NAC,1986,18625.6594397012
Namibia,NAM,1986,1599.39785666132
New Caledonia,NCL,1986,7374.68547045802
Niger,NER,1986,259.561894151866
Nigeria,NGA,1986,628.248453718536
Nicaragua,NIC,1986,760.59055909276
Netherlands,NLD,1986,13804.1360603265
Norway,NOR,1986,18883.2333523873
Nepal,NPL,1986,159.545682806044
Nauru,NRU,1986,4568.67887653491
New Zealand,NZL,1986,9427.55394035348
OECD members,OED,1986,11438.7298803863
Oman,OMN,1986,5181.87980290561
Other small states,OSS,1986,2329.74925875711
Pakistan,PAK,1986,313.946324043906
Panama,PAN,1986,3019.48150533575
Peru,PER,1986,1086.60913755382
Philippines,PHL,1986,600.002843935462
Palau,PLW,1986,4143.56203650884
Papua New Guinea,PNG,1986,744.908522742949
Pre-demographic dividend,PRE,1986,565.833192274468
Puerto Rico (US),PRI,1986,6455.18446107614
Portugal,PRT,1986,3861.9484333688
Paraguay,PRY,1986,1031.15623781062
Pacific island small states,PSS,1986,1222.70707456586
Post-demographic dividend,PST,1986,12805.7247263693
French Polynesia,PYF,1986,11913.8267538469
Qatar,QAT,1986,13213.2093617769
Rwanda,RWA,1986,297.725981822308
South Asia,SAS,1986,302.215568474208
Saudi Arabia,SAU,1986,10078.2896080512
Sudan,SDN,1986,400.333557128906
Senegal,SEN,1986,783.940524706279
Singapore,SGP,1986,6799.93036332671
Solomon Islands,SLB,1986,505.821806525665
Sierra Leone,SLE,1986,131.473041005587
El Salvador,SLV,1986,755.425135831439
"Somalia, Fed. Rep.",SOM,1986,131.414859681198
Sub-Saharan Africa (excluding high income),SSA,1986,612.290345475843
Sub-Saharan Africa,SSF,1986,580.523381886051
Small states,SST,1986,2491.67827849373
Sao Tome and Principe,STP,1986,1042.99511241999
Suriname,SUR,1986,2271.04733260266
Sweden,SWE,1986,17954.9510185679
Eswatini,SWZ,1986,611.298158219647
Seychelles,SYC,1986,3368.4740950781
Syrian Arab Republic,SYR,1986,1208.16084262217
Chad,TCD,1986,203.354449515341
East Asia & Pacific (IDA & IBRD countries),TEA,1986,355.377868708384
Togo,TGO,1986,422.277296555811
Thailand,THA,1986,842.098436226451
Latin America & the Caribbean (IDA & IBRD countries),TLA,1986,1809.28901937081
"Middle East, North Africa, Afghanistan & Pakistan (IDA & IBRD)",TMN,1986,1515.49739425418
Tonga,TON,1986,695.805077185729
South Asia (IDA & IBRD),TSA,1986,302.215568474208
Sub-Saharan Africa (IDA & IBRD countries),TSS,1986,580.523381886051
Trinidad and Tobago,TTO,1986,3984.99609719733
Tunisia,TUN,1986,1186.50651525734
Turkiye,TUR,1986,1461.49658654754
Tuvalu,TUV,1986,556.736790985481
Tanzania,TZA,1986,479.281768798828
Uganda,UGA,1986,253.643058810817
Upper middle income,UMC,1986,875.756759565109
Uruguay,URY,1986,1938.8108486947
United States,USA,1986,19071.2271949295
St. Vincent and the Grenadines,VCT,1986,1471.86296489478
"Venezuela, RB",VEN,1986,3376.34960597843
Viet Nam,VNM,1986,436.419296772225
Vanuatu,VUT,1986,945.998619022206
World,WLD,1986,3108.41144802427
Samoa,WSM,1986,604.257418815764
South Africa,ZAF,1986,2027.4662038189
Zambia,ZMB,1986,238.23379616097
Zimbabwe,ZWE,1986,692.529276865648
Aruba,ABW,1987,8244.04566011433
Africa Eastern and Southern,AFE,1987,664.791812942192
Africa Western and Central,AFW,1987,583.317520182878
Angola,AGO,1987,770.10114008645
Albania,ALB,1987,674.793383069492
Andorra,AND,1987,12828.1519430152
Arab World,ARB,1987,2108.46610373939
United Arab Emirates,ARE,1987,23112.623420646
Argentina,ARG,1987,3477.30131979313
Antigua and Barbuda,ATG,1987,5424.36847756962
Australia,AUS,1987,11665.5298271811
Austria,AUT,1987,16328.5613047296
Burundi,BDI,1987,215.608311467483
Belgium,BEL,1987,15135.8523116968
Benin,BEN,1987,324.253765166191
Burkina Faso,BFA,1987,280.218092226592
Bangladesh,BGD,1987,231.499584520483
Bulgaria,BGR,1987,3132.30136036246
Bahrain,BHR,1987,8332.91425406054
"Bahamas, The",BHS,1987,10361.3488079104
Belize,BLZ,1987,2165.89431416265
Bermuda,BMU,1987,23042.7435883764
Bolivia,BOL,1987,649.708769442851
Brazil,BRA,1987,2006.00226235757
Barbados,BRB,1987,6624.59939505809
Brunei Darussalam,BRN,1987,21029.7189772961
Bhutan,BTN,1987,449.060443850487
Botswana,BWA,1987,1638.82669390133
Central African Republic,CAF,1987,449.952130096608
Canada,CAN,1987,16377.6902109541
Switzerland,CHE,1987,30440.5108240499
Chile,CHL,1987,1767.41389670161
China,CHN,1987,252.256760114454
Cote d'Ivoire,CIV,1987,929.611362954514
Cameroon,CMR,1987,1258.31412766207
"Congo, Dem. Rep.",COD,1987,230.086415834499
"Congo, Rep.",COG,1987,1052.33893542503
Colombia,COL,1987,1192.58828638182
Comoros,COM,1987,763.310316408075
Cabo Verde,CPV,1987,658.415191378217
Costa Rica,CRI,1987,1567.0320510901
Caribbean small states,CSS,1987,3439.60046333553
Cuba,CUB,1987,2439.58400332393
Cyprus,CYP,1987,6690.578125
Germany,DEU,1987,16738.6132825523
Djibouti,DJI,1987,821.682570354282
Dominica,DMA,1987,2138.30385149099
Denmark,DNK,1987,21295.6768566078
Dominican Republic,DOM,1987,868.087557831807
Algeria,DZA,1987,2847.0776691988
East Asia & Pacific (excluding high income),EAP,1987,340.936766529025
Early-demographic dividend,EAR,1987,800.414142936597
East Asia & Pacific,EAS,1987,2118.31901292557
Europe & Central Asia (excluding high income),ECA,1987,1174.52679004131
Europe & Central Asia,ECS,1987,7746.34327897063
Ecuador,ECU,1987,1426.01629151663
"Egypt, Arab Rep.",EGY,1987,753.722263747615
Euro area,EMU,1987,13379.9532049657
Spain,ESP,1987,8233.72822993027
Ethiopia,ETH,1987,254.121329421554
European Union,EUU,1987,11144.9676483273
Fragile and conflict affected situations,FCS,1987,787.120009595929
Finland,FIN,1987,18565.0264426011
Fiji,FJI,1987,1569.46727039388
France,FRA,1987,16175.7090467566
Faroe Islands,FRO,1987,18982.6475307663
"Micronesia, Fed. Sts.",FSM,1987,1230.44156720509
Gabon,GAB,1987,3624.37675865476
United Kingdom,GBR,1987,13118.586534629
Georgia,GEO,1987,1543.58202459728
Ghana,GHA,1987,355.153724919203
Guinea,GIN,1987,504.510868799406
"Gambia, The",GMB,1987,236.954802725846
Guinea-Bissau,GNB,1987,487.551949436993
Equatorial Guinea,GNQ,1987,220.925441822509
Greece,GRC,1987,6473.57783168117
Grenada,GRD,1987,2204.6384515886
Greenland,GRL,1987,14554.3513669736
Guatemala,GTM,1987,853.903772501246
Guyana,GUY,1987,464.052566270711
High income,HIC,1987,12880.4033626254
"Hong Kong SAR, China",HKG,1987,9071.39076473445
Honduras,HND,1987,1097.85859892373
Heavily indebted poor countries (HIPC),HPC,1987,403.910480739514
Haiti,HTI,1987,317.635520687503
Hungary,HUN,1987,2565.9739107384
IBRD only,IBD,1987,888.944696065206
IDA & IBRD total,IBT,1987,790.469132838511
IDA total,IDA,1987,391.983544690911
IDA blend,IDB,1987,518.767841753053
Indonesia,IDN,1987,437.60655039936
IDA only,IDX,1987,325.953075568313
Isle of Man,IMN,1987,7012.1421130624
India,IND,1987,344.941028293075
Ireland,IRL,1987,9581.91308572415
"Iran, Islamic Rep.",IRN,1987,2513.15111564745
Iraq,IRQ,1987,3436.4763126353
Iceland,ISL,1987,23238.0398336304
Israel,ISR,1987,9853.40893452981
Italy,ITA,1987,14267.5368168757
Jamaica,JAM,1987,1410.84598702428
Jordan,JOR,1987,2216.87045179385
Japan,JPN,1987,21141.7183951789
Kenya,KEN,1987,386.630929992512
Cambodia,KHM,1987,158.124375446975
Kiribati,KIR,1987,423.822473332128
St. Kitts and Nevis,KNA,1987,3573.284031831
"Korea, Rep.",KOR,1987,3657.71773432329
Kuwait,KWT,1987,10895.6500280404
Latin America & Caribbean (excluding high income),LAC,1987,1872.03714995567
Lao PDR,LAO,1987,274.729585339944
Liberia,LBR,1987,409.215940071402
Libya,LBY,1987,6464.7328401846
St. Lucia,LCA,1987,2818.91475118073
Latin America & Caribbean,LCN,1987,1972.15072933032
Least developed countries: UN classification,LDC,1987,295.20966308461
Low income,LIC,1987,358.20692322369
Liechtenstein,LIE,1987,38206.2269467289
Sri Lanka,LKA,1987,419.824409443665
Lower middle income,LMC,1987,423.555461616382
Low & middle income,LMY,1987,651.89744802442
Lesotho,LSO,1987,236.451032636079
Late-demographic dividend,LTE,1987,927.490790277
Luxembourg,LUX,1987,22443.4314633012
"Macao SAR, China",MAC,1987,6380.07114016362
Morocco,MAR,1987,937.457153320313
Monaco,MCO,1987,62456.0708848997
Madagascar,MDG,1987,290.831531079348
Maldives,MDV,1987,692.459838892363
"Middle East, North Africa, Afghanistan & Pakistan",MEA,1987,1810.61784034747
Mexico,MEX,1987,1888.2631431041
Marshall Islands,MHL,1987,1542.64230430097
Middle income,MIC,1987,671.488290927628
Mali,MLI,1987,280.723262413678
Malta,MLT,1987,5083.80179308013
Myanmar,MMR,1987,41.1478137224602
"Middle East, North Africa, Afghanistan & Pakistan (excluding high income)",MNA,1987,1297.36415829114
Mongolia,MNG,1987,1493.28238085822
Mauritania,MRT,1987,745.787178962507
Mauritius,MUS,1987,1839.79109565422
Malawi,MWI,1987,207.605894737179
Malaysia,MYS,1987,1977.1290866202
North America,NAC,1987,19679.3370907984
Namibia,NAM,1987,1969.42364982372
New Caledonia,NCL,1987,8983.35708724875
Niger,NER,1987,295.326253933298
Nigeria,NGA,1987,587.956613434089
Nicaragua,NIC,1987,992.024066415935
Netherlands,NLD,1987,16734.1514052316
Norway,NOR,1987,22505.8622623684
Nepal,NPL,1987,162.036906898913
Nauru,NRU,1987,4484.50814586951
New Zealand,NZL,1987,12330.9168305483
OECD members,OED,1987,13143.0606690674
Oman,OMN,1987,5203.99994065839
Other small states,OSS,1987,2860.79960151015
Pakistan,PAK,1987,317.23867416111
Panama,PAN,1987,2966.00967866653
Peru,PER,1987,1792.30070238361
Philippines,PHL,1987,649.812857590607
Palau,PLW,1987,4616.29028882378
Papua New Guinea,PNG,1987,865.468569563314
Pre-demographic dividend,PRE,1987,592.46744900635
Puerto Rico (US),PRI,1987,6980.49014338219
Portugal,PRT,1987,4803.86609546941
Paraguay,PRY,1987,1068.95380287336
Pacific island small states,PSS,1987,1173.87310359514
Post-demographic dividend,PST,1987,14764.815364129
French Polynesia,PYF,1987,14061.3873698969
Qatar,QAT,1987,13718.7911520477
Romania,ROU,1987,1658.75873899995
Rwanda,RWA,1987,319.643663252334
South Asia,SAS,1987,330.263803635955
Saudi Arabia,SAU,1987,9385.98469519899
Sudan,SDN,1987,471.1572265625
Senegal,SEN,1987,916.09484148409
Singapore,SGP,1987,7539.02930212443
Solomon Islands,SLB,1987,514.6693332731
Sierra Leone,SLE,1987,172.364214833661
El Salvador,SLV,1987,777.239402479086
"Somalia, Fed. Rep.",SOM,1987,140.969852181578
Sub-Saharan Africa (excluding high income),SSA,1987,667.631775029137
Sub-Saharan Africa,SSF,1987,631.57325018827
Small states,SST,1987,2825.11103257746
Sao Tome and Principe,STP,1987,1017.85413731046
Suriname,SUR,1987,2469.06737278634
Sweden,SWE,1987,21760.9646490625
Eswatini,SWZ,1987,764.752134047322
Seychelles,SYC,1987,3871.77851995844
Syrian Arab Republic,SYR,1987,997.128134355135
Chad,TCD,1987,213.931729919066
East Asia & Pacific (IDA & IBRD countries),TEA,1987,345.154435745665
Togo,TGO,1987,482.289598775121
Thailand,THA,1987,970.452522513385
Turkmenistan,TKM,1987,675.221678074412
Latin America & the Caribbean (IDA & IBRD countries),TLA,1987,1903.50395165055
"Middle East, North Africa, Afghanistan & Pakistan (IDA & IBRD)",TMN,1987,1287.16915200135
Tonga,TON,1987,830.153019585043
South Asia (IDA & IBRD),TSA,1987,330.263803635955
Sub-Saharan Africa (IDA & IBRD countries),TSS,1987,631.57325018827
Trinidad and Tobago,TTO,1987,3941.12013972631
Tunisia,TUN,1987,1244.76663577347
Turkiye,TUR,1987,1649.96264794402
Tuvalu,TUV,1987,599.750746530394
Tanzania,TZA,1987,334.822784423828
Uganda,UGA,1987,392.97074320479
Ukraine,UKR,1987,1244.04125976563
Upper middle income,UMC,1987,868.390301826451
Uruguay,URY,1987,2415.6541994875
United States,USA,1987,20038.9410992658
Uzbekistan,UZB,1987,450.244536476152
St. Vincent and the Grenadines,VCT,1987,1596.17319303831
"Venezuela, RB",VEN,1987,2610.98837126004
Viet Nam,VNM,1987,595.247488701606
Vanuatu,VUT,1987,1016.59904763078
World,WLD,1987,3475.65832276632
Samoa,WSM,1987,666.308337309081
South Africa,ZAF,1987,2586.27423314228
Zambia,ZMB,1987,314.999602622841
Zimbabwe,ZWE,1987,726.43141011947
Aruba,ABW,1988,10056.2613927414
Africa Eastern and Southern,AFE,1988,704.142065764844
Africa Western and Central,AFW,1988,563.117147218986
Angola,AGO,1988,807.43962838624
Albania,ALB,1988,652.774321396566
Andorra,AND,1988,14599.0355178798
Arab World,ARB,1988,2041.96156254739
United Arab Emirates,ARE,1988,21569.7068852997
Argentina,ARG,1988,3992.70330179156
Antigua and Barbuda,ATG,1988,6466.15683473424
Australia,AUS,1988,14303.093047615
Austria,AUT,1988,17509.7658683817
Burundi,BDI,1988,201.740400815807
Belgium,BEL,1988,16391.093827791
Benin,BEN,1988,326.179757700303
Burkina Faso,BFA,1988,301.129214663833
Bangladesh,BGD,1988,247.901465967332
Bulgaria,BGR,1988,2511.39306259489
Bahrain,BHR,1988,8771.7853534009
"Bahamas, The",BHS,1988,10575.797153666
Belize,BLZ,1988,2405.81116565818
Bermuda,BMU,1988,24958.1127004004
Bolivia,BOL,1988,672.607268146683
Brazil,BRA,1988,2140.65027561164
Barbados,BRB,1988,7032.65370811416
Brunei Darussalam,BRN,1988,18824.7637309359
Bhutan,BTN,1988,488.877757351253
Botswana,BWA,1988,2140.51439180359
Central African Republic,CAF,1988,466.070596898859
Canada,CAN,1988,19012.5723278349
Switzerland,CHE,1988,32690.4302734561
Chile,CHL,1988,2013.53987790886
China,CHN,1988,284.023573149686
Cote d'Ivoire,CIV,1988,909.534182158689
Cameroon,CMR,1988,1145.16555992416
"Congo, Dem. Rep.",COD,1988,257.725151748806
"Congo, Rep.",COG,1988,984.376285838246
Colombia,COL,1988,1259.6174112078
Comoros,COM,1988,797.801503027398
Cabo Verde,CPV,1988,729.470012847852
Costa Rica,CRI,1988,1554.74048522018
Caribbean small states,CSS,1988,3530.0768972102
Cuba,CUB,1988,2632.04176839158
Cyprus,CYP,1988,7645.6298828125
Germany,DEU,1988,17996.9783507619
Djibouti,DJI,1988,816.874614065329
Dominica,DMA,1988,2423.32574317463
Denmark,DNK,1988,22524.5792595476
Dominican Republic,DOM,1988,783.913142122635
Algeria,DZA,1988,2450.87242078961
East Asia & Pacific (excluding high income),EAP,1988,371.9254393204
Early-demographic dividend,EAR,1988,824.760473918877
East Asia & Pacific,EAS,1988,2505.86716715602
Europe & Central Asia (excluding high income),ECA,1988,1284.36981012792
Europe & Central Asia,ECS,1988,8570.85351449003
Ecuador,ECU,1988,1303.77906073184
"Egypt, Arab Rep.",EGY,1988,633.839369496566
Euro area,EMU,1988,14667.4326412971
Spain,ESP,1988,9696.1928538538
Ethiopia,ETH,1988,253.248262470167
European Union,EUU,1988,12196.9043169801
Fragile and conflict affected situations,FCS,1988,835.813705522075
Finland,FIN,1988,22043.7701596288
Fiji,FJI,1988,1463.04720165947
France,FRA,1988,17549.6440487161
Faroe Islands,FRO,1988,20453.530924512
"Micronesia, Fed. Sts.",FSM,1988,1284.2827275817
Gabon,GAB,1988,4118.60473032795
United Kingdom,GBR,1988,15987.1680775688
Georgia,GEO,1988,1843.90343235858
Ghana,GHA,1988,355.121844932881
Guinea,GIN,1988,574.001127225182
"Gambia, The",GMB,1988,274.874465999589
Guinea-Bissau,GNB,1988,453.807472688208
Equatorial Guinea,GNQ,1988,228.669232827247
Greece,GRC,1988,7492.35204811251
Grenada,GRD,1988,2404.25523562379
Greenland,GRL,1988,16397.9501938761
Guatemala,GTM,1988,919.070773138882
Guyana,GUY,1988,544.715209244099
High income,HIC,1988,14398.6649680219
"Hong Kong SAR, China",HKG,1988,10609.7456394545
Honduras,HND,1988,1039.29410284648
Heavily indebted poor countries (HIPC),HPC,1988,413.452348940116
Haiti,HTI,1988,397.365336276412
Hungary,HUN,1988,2812.23754602897
IBRD only,IBD,1988,932.785048600875
IDA & IBRD total,IBT,1988,826.807237789215
IDA total,IDA,1988,402.393570546579
IDA blend,IDB,1988,524.159879819327
Indonesia,IDN,1988,476.662483405818
IDA only,IDX,1988,339.069289904144
Isle of Man,IMN,1988,8768.79053218172
India,IND,1988,358.484539641693
Ireland,IRL,1988,10715.8702780539
"Iran, Islamic Rep.",IRN,1988,2234.46235141335
Iraq,IRQ,1988,3707.20841763297
Iceland,ISL,1988,25306.6926061001
Israel,ISR,1988,11852.9826452892
Italy,ITA,1988,15780.9495122174
Jamaica,JAM,1988,1632.01481656159
Jordan,JOR,1988,1965.98031813995
Japan,JPN,1988,25499.8811728107
Kenya,KEN,1988,391.238771204282
Cambodia,KHM,1988,244.109577464605
Kiribati,KIR,1988,535.915134580045
St. Kitts and Nevis,KNA,1988,4205.65468298165
"Korea, Rep.",KOR,1988,4888.68509195605
Kuwait,KWT,1988,9692.34754600725
Latin America & Caribbean (excluding high income),LAC,1988,1996.97701624368
Lao PDR,LAO,1988,147.070942942331
Lebanon,LBN,1988,959.153901867443
Liberia,LBR,1988,424.325719336919
Libya,LBY,1988,5736.28243992278
St. Lucia,LCA,1988,3182.44170096022
Latin America & Caribbean,LCN,1988,2121.45481928375
Least developed countries: UN classification,LDC,1988,315.955792959646
Low income,LIC,1988,378.985964825507
Liechtenstein,LIE,1988,41568.5441182755
Sri Lanka,LKA,1988,434.015552780537
Lower middle income,LMC,1988,426.609476571407
Low & middle income,LMY,1988,681.284528572487
Lesotho,LSO,1988,270.36712009929
Late-demographic dividend,LTE,1988,996.541768611658
Luxembourg,LUX,1988,25219.3542781732
"Macao SAR, China",MAC,1988,7242.91715984991
Morocco,MAR,1988,1086.03527832031
Monaco,MCO,1988,67180.5763713568
Madagascar,MDG,1988,280.528398357653
Maldives,MDV,1988,799.082501719284
"Middle East, North Africa, Afghanistan & Pakistan",MEA,1988,1755.78284468907
Mexico,MEX,1988,2278.81222720992
Marshall Islands,MHL,1988,1670.28189314997
Middle income,MIC,1988,701.623160326822
Mali,MLI,1988,307.019371606958
Malta,MLT,1988,5814.44775940093
Myanmar,MMR,1988,39.9236088878004
"Middle East, North Africa, Afghanistan & Pakistan (excluding high income)",MNA,1988,1221.34786873756
Mongolia,MNG,1988,1543.33555521093
Mauritania,MRT,1988,762.423918016846
Mauritius,MUS,1988,2073.59238787189
Malawi,MWI,1988,229.421843922728
Malaysia,MYS,1988,2099.95467656701
North America,NAC,1988,21180.3472351774
Namibia,NAM,1988,2062.57997582884
New Caledonia,NCL,1988,12301.1923190702
Niger,NER,1988,292.587878484489
Nigeria,NGA,1988,539.539468397166
Nicaragua,NIC,1988,662.308196621167
Netherlands,NLD,1988,17770.6162376388
Norway,NOR,1988,24207.281468963
Nepal,NPL,1988,187.084777621975
Nauru,NRU,1988,5011.58031484611
New Zealand,NZL,1988,13759.1556295922
OECD members,OED,1988,14699.4122913473
Oman,OMN,1988,5279.10411437183
Other small states,OSS,1988,3025.7530579756
Pakistan,PAK,1988,353.85454278549
Panama,PAN,1988,2508.78229277879
Peru,PER,1988,733.299784874657
Philippines,PHL,1988,722.343718454247
Palau,PLW,1988,5145.00614544213
Papua New Guinea,PNG,1988,984.993556016427
Pre-demographic dividend,PRE,1988,604.357525676561
Puerto Rico (US),PRI,1988,7595.44465611829
Portugal,PRT,1988,5623.69699982123
Paraguay,PRY,1988,1113.89406863138
Pacific island small states,PSS,1988,1188.98390796449
Post-demographic dividend,PST,1988,16538.1506068162
French Polynesia,PYF,1988,13952.8382782589
Qatar,QAT,1988,14682.0218472004
Romania,ROU,1988,1753.19285632198
Russian Federation,RUS,1988,3778.01977539063
Rwanda,RWA,1988,343.781325819105
South Asia,SAS,1988,344.39140735961
Saudi Arabia,SAU,1988,9165.49615323397
Sudan,SDN,1988,553.07861328125
Senegal,SEN,1988,880.487755138196
Singapore,SGP,1988,8914.44122574729
Solomon Islands,SLB,1988,567.022935580171
Sierra Leone,SLE,1988,268.160979625957
El Salvador,SLV,1988,806.392353256927
"Somalia, Fed. Rep.",SOM,1988,145.341346820158
Sub-Saharan Africa (excluding high income),SSA,1988,684.428660072219
Sub-Saharan Africa,SSF,1988,646.450584676321
Small states,SST,1988,2946.35966263778
Sao Tome and Principe,STP,1988,846.60177007008
Suriname,SUR,1988,2886.42980207694
Sweden,SWE,1988,24499.1240758517
Eswatini,SWZ,1988,865.25154443731
Seychelles,SYC,1988,4392.19864861545
Syrian Arab Republic,SYR,1988,897.70876335774
Chad,TCD,1988,263.544647841815
East Asia & Pacific (IDA & IBRD countries),TEA,1988,376.514745475974
Europe & Central Asia (IDA & IBRD countries),TEC,1988,2335.03182707538
Togo,TGO,1988,516.536238879357
Thailand,THA,1988,1164.20096229495
Turkmenistan,TKM,1988,845.932942002334
Latin America & the Caribbean (IDA & IBRD countries),TLA,1988,2047.52068815623
"Middle East, North Africa, Afghanistan & Pakistan (IDA & IBRD)",TMN,1988,1211.75021712663
Tonga,TON,1988,1077.6835915018
South Asia (IDA & IBRD),TSA,1988,344.39140735961
Sub-Saharan Africa (IDA & IBRD countries),TSS,1988,646.450584676321
Trinidad and Tobago,TTO,1988,3655.81977035897
Tunisia,TUN,1988,1266.07583258953
Turkiye,TUR,1988,1685.69479240535
Tuvalu,TUV,1988,823.087505442832
Tanzania,TZA,1988,307.50634765625
Uganda,UGA,1988,395.187660960924
Ukraine,UKR,1988,1444.248046875
Upper middle income,UMC,1988,921.812027727811
Uruguay,URY,1988,2677.19777690993
United States,USA,1988,21417.0119305191
Uzbekistan,UZB,1988,550.999615085024
St. Vincent and the Grenadines,VCT,1988,1813.93765107441
"Venezuela, RB",VEN,1988,3191.47633742656
Viet Nam,VNM,1988,404.559305078888
Vanuatu,VUT,1988,1125.00616977712
World,WLD,1988,3815.55297783922
Samoa,WSM,1988,790.134992313838
South Africa,ZAF,1988,2702.05504774508
Zambia,ZMB,1988,504.486020154114
Zimbabwe,ZWE,1988,815.89246404532
Aruba,ABW,1989,11507.2171509849
Africa Eastern and Southern,AFE,1989,728.243318574474
Africa Western and Central,AFW,1989,512.4777353649
Angola,AGO,1989,907.747893072936
Albania,ALB,1989,697.995596576519
Andorra,AND,1989,15714.9265516576
Arab World,ARB,1989,2117.69374656993
United Arab Emirates,ARE,1989,23166.7305903787
Argentina,ARG,1989,2374.57321551641
Antigua and Barbuda,ATG,1989,7187.90484128028
Australia,AUS,1989,17857.5520554588
Austria,AUT,1989,17400.5226619741
Burundi,BDI,1989,203.578944192449
Belgium,BEL,1989,16525.0617432848
Benin,BEN,1989,293.321949550953
Burkina Faso,BFA,1989,293.188703727147
Bangladesh,BGD,1989,263.005720827547
Bulgaria,BGR,1989,2477.0208179596
Bahrain,BHR,1989,8833.41134256929
"Bahamas, The",BHS,1989,11291.4764472044
Belize,BLZ,1989,2741.93638439592
Bermuda,BMU,1989,26282.6240963434
Bolivia,BOL,1989,675.469993900788
Brazil,BRA,1989,2818.99277980122
Barbados,BRB,1989,7772.55022803365
Brunei Darussalam,BRN,1989,20090.0690184766
Bhutan,BTN,1989,461.654618792732
Botswana,BWA,1989,2427.68261967121
Central African Republic,CAF,1989,443.226859814307
Canada,CAN,1989,20794.682233334
Switzerland,CHE,1989,31308.6508343136
Chile,CHL,1989,2277.84764297202
China,CHN,1989,311.429461227032
Cote d'Ivoire,CIV,1989,832.559837958259
Cameroon,CMR,1989,1000.89261316386
"Congo, Dem. Rep.",COD,1989,254.231037905154
"Congo, Rep.",COG,1989,1032.8649749016
Colombia,COL,1989,1244.3269459081
Comoros,COM,1989,758.861242815325
Cabo Verde,CPV,1989,727.151685588784
Costa Rica,CRI,1989,1725.13936155907
Caribbean small states,CSS,1989,3468.58939836147
Cuba,CUB,1989,2565.54117909344
Cyprus,CYP,1989,8038.9140625
Germany,DEU,1989,17829.4609524705
Djibouti,DJI,1989,781.9168386713
Dominica,DMA,1989,2639.0495483153
Denmark,DNK,1989,21882.1517463842
Dominican Republic,DOM,1989,954.914504449885
Algeria,DZA,1989,2247.4602712492
East Asia & Pacific (excluding high income),EAP,1989,395.426029999221
Early-demographic dividend,EAR,1989,819.312297121629
East Asia & Pacific,EAS,1989,2569.5527191665
Europe & Central Asia (excluding high income),ECA,1989,1438.8173010524
Europe & Central Asia,ECS,1989,8631.06466394315
Ecuador,ECU,1989,1356.28045636224
"Egypt, Arab Rep.",EGY,1989,701.037717929191
Euro area,EMU,1989,14916.0812074781
Spain,ESP,1989,10674.3410230107
Ethiopia,ETH,1989,256.386475306315
European Union,EUU,1989,12414.3519594263
Fragile and conflict affected situations,FCS,1989,808.34209224195
Finland,FIN,1989,23969.052798644
Fiji,FJI,1989,1543.2961719258
France,FRA,1989,17547.2645422514
Faroe Islands,FRO,1989,18181.2283745133
"Micronesia, Fed. Sts.",FSM,1989,1365.61518337828
Gabon,GAB,1989,4373.88491926948
United Kingdom,GBR,1989,16239.2821960944
Georgia,GEO,1989,1853.44090838675
Ghana,GHA,1989,349.964941914982
Guinea,GIN,1989,570.493417986787
"Gambia, The",GMB,1989,280.929809553919
Guinea-Bissau,GNB,1989,578.490985831256
Equatorial Guinea,GNQ,1989,193.2233561169
Greece,GRC,1989,7737.54385772032
Grenada,GRD,1989,2696.98290193019
Greenland,GRL,1989,16813.7414501107
Guatemala,GTM,1989,958.427471156263
Guyana,GUY,1989,503.109019103922
High income,HIC,1989,14891.784569451
"Hong Kong SAR, China",HKG,1989,12097.7487914553
Honduras,HND,1989,903.767650161806
Heavily indebted poor countries (HIPC),HPC,1989,409.390095483576
Haiti,HTI,1989,407.498708064211
Hungary,HUN,1989,2902.43508126549
IBRD only,IBD,1989,954.468824209255
IDA & IBRD total,IBT,1989,841.747349803477
IDA total,IDA,1989,393.644760724518
IDA blend,IDB,1989,493.693837000496
Indonesia,IDN,1989,524.143027322576
IDA only,IDX,1989,342.707438106221
Isle of Man,IMN,1989,9110.77499886082
India,IND,1989,349.915155021864
Ireland,IRL,1989,11175.816603647
"Iran, Islamic Rep.",IRN,1989,2124.97214820344
Iraq,IRQ,1989,3791.17027583399
Iceland,ISL,1989,23218.5398304599
Israel,ISR,1989,11607.6758419907
Italy,ITA,1989,16424.4301587005
Jamaica,JAM,1989,1864.98497550062
Jordan,JOR,1989,1260.2518650001
Japan,JPN,1989,25265.9487590208
Kenya,KEN,1989,374.489193682103
Cambodia,KHM,1989,191.297492431658
Kiribati,KIR,1989,514.652948165033
St. Kitts and Nevis,KNA,1989,4723.45351878204
"Korea, Rep.",KOR,1989,5989.2109474999
Kuwait,KWT,1989,10964.6929080372
Latin America & Caribbean (excluding high income),LAC,1989,2227.16437642355
Lao PDR,LAO,1989,170.377296803511
Lebanon,LBN,1989,771.001121245521
Liberia,LBR,1989,312.289255390892
Libya,LBY,1989,5792.5791631313
St. Lucia,LCA,1989,3565.01015783716
Latin America & Caribbean,LCN,1989,2298.34872014773
Least developed countries: UN classification,LDC,1989,330.654245239687
Low income,LIC,1989,400.174024020823
Liechtenstein,LIE,1989,39551.6404002324
Sri Lanka,LKA,1989,430.02388973818
Lower middle income,LMC,1989,407.948649745992
Low & middle income,LMY,1989,715.657908906606
Lesotho,LSO,1989,279.035252539421
Late-demographic dividend,LTE,1989,1046.86239800875
Luxembourg,LUX,1989,26618.0695774968
"Macao SAR, China",MAC,1989,8322.56380195863
Morocco,MAR,1989,1091.27624511719
Monaco,MCO,1989,66815.7104498273
Madagascar,MDG,1989,271.306183276982
Maldives,MDV,1989,870.378318180563
"Middle East, North Africa, Afghanistan & Pakistan",MEA,1989,1756.45372733816
Mexico,MEX,1989,2725.05572275442
Marshall Islands,MHL,1989,1670.21520671775
Middle income,MIC,1989,737.045036015593
Mali,MLI,1989,313.871327696511
Malta,MLT,1989,6040.84054229986
Myanmar,MMR,1989,51.3443285034615
"Middle East, North Africa, Afghanistan & Pakistan (excluding high income)",MNA,1989,1191.06195135547
Mongolia,MNG,1989,1683.92432862486
Mauritania,MRT,1989,762.275580637475
Mauritius,MUS,1989,2103.48802694458
Malawi,MWI,1989,252.19590741943
Malaysia,MYS,1989,2243.60219599914
North America,NAC,1989,22652.6630458719
Namibia,NAM,1989,1966.82702819252
New Caledonia,NCL,1989,12701.8289877333
Niger,NER,1989,271.266557931133
Nigeria,NGA,1989,465.488089532188
Nicaragua,NIC,1989,249.155474069011
Netherlands,NLD,1989,17423.2961585523
Norway,NOR,1989,24281.1304051396
Nepal,NPL,1989,184.975416457251
Nauru,NRU,1989,5722.7674219742
New Zealand,NZL,1989,13312.3855858113
OECD members,OED,1989,15248.4399776717
Oman,OMN,1989,5591.22723847558
Other small states,OSS,1989,3031.12852460855
Pakistan,PAK,1989,357.595796105007
Panama,PAN,1989,2462.11022455924
Peru,PER,1989,1044.90725784847
Philippines,PHL,1989,791.864324425833
Palau,PLW,1989,5741.0868517899
Papua New Guinea,PNG,1989,934.246494854331
Pre-demographic dividend,PRE,1989,595.019758951012
Puerto Rico (US),PRI,1989,8033.08944133042
Portugal,PRT,1989,6056.38102771889
Paraguay,PRY,1989,1211.29634333964
Pacific island small states,PSS,1989,1219.29470793172
Post-demographic dividend,PST,1989,17164.8452545418
French Polynesia,PYF,1989,13682.8412939782
Qatar,QAT,1989,15242.5068904961
Romania,ROU,1989,1789.64455528113
Russian Federation,RUS,1989,3429.64990234375
Rwanda,RWA,1989,334.741963422255
South Asia,SAS,1989,338.645008018599
Saudi Arabia,SAU,1989,9413.58119352769
Sudan,SDN,1989,814.267517089844
Senegal,SEN,1989,848.555548058968
Singapore,SGP,1989,10394.5389962406
Solomon Islands,SLB,1989,538.101762870503
Sierra Leone,SLE,1989,231.275622974338
El Salvador,SLV,1989,825.105232536306
"Somalia, Fed. Rep.",SOM,1989,166.042337271006
Sub-Saharan Africa (excluding high income),SSA,1989,677.218041239499
Sub-Saharan Africa,SSF,1989,639.820980128762
Small states,SST,1989,2933.31818737147
Sao Tome and Principe,STP,1989,821.355129173615
Suriname,SUR,1989,1328.57013435061
Sweden,SWE,1989,25625.0162127747
Eswatini,SWZ,1989,831.847150129225
Seychelles,SYC,1989,4689.1345079999
Syrian Arab Republic,SYR,1989,809.044028162459
Chad,TCD,1989,246.355378549117
East Asia & Pacific (IDA & IBRD countries),TEA,1989,400.299436208748
Europe & Central Asia (IDA & IBRD countries),TEC,1989,2251.56950368039
Togo,TGO,1989,491.999321055752
Thailand,THA,1989,1341.72978395303
Turkmenistan,TKM,1989,821.029864511916
Latin America & the Caribbean (IDA & IBRD countries),TLA,1989,2227.77365185419
"Middle East, North Africa, Afghanistan & Pakistan (IDA & IBRD)",TMN,1989,1181.70229392391
Tonga,TON,1989,1069.83546760253
South Asia (IDA & IBRD),TSA,1989,338.645008018599
Sub-Saharan Africa (IDA & IBRD countries),TSS,1989,639.820980128762
Trinidad and Tobago,TTO,1989,3481.84505761067
Tunisia,TUN,1989,1239.23860226784
Turkiye,TUR,1989,1948.59179454794
Tuvalu,TUV,1989,976.047477175313
Tanzania,TZA,1989,259.502227783203
Uganda,UGA,1989,310.186025249445
Ukraine,UKR,1989,1593.07861328125
Upper middle income,UMC,1989,1003.34956238491
Uruguay,URY,1989,2734.36623871535
United States,USA,1989,22857.1544330056
Uzbekistan,UZB,1989,598.123131680436
St. Vincent and the Grenadines,VCT,1989,1929.91050958212
"Venezuela, RB",VEN,1989,2250.08459665588
Viet Nam,VNM,1989,98.1070172159577
Vanuatu,VUT,1989,1066.62512806351
World,WLD,1989,3916.50646692665
Samoa,WSM,1989,728.151128858805
South Africa,ZAF,1989,2726.70980679488
Zambia,ZMB,1989,526.361769256072
Zimbabwe,ZWE,1989,840.417972601175
Aruba,ABW,1990,12187.5363611898
Africa Eastern and Southern,AFE,1990,822.402998906313
Africa Western and Central,AFW,1990,593.024667183284
Angola,AGO,1990,965.866840464665
Albania,ALB,1990,617.230435515505
Andorra,AND,1990,19563.6574722488
Arab World,ARB,1990,2875.1308363764
United Arab Emirates,ARE,1990,26709.993440327
Argentina,ARG,1990,4315.33403111588
Armenia,ARM,1990,635.355327502517
Antigua and Barbuda,ATG,1990,7590.75442423046
Australia,AUS,1990,18273.561526468
Austria,AUT,1990,21596.068219998
Azerbaijan,AZE,1990,1238.27189274842
Burundi,BDI,1990,202.629446176297
Belgium,BEL,1990,20600.3752789827
Benin,BEN,1990,371.101604332357
Burkina Faso,BFA,1990,338.593759055128
Bangladesh,BGD,1990,283.053737055234
Bulgaria,BGR,1990,2366.52982128614
Bahrain,BHR,1990,9342.53891401688
"Bahamas, The",BHS,1990,11473.3008389353
Bosnia and Herzegovina,BIH,1990,1742.88262171767
Belarus,BLR,1990,1706.64091882343
Belize,BLZ,1990,2986.46962075029
Bermuda,BMU,1990,27665.525808301
Bolivia,BOL,1990,682.67681029538
Brazil,BRA,1990,2619.80141064047
Barbados,BRB,1990,7781.40573306125
Brunei Darussalam,BRN,1990,23658.7166330381
Bhutan,BTN,1990,488.327431477129
Botswana,BWA,1990,2903.15381562611
Central African Republic,CAF,1990,501.656200636394
Canada,CAN,1990,21525.8611387148
Central Europe and the Baltics,CEB,1990,2457.17454927702
Switzerland,CHE,1990,39574.5398083788
Chile,CHL,1990,2487.76829657299
China,CHN,1990,318.50335359039
Cote d'Ivoire,CIV,1990,885.647842214928
Cameroon,CMR,1990,1086.71700937081
"Congo, Dem. Rep.",COD,1990,254.872656292509
"Congo, Rep.",COG,1990,1175.66709098428
Colombia,COL,1990,1474.8455285342
Comoros,COM,1990,903.20430581841
Cabo Verde,CPV,1990,817.442925539738
Costa Rica,CRI,1990,1829.6687089559
Caribbean small states,CSS,1990,3713.69534828331
Cuba,CUB,1990,2694.31697957692
Cyprus,CYP,1990,9641.5751953125
Czechia,CZE,1990,3969.36733543794
Germany,DEU,1990,22385.6778250275
Djibouti,DJI,1990,780.497719360725
Dominica,DMA,1990,2892.9815966454
Denmark,DNK,1990,26885.6994188191
Dominican Republic,DOM,1990,989.163941207659
Algeria,DZA,1990,2445.18332740258
East Asia & Pacific (excluding high income),EAP,1990,416.938782261111
Early-demographic dividend,EAR,1990,936.989879630286
East Asia & Pacific,EAS,1990,2642.45766205625
Europe & Central Asia (excluding high income),ECA,1990,1700.93581132748
Europe & Central Asia,ECS,1990,10494.4746850409
Ecuador,ECU,1990,1455.00748510871
"Egypt, Arab Rep.",EGY,1990,735.982935028025
Euro area,EMU,1990,18683.5116155586
Spain,ESP,1990,13795.0159385128
Ethiopia,ETH,1990,262.108971053707
European Union,EUU,1990,15470.4116881227
Fragile and conflict affected situations,FCS,1990,1121.80132830689
Finland,FIN,1990,28366.204276071
Fiji,FJI,1990,1728.94076871199
France,FRA,1990,21586.4674617483
Faroe Islands,FRO,1990,20125.7940710069
"Micronesia, Fed. Sts.",FSM,1990,1459.04369201491
Gabon,GAB,1990,6050.71468999523
United Kingdom,GBR,1990,19095.4669984608
Georgia,GEO,1990,1610.98027146868
Ghana,GHA,1990,382.54246368354
Guinea,GIN,1990,604.304422702532
"Gambia, The",GMB,1990,300.639895740381
Guinea-Bissau,GNB,1990,651.337640650994
Equatorial Guinea,GNQ,1990,236.402188376265
Greece,GRC,1990,9466.66238502174
Grenada,GRD,1990,2782.18396873619
Greenland,GRL,1990,18326.9295023252
Guatemala,GTM,1990,847.688561830359
Guyana,GUY,1990,528.851095342994
High income,HIC,1990,16573.1448542517
"Hong Kong SAR, China",HKG,1990,13485.6314525052
Honduras,HND,1990,749.818113552631
Heavily indebted poor countries (HIPC),HPC,1990,457.468692315205
Croatia,HRV,1990,5369.10978590681
Haiti,HTI,1990,451.720249689216
Hungary,HUN,1990,3323.53967237633
IBRD only,IBD,1990,1055.09810400631
IDA & IBRD total,IBT,1990,929.094250911922
IDA total,IDA,1990,432.610564539922
IDA blend,IDB,1990,529.418516423727
Indonesia,IDN,1990,578.420121135382
IDA only,IDX,1990,384.071674996326
Isle of Man,IMN,1990,11049.8949396235
India,IND,1990,371.085936203765
Ireland,IRL,1990,14031.3025675469
"Iran, Islamic Rep.",IRN,1990,2137.94222739877
Iraq,IRQ,1990,10261.4157706888
Iceland,ISL,1990,26272.2452156659
Israel,ISR,1990,13308.311060238
Italy,ITA,1990,20873.7834092719
Jamaica,JAM,1990,1929.59891905857
Jordan,JOR,1990,1148.59005469899
Japan,JPN,1990,25801.3950393094
Kazakhstan,KAZ,1990,1570.00883112591
Kenya,KEN,1990,374.458992895562
Kyrgyz Republic,KGZ,1990,605.798144966488
Cambodia,KHM,1990,190.181470036159
Kiribati,KIR,1990,488.067527876014
St. Kitts and Nevis,KNA,1990,5373.44824048425
"Korea, Rep.",KOR,1990,6812.9019416767
Kuwait,KWT,1990,10937.5415268808
Latin America & Caribbean (excluding high income),LAC,1990,2437.12236336699
Lao PDR,LAO,1990,200.7349054896
Lebanon,LBN,1990,789.526338484738
Liberia,LBR,1990,172.867610123278
Libya,LBY,1990,6502.27886565421
St. Lucia,LCA,1990,4204.57161863111
Latin America & Caribbean,LCN,1990,2511.4430414948
Least developed countries: UN classification,LDC,1990,370.750124436065
Low income,LIC,1990,489.354554846981
Liechtenstein,LIE,1990,49457.5609343203
Sri Lanka,LKA,1990,491.213686238493
Lower middle income,LMC,1990,432.474545821421
Low & middle income,LMY,1990,805.876785600705
Lesotho,LSO,1990,329.563785157203
Late-demographic dividend,LTE,1990,1068.50986715113
Luxembourg,LUX,1990,33465.478207919
"Macao SAR, China",MAC,1990,9692.43538809962
Morocco,MAR,1990,1229.07104492188
Monaco,MCO,1990,81734.8664968011
Moldova,MDA,1990,1206.50208704977
Madagascar,MDG,1990,326.099253221978
Maldives,MDV,1990,956.763019768672
"Middle East, North Africa, Afghanistan & Pakistan",MEA,1990,2183.54170524632
Mexico,MEX,1990,3154.46920349038
Marshall Islands,MHL,1990,1758.40820990836
Middle income,MIC,1990,828.178421407122
North Macedonia,MKD,1990,2277.30372314314
Mali,MLI,1990,353.903252431339
Malta,MLT,1990,7192.38994693962
Myanmar,MMR,1990,53.1225401094506
"Middle East, North Africa, Afghanistan & Pakistan (excluding high income)",MNA,1990,1555.05827461027
Mongolia,MNG,1990,1220.17127664137
Mauritania,MRT,1990,772.033092140219
Mauritius,MUS,1990,2539.92846467452
Malawi,MWI,1990,286.730598968269
Malaysia,MYS,1990,2468.69080320116
North America,NAC,1990,23653.5020058697
Namibia,NAM,1990,2037.47589359778
New Caledonia,NCL,1990,14334.6807372176
Niger,NER,1990,423.887460599302
Nigeria,NGA,1990,556.376449130902
Nicaragua,NIC,1990,242.508390600822
Netherlands,NLD,1990,21322.1944802703
Norway,NOR,1990,28242.981402822
Nepal,NPL,1990,185.794600449903
Nauru,NRU,1990,5775.55347423089
New Zealand,NZL,1990,13663.0216184298
OECD members,OED,1990,17019.8138229679
Oman,OMN,1990,7545.70305230441
Other small states,OSS,1990,3570.55788974992
Pakistan,PAK,1990,344.45547384189
Panama,PAN,1990,2620.13827266274
Peru,PER,1990,1199.66666756615
Philippines,PHL,1990,803.572588255813
Palau,PLW,1990,6402.929615309
Papua New Guinea,PNG,1990,826.317152082832
Poland,POL,1990,1731.2095094382
Pre-demographic dividend,PRE,1990,939.805533338588
Puerto Rico (US),PRI,1990,8652.50749222505
Portugal,PRT,1990,7884.61798756332
Paraguay,PRY,1990,1440.15829610029
Pacific island small states,PSS,1990,1343.27719993773
Post-demographic dividend,PST,1990,19133.9838313942
French Polynesia,PYF,1990,16293.1823294474
Qatar,QAT,1990,16721.6207714589
Romania,ROU,1990,1648.48522974542
Russian Federation,RUS,1990,3494.06323242188
Rwanda,RWA,1990,345.773495134655
South Asia,SAS,1990,359.953973128088
Saudi Arabia,SAU,1990,11054.7495049666
Sudan,SDN,1990,1257.1875
Senegal,SEN,1990,957.314337438177
Singapore,SGP,1990,11861.7561591366
Solomon Islands,SLB,1990,648.325212624098
Sierra Leone,SLE,1990,154.794072467618
El Salvador,SLV,1990,892.18271519703
"Somalia, Fed. Rep.",SOM,1990,145.603501373513
Sub-Saharan Africa (excluding high income),SSA,1990,774.580966599021
Sub-Saharan Africa,SSF,1990,728.527589410931
Small states,SST,1990,3333.50757381486
Sao Tome and Principe,STP,1990,970.059625606155
Suriname,SUR,1990,941.591736102188
Slovak Republic,SVK,1990,2437.17517010845
Slovenia,SVN,1990,9925.14071044684
Sweden,SWE,1990,30549.3185706762
Eswatini,SWZ,1990,1277.69173005665
Seychelles,SYC,1990,5642.072897243
Syrian Arab Republic,SYR,1990,978.489616979607
Chad,TCD,1990,290.599045262191
East Asia & Pacific (IDA & IBRD countries),TEA,1990,422.071410076562
Europe & Central Asia (IDA & IBRD countries),TEC,1990,2374.40408071154
Togo,TGO,1990,575.094511928654
Thailand,THA,1990,1559.11209344755
Tajikistan,TJK,1990,487.03612866309
Turkmenistan,TKM,1990,848.155047388424
Latin America & the Caribbean (IDA & IBRD countries),TLA,1990,2439.30313189056
Timor-Leste,TLS,1990,168.621010199317
"Middle East, North Africa, Afghanistan & Pakistan (IDA & IBRD)",TMN,1990,1551.33182483379
Tonga,TON,1990,1139.0553819198
South Asia (IDA & IBRD),TSA,1990,359.953973128088
Sub-Saharan Africa (IDA & IBRD countries),TSS,1990,728.527589410931
Trinidad and Tobago,TTO,1990,4047.25093594674
Tunisia,TUN,1990,1476.43160477311
Turkiye,TUR,1990,2689.52621921233
Tuvalu,TUV,1990,1084.66707221699
Tanzania,TZA,1990,243.611557006836
Uganda,UGA,1990,244.987168126806
Ukraine,UKR,1990,1563.63415527344
Upper middle income,UMC,1990,1151.7887372852
Uruguay,URY,1990,2995.36105663465
United States,USA,1990,23888.6000088133
Uzbekistan,UZB,1990,652.9376529256
St. Vincent and the Grenadines,VCT,1990,2149.73944358984
"Venezuela, RB",VEN,1990,2451.5523114567
Viet Nam,VNM,1990,98.7983370311401
Vanuatu,VUT,1990,1140.59020311724
World,WLD,1990,4325.66214326506
Samoa,WSM,1990,743.994213008355
"Yemen, Rep.",YEM,1990,910.422465960748
South Africa,ZAF,1990,3093.48920352334
Zambia,ZMB,1990,422.336298804219
Zimbabwe,ZWE,1990,866.928868406131
Aruba,ABW,1991,13233.9905169683
Africa Eastern and Southern,AFE,1991,864.174086040692
Africa Western and Central,AFW,1991,607.84041379997
Angola,AGO,1991,881.919488130062
Albania,ALB,1991,336.586994504629
Andorra,AND,1991,19533.2620668023
Arab World,ARB,1991,2048.70631001886
United Arab Emirates,ARE,1991,25690.9686321448
Argentina,ARG,1991,5709.24784079504
Armenia,ARM,1991,572.740260900977
Antigua and Barbuda,ATG,1991,7956.47430919648
Australia,AUS,1991,18885.4274465057
Austria,AUT,1991,22323.1312492943
Azerbaijan,AZE,1991,734.944232805688
Burundi,BDI,1991,204.668258398817
Belgium,BEL,1991,21041.6606519648
Benin,BEN,1991,364.689296016645
Burkina Faso,BFA,1991,333.70605512636
Bangladesh,BGD,1991,272.064948495878
Bulgaria,BGR,1991,883.736578319325
Bahrain,BHR,1991,10434.1323962786
"Bahamas, The",BHS,1991,11082.3528573617
Bosnia and Herzegovina,BIH,1991,1373.37104472973
Belarus,BLR,1991,1805.45592531527
Belize,BLZ,1991,3190.13098802395
Bermuda,BMU,1991,28195.7091611479
Bolivia,BOL,1991,733.935487602519
Brazil,BRA,1991,2258.10454027063
Barbados,BRB,1991,7790.26229439159
Brunei Darussalam,BRN,1991,23932.1897281583
Bhutan,BTN,1991,400.634705187075
Botswana,BWA,1991,2938.59442659608
Central African Republic,CAF,1991,464.828283626364
Canada,CAN,1991,21846.7930471354
Central Europe and the Baltics,CEB,1991,2233.29251960509
Switzerland,CHE,1991,39544.4946826768
Chile,CHL,1991,2798.34262413795
China,CHN,1991,334.130288119078
Cote d'Ivoire,CIV,1991,827.241889166985
Cameroon,CMR,1991,1014.82897292999
"Congo, Dem. Rep.",COD,1991,253.79642770809
"Congo, Rep.",COG,1991,1112.53521242945
Colombia,COL,1991,1485.73971889208
Comoros,COM,1991,879.348889291867
Cabo Verde,CPV,1991,831.61388764249
Costa Rica,CRI,1991,2253.38191508071
Caribbean small states,CSS,1991,3792.22074880024
Cuba,CUB,1991,2268.83493247194
Cyprus,CYP,1991,9696.099609375
Czechia,CZE,1991,2917.08655474323
Germany,DEU,1991,23443.3350818536
Djibouti,DJI,1991,732.733101553782
Dominica,DMA,1991,3171.36577815405
Denmark,DNK,1991,27002.8057705804
Dominican Republic,DOM,1991,1345.84673690623
Algeria,DZA,1991,1759.11201648229
East Asia & Pacific (excluding high income),EAP,1991,445.804753221262
Early-demographic dividend,EAR,1991,971.321737310106
East Asia & Pacific,EAS,1991,2942.86527561313
Europe & Central Asia (excluding high income),ECA,1991,1622.91351746991
Europe & Central Asia,ECS,1991,10760.2249451734
Ecuador,ECU,1991,1587.36049996672
"Egypt, Arab Rep.",EGY,1991,622.829605007867
Euro area,EMU,1991,19305.465017279
Spain,ESP,1991,14801.3226152172
Ethiopia,ETH,1991,277.565910365091
European Union,EUU,1991,15952.0353697466
Fragile and conflict affected situations,FCS,1991,775.977706384562
Finland,FIN,1991,25488.8450525604
Fiji,FJI,1991,1774.99211138118
France,FRA,1991,21500.7778366233
Faroe Islands,FRO,1991,19163.5554371421
"Micronesia, Fed. Sts.",FSM,1991,1617.45528154622
Gabon,GAB,1991,5345.0965303052
United Kingdom,GBR,1991,19900.7266505069
Georgia,GEO,1991,1307.82342713006
Ghana,GHA,1991,418.254121349986
Guinea,GIN,1991,656.42373119518
"Gambia, The",GMB,1991,627.578919318827
Guinea-Bissau,GNB,1991,672.07387884966
Equatorial Guinea,GNQ,1991,225.319378519763
Greece,GRC,1991,10046.6663875475
Grenada,GRD,1991,2983.91643158641
Greenland,GRL,1991,18315.3165631906
Guatemala,GTM,1991,1014.40279682682
Guyana,GUY,1991,466.039938988882
High income,HIC,1991,17366.3731057
"Hong Kong SAR, China",HKG,1991,15465.9245305858
Honduras,HND,1991,722.000657931123
Heavily indebted poor countries (HIPC),HPC,1991,484.673677252224
Croatia,HRV,1991,4000.91677428625
Haiti,HTI,1991,496.545987433864
Hungary,HUN,1991,3361.22268037924
IBRD only,IBD,1991,1005.75150669877
IDA & IBRD total,IBT,1991,893.234402848569
IDA total,IDA,1991,455.285273456111
IDA blend,IDB,1991,549.405337140446
Indonesia,IDN,1991,624.387495384411
IDA only,IDX,1991,408.151098620395
Isle of Man,IMN,1991,11768.1058977186
India,IND,1991,305.574055928592
Ireland,IRL,1991,14087.2074393708
"Iran, Islamic Rep.",IRN,1991,2194.43906803657
Iraq,IRQ,1991,22.9521327615352
Iceland,ISL,1991,27739.8886025504
Israel,ISR,1991,14346.0810278646
Italy,ITA,1991,22007.1350964074
Jamaica,JAM,1991,1710.30058243722
Jordan,JOR,1991,1109.65564611997
Japan,JPN,1991,29428.4289039469
Kazakhstan,KAZ,1991,1442.42455540825
Kenya,KEN,1991,344.722642127742
Kyrgyz Republic,KGZ,1991,569.548584035047
Cambodia,KHM,1991,267.336306726982
Kiribati,KIR,1991,540.125861123481
St. Kitts and Nevis,KNA,1991,5464.61025672087
"Korea, Rep.",KOR,1991,7872.65052449111
Kuwait,KWT,1991,8147.10807329839
Latin America & Caribbean (excluding high income),LAC,1991,2557.78492670118
Lao PDR,LAO,1991,231.806227548139
Lebanon,LBN,1991,1278.42125745633
Liberia,LBR,1991,177.867006590279
Libya,LBY,1991,7039.83391970596
St. Lucia,LCA,1991,4398.67906897723
Latin America & Caribbean,LCN,1991,2648.26964002302
Least developed countries: UN classification,LDC,1991,392.075323047772
Low income,LIC,1991,535.636925361024
Liechtenstein,LIE,1991,50811.7464531317
Sri Lanka,LKA,1991,546.292515570886
Lower middle income,LMC,1991,404.475701008687
Low & middle income,LMY,1991,767.803999715513
Lesotho,LSO,1991,382.291247739142
Late-demographic dividend,LTE,1991,1061.06334638846
Luxembourg,LUX,1991,35747.3377992066
"Macao SAR, China",MAC,1991,10707.3786750774
Morocco,MAR,1991,1292.23376464844
Monaco,MCO,1991,80997.2520924871
Moldova,MDA,1991,1037.89950336245
Madagascar,MDG,1991,262.024402380479
Maldives,MDV,1991,1054.33413828759
"Middle East, North Africa, Afghanistan & Pakistan",MEA,1991,1708.90497550516
Mexico,MEX,1991,3708.8420548157
Marshall Islands,MHL,1991,1810.63465589888
Middle income,MIC,1991,785.342588322895
North Macedonia,MKD,1991,2402.13517656378
Mali,MLI,1991,381.993534670324
Malta,MLT,1991,7558.75921583164
Myanmar,MMR,1991,51.2408970610106
"Middle East, North Africa, Afghanistan & Pakistan (excluding high income)",MNA,1991,1024.13992334534
Mongolia,MNG,1991,1098.68017445549
Mozambique,MOZ,1991,288.708092484444
Mauritania,MRT,1991,1061.67704285264
Mauritius,MUS,1991,2705.26648158805
Malawi,MWI,1991,325.75273105931
Malaysia,MYS,1991,2679.20101106745
North America,NAC,1991,24094.1306916521
Namibia,NAM,1991,2116.90552516214
New Caledonia,NCL,1991,14642.5179713722
Niger,NER,1991,384.44311679922
Nigeria,NGA,1991,596.938795710722
Nicaragua,NIC,1991,349.514318640612
Netherlands,NLD,1991,21764.2144987258
Norway,NOR,1991,28596.9330036444
Nepal,NPL,1991,195.716621410462
Nauru,NRU,1991,5333.37954889626
New Zealand,NZL,1991,12230.0734548834
OECD members,OED,1991,17848.8288080181
Oman,OMN,1991,6977.3285922345
Other small states,OSS,1991,3674.36136996381
Pakistan,PAK,1991,380.019843346229
Panama,PAN,1991,2820.54547665418
Peru,PER,1991,1527.38879472866
Philippines,PHL,1991,804.323330530547
Palau,PLW,1991,6824.34353785065
Papua New Guinea,PNG,1991,941.707721616563
Poland,POL,1991,2235.54108862522
Pre-demographic dividend,PRE,1991,518.875898396304
Puerto Rico (US),PRI,1991,9064.01851711486
Portugal,PRT,1991,8958.9853330247
Paraguay,PRY,1991,1685.26890082621
Pacific island small states,PSS,1991,1404.20977100088
Post-demographic dividend,PST,1991,20038.9599781189
French Polynesia,PYF,1991,16414.8132696888
Qatar,QAT,1991,15133.4969397069
Romania,ROU,1991,1254.3124421298
Russian Federation,RUS,1991,3490.45239257813
Rwanda,RWA,1991,253.966902025944
South Asia,SAS,1991,303.81805683771
Saudi Arabia,SAU,1991,11847.1699534218
Sudan,SDN,1991,1617.55676269531
Senegal,SEN,1991,913.399575796737
Singapore,SGP,1991,14502.3799938606
Solomon Islands,SLB,1991,665.833104132659
Sierra Leone,SLE,1991,183.686515027567
El Salvador,SLV,1991,955.826897421092
"Somalia, Fed. Rep.",SOM,1991,105.37132651622
Sub-Saharan Africa (excluding high income),SSA,1991,807.752713490534
Sub-Saharan Africa,SSF,1991,759.299379290791
Small states,SST,1991,3423.52643740564
Sao Tome and Principe,STP,1991,855.105075821698
Suriname,SUR,1991,1079.72521342705
Slovak Republic,SVK,1991,2726.59305498582
Slovenia,SVN,1991,7229.31149788617
Sweden,SWE,1991,31776.6680192213
Eswatini,SWZ,1991,1273.01224518903
Seychelles,SYC,1991,5654.63975724251
Syrian Arab Republic,SYR,1991,1000.07798684947
Chad,TCD,1991,302.487268390603
East Asia & Pacific (IDA & IBRD countries),TEA,1991,451.285275077955
Europe & Central Asia (IDA & IBRD countries),TEC,1991,2312.73788388468
Togo,TGO,1991,549.808011573
Thailand,THA,1991,1765.62267359529
Tajikistan,TJK,1991,457.767825924805
Turkmenistan,TKM,1991,831.99873207474
Latin America & the Caribbean (IDA & IBRD countries),TLA,1991,2588.04586799914
Timor-Leste,TLS,1991,189.794649212749
"Middle East, North Africa, Afghanistan & Pakistan (IDA & IBRD)",TMN,1991,1021.78047542013
Tonga,TON,1991,1323.40098550339
South Asia (IDA & IBRD),TSA,1991,303.81805683771
Sub-Saharan Africa (IDA & IBRD countries),TSS,1991,759.299379290791
Trinidad and Tobago,TTO,1991,4205.37778348016
Tunisia,TUN,1991,1537.87916511306
Turkiye,TUR,1991,2649.27259974439
Tuvalu,TUV,1991,1134.33175551477
Tanzania,TZA,1991,276.452453613281
Uganda,UGA,1991,182.955897348348
Ukraine,UKR,1991,1482.6396484375
Upper middle income,UMC,1991,1099.45464846937
Uruguay,URY,1991,3589.01541942634
United States,USA,1991,24342.2589048189
Uzbekistan,UZB,1991,658.313550528068
St. Vincent and the Grenadines,VCT,1991,2270.76357246912
"Venezuela, RB",VEN,1991,2632.53969814106
Viet Nam,VNM,1991,143.715270231936
Vanuatu,VUT,1991,1326.37321256212
World,WLD,1991,4439.25408220989
Samoa,WSM,1991,741.563963808482
"Yemen, Rep.",YEM,1991,1016.30223044813
South Africa,ZAF,1991,3243.23616023953
Zambia,ZMB,1991,423.071256835592
Zimbabwe,ZWE,1991,830.961354818769
Aruba,ABW,1992,13892.6051427736
Africa Eastern and Southern,AFE,1992,732.910915212266
Africa Western and Central,AFW,1992,567.153365168022
Angola,AGO,1992,668.706017459877
Albania,ALB,1992,200.852219772323
Andorra,AND,1992,20099.5352208543
Arab World,ARB,1992,1996.2882370158
United Arab Emirates,ARE,1992,25648.2727760844
Argentina,ARG,1992,6789.99611136495
Armenia,ARM,1992,356.350780006933
Antigua and Barbuda,ATG,1992,8153.73786307269
Australia,AUS,1992,18650.3675476612
Austria,AUT,1992,24782.7118767063
Azerbaijan,AZE,1992,60.2351205405972
Burundi,BDI,1992,184.868970456447
Belgium,BEL,1992,23372.619171015
Benin,BEN,1992,301.77329696287
Burkina Faso,BFA,1992,348.592443894547
Bangladesh,BGD,1992,273.465072520272
Bulgaria,BGR,1992,1007.34454544881
Bahrain,BHR,1992,10460.1583222808
"Bahamas, The",BHS,1992,10873.4047501635
Bosnia and Herzegovina,BIH,1992,1118.17569934079
Belarus,BLR,1992,1658.08641281239
Belize,BLZ,1992,3642.9480634402
Bermuda,BMU,1992,28761.9634632835
Bolivia,BOL,1992,759.57113496365
Brazil,BRA,1992,2127.29083011489
Barbados,BRB,1992,7519.20143544898
Brunei Darussalam,BRN,1992,23450.8964055243
Bhutan,BTN,1992,415.791522568451
Botswana,BWA,1992,3004.61263362306
Central African Republic,CAF,1992,461.587303490896
Canada,CAN,1992,20950.3305287651
Central Europe and the Baltics,CEB,1992,2316.71496981098
Switzerland,CHE,1992,40713.6881521435
Chile,CHL,1992,3351.84108855522
China,CHN,1992,367.822651903542
Cote d'Ivoire,CIV,1992,844.902223806738
Cameroon,CMR,1992,1005.44897647465
"Congo, Dem. Rep.",COD,1992,209.726548794417
"Congo, Rep.",COG,1992,1164.22442980292
Colombia,COL,1992,1730.39091795329
Comoros,COM,1992,938.595399659213
Cabo Verde,CPV,1992,907.847909529157
Costa Rica,CRI,1992,2612.38756453737
Caribbean small states,CSS,1992,3842.68138532177
Cuba,CUB,1992,2047.67900346421
Cyprus,CYP,1992,11310.072265625
Czechia,CZE,1992,3396.70972430469
Germany,DEU,1992,26559.8543879632
Djibouti,DJI,1992,763.659214503152
Dominica,DMA,1992,3376.26050139573
Denmark,DNK,1992,29579.4913648682
Dominican Republic,DOM,1992,1558.29782071075
Algeria,DZA,1992,1802.69300801289
East Asia & Pacific (excluding high income),EAP,1992,493.06088369419
Early-demographic dividend,EAR,1992,1032.31298955358
East Asia & Pacific,EAS,1992,3174.20680565294
Europe & Central Asia (excluding high income),ECA,1992,1549.06158695832
Europe & Central Asia,ECS,1992,11479.1245108075
Ecuador,ECU,1992,1655.44613192632
"Egypt, Arab Rep.",EGY,1992,680.79923864551
Euro area,EMU,1992,21178.5256358016
Eritrea,ERI,1992,265.240962963337
Spain,ESP,1992,16100.6799428032
Ethiopia,ETH,1992,207.406400863847
European Union,EUU,1992,17470.0648653893
Fragile and conflict affected situations,FCS,1992,673.979682139604
Finland,FIN,1992,22320.1124695857
Fiji,FJI,1992,1951.25592930351
France,FRA,1992,23615.0168565483
Faroe Islands,FRO,1992,19300.6621973456
"Micronesia, Fed. Sts.",FSM,1992,1699.3301910196
Gabon,GAB,1992,5385.68811745078
United Kingdom,GBR,1992,20487.1707852878
Georgia,GEO,1992,757.223548505358
Ghana,GHA,1992,396.426407640517
Guinea,GIN,1992,692.647802662806
"Gambia, The",GMB,1992,623.485927783598
Guinea-Bissau,GNB,1992,574.32110641811
Equatorial Guinea,GNQ,1992,263.733547088944
Greece,GRC,1992,11021.012224607
Grenada,GRD,1992,3052.70018744163
Greenland,GRL,1992,18768.8275325455
Guatemala,GTM,1992,1096.45976992698
Guyana,GUY,1992,498.156636569954
High income,HIC,1992,18462.7676067204
"Hong Kong SAR, China",HKG,1992,17976.4688629053
Honduras,HND,1992,782.111518709432
Heavily indebted poor countries (HIPC),HPC,1992,357.756774317661
Croatia,HRV,1992,2321.15204123035
Haiti,HTI,1992,316.276513134354
Hungary,HUN,1992,3747.32966394956
IBRD only,IBD,1992,1034.41148756919
IDA & IBRD total,IBT,1992,902.9020818762
IDA total,IDA,1992,395.150638284363
IDA blend,IDB,1992,519.434174296556
Indonesia,IDN,1992,673.67103954742
IDA only,IDX,1992,330.664036380434
Isle of Man,IMN,1992,12150.8545456352
India,IND,1992,319.182472626315
Ireland,IRL,1992,15714.3847487231
"Iran, Islamic Rep.",IRN,1992,1957.48507794252
Iraq,IRQ,1992,30.2539012636825
Iceland,ISL,1992,28072.4041083276
Israel,ISR,1992,15509.9913638817
Italy,ITA,1992,23297.0460325456
Jamaica,JAM,1992,1458.10146892635
Jordan,JOR,1992,1286.6347360596
Japan,JPN,1992,31992.7902119161
Kazakhstan,KAZ,1992,1437.59848100913
Kenya,KEN,1992,336.68139978696
Kyrgyz Republic,KGZ,1992,512.766741120388
Cambodia,KHM,1992,307.094922385136
Kiribati,KIR,1992,791.99610105394
St. Kitts and Nevis,KNA,1992,5947.1211356266
"Korea, Rep.",KOR,1992,8387.16308258471
Kuwait,KWT,1992,12146.19505586
Latin America & Caribbean (excluding high income),LAC,1992,2727.10443556517
Lao PDR,LAO,1992,247.345286150532
Lebanon,LBN,1992,1559.38100628446
Liberia,LBR,1992,107.842801384441
Libya,LBY,1992,7302.68908679226
St. Lucia,LCA,1992,4759.83867808296
Latin America & Caribbean,LCN,1992,2841.11960432234
Least developed countries: UN classification,LDC,1992,302.105097950573
Low income,LIC,1992,359.503148959575
Liechtenstein,LIE,1992,55057.1110625654
Sri Lanka,LKA,1992,579.655117618283
Lower middle income,LMC,1992,412.870927830986
Low & middle income,LMY,1992,790.84163078592
Lesotho,LSO,1992,443.624297195576
Late-demographic dividend,LTE,1992,1069.29435756892
Luxembourg,LUX,1992,39570.8615665986
"Macao SAR, China",MAC,1992,13249.8387410349
Morocco,MAR,1992,1327.02954101563
Monaco,MCO,1992,88614.926367223
Moldova,MDA,1992,778.017667420102
Madagascar,MDG,1992,290.2120463948
Maldives,MDV,1992,1194.2325242813
"Middle East, North Africa, Afghanistan & Pakistan",MEA,1992,1752.02956170843
Mexico,MEX,1992,4220.56643677057
Marshall Islands,MHL,1992,1963.07234629646
Middle income,MIC,1992,820.059169692785
North Macedonia,MKD,1992,1198.92829846257
Mali,MLI,1992,385.278654489301
Malta,MLT,1992,8220.33403924666
Myanmar,MMR,1992,58.8896739558883
"Middle East, North Africa, Afghanistan & Pakistan (excluding high income)",MNA,1992,1022.14274575119
Mongolia,MNG,1992,607.813424662797
Mozambique,MOZ,1992,205.585216062094
Mauritania,MRT,1992,1036.47437808576
Mauritius,MUS,1992,3013.23706337167
Malawi,MWI,1992,258.393430877557
Malaysia,MYS,1992,3141.43321987651
North America,NAC,1992,24974.7405630878
Namibia,NAM,1992,2346.86242963741
New Caledonia,NCL,1992,15713.7198562158
Niger,NER,1992,384.029657304316
Nigeria,NGA,1992,508.515905682785
Nicaragua,NIC,1992,411.473330661786
Netherlands,NLD,1992,23939.2173482108
Norway,NOR,1992,30523.9850558974
Nepal,NPL,1992,165.02959412726
Nauru,NRU,1992,5102.59685913907
New Zealand,NZL,1992,11793.1392416214
OECD members,OED,1992,19022.1602500181
Oman,OMN,1992,7317.78815838166
Other small states,OSS,1992,3949.4087886711
Pakistan,PAK,1992,395.67720859593
Panama,PAN,1992,3139.89952899581
Peru,PER,1992,1567.40910765128
Philippines,PHL,1992,916.515694532029
Palau,PLW,1992,6552.7112389768
Papua New Guinea,PNG,1992,1050.7071689258
Poland,POL,1992,2459.02068468253
Pre-demographic dividend,PRE,1992,392.59155606961
Puerto Rico (US),PRI,1992,9659.33889995916
Portugal,PRT,1992,10810.5665079626
Paraguay,PRY,1992,1682.67444777611
Pacific island small states,PSS,1992,1519.64824897657
Post-demographic dividend,PST,1992,21351.2309519189
French Polynesia,PYF,1992,17554.3737937032
Qatar,QAT,1992,16280.2938815273
Romania,ROU,1992,1102.10378473246
Russian Federation,RUS,1992,3098.802734375
Rwanda,RWA,1992,264.083914517464
South Asia,SAS,1992,315.53713133931
Saudi Arabia,SAU,1992,11730.2687665244
Sudan,SDN,1992,252.610092163086
Senegal,SEN,1992,951.204960087807
Singapore,SGP,1992,16136.2405377661
Solomon Islands,SLB,1992,763.857968549522
Sierra Leone,SLE,1992,163.197571684381
El Salvador,SLV,1992,1040.78164082019
"Somalia, Fed. Rep.",SOM,1992,109.204910481074
Sub-Saharan Africa (excluding high income),SSA,1992,711.638059637478
Sub-Saharan Africa,SSF,1992,664.940115247967
Small states,SST,1992,3614.08631163198
Sao Tome and Principe,STP,1992,740.471318576498
Suriname,SUR,1992,968.895253466926
Slovak Republic,SVK,1992,2959.33644860111
Slovenia,SVN,1992,7151.15243829224
Sweden,SWE,1992,32753.4287003642
Eswatini,SWZ,1992,1361.8169795148
Seychelles,SYC,1992,6520.48950519188
Syrian Arab Republic,SYR,1992,990.138251191708
Chad,TCD,1992,290.648286132566
East Asia & Pacific (IDA & IBRD countries),TEA,1992,499.112755101956
Europe & Central Asia (IDA & IBRD countries),TEC,1992,2135.37505754846
Togo,TGO,1992,564.71733648074
Thailand,THA,1992,1971.60879910694
Tajikistan,TJK,1992,337.833145514813
Turkmenistan,TKM,1992,811.354156451902
Latin America & the Caribbean (IDA & IBRD countries),TLA,1992,2787.65239476635
Timor-Leste,TLS,1992,235.064767714477
"Middle East, North Africa, Afghanistan & Pakistan (IDA & IBRD)",TMN,1992,1019.88704638035
Tonga,TON,1992,1370.36142598699
South Asia (IDA & IBRD),TSA,1992,315.53713133931
Sub-Saharan Africa (IDA & IBRD countries),TSS,1992,664.940115247967
Trinidad and Tobago,TTO,1992,4277.47436935604
Tunisia,TUN,1992,1784.81850188268
Turkiye,TUR,1992,2743.65320297936
Tuvalu,TUV,1992,1165.63710360353
Tanzania,TZA,1992,250.329925537109
Uganda,UGA,1992,152.113542415537
Ukraine,UKR,1992,1413.24011230469
Upper middle income,UMC,1992,1158.85298770779
Uruguay,URY,1992,4101.71054155291
United States,USA,1992,25418.9907763319
Uzbekistan,UZB,1992,602.920525827048
St. Vincent and the Grenadines,VCT,1992,2470.51840791008
"Venezuela, RB",VEN,1992,2907.30334439434
Viet Nam,VNM,1992,144.549392371677
Vanuatu,VUT,1992,1343.68942861831
World,WLD,1992,4664.3017809973
Samoa,WSM,1992,776.740824409711
"Yemen, Rep.",YEM,1992,1198.13031674085
South Africa,ZAF,1992,3462.39400202835
Zambia,ZMB,1992,389.254665832226
Zimbabwe,ZWE,1992,631.149149280088
Aruba,ABW,1993,14700.9598081521
Africa Eastern and Southern,AFE,1993,709.323533711482
Africa Western and Central,AFW,1993,574.472938901996
Angola,AGO,1993,449.727894936295
Albania,ALB,1993,367.279225077581
Andorra,AND,1993,15916.8395162087
Arab World,ARB,1993,1987.75290921938
United Arab Emirates,ARE,1993,25032.7822702907
Argentina,ARG,1993,6931.85596375876
Armenia,ARM,1993,347.870644720878
Antigua and Barbuda,ATG,1993,8624.62016806628
Australia,AUS,1993,17724.5399501656
Austria,AUT,1993,23987.2037240657
Azerbaijan,AZE,1993,209.530954548425
Burundi,BDI,1993,165.344120319403
Belgium,BEL,1993,22283.9360213551
Benin,BEN,1993,387.310054813122
Burkina Faso,BFA,1993,324.111576707435
Bangladesh,BGD,1993,280.757274450366
Bulgaria,BGR,1993,1278.52511370319
Bahrain,BHR,1993,11151.871495742
"Bahamas, The",BHS,1993,10613.0658785813
Bosnia and Herzegovina,BIH,1993,929.872118717018
Belarus,BLR,1993,1589.51011343649
Belize,BLZ,1993,3859.6584437307
Bermuda,BMU,1993,30950.0799102285
Bolivia,BOL,1993,756.637016048451
Brazil,BRA,1993,2348.90635436384
Barbados,BRB,1993,7904.70762426389
Brunei Darussalam,BRN,1993,22397.0737447404
Bhutan,BTN,1993,407.39984249657
Botswana,BWA,1993,2929.43119022452
Central African Republic,CAF,1993,404.954546941526
Canada,CAN,1993,20186.7988782965
Central Europe and the Baltics,CEB,1993,2457.01488544822
Switzerland,CHE,1993,39237.1186558781
Chile,CHL,1993,3540.91377313015
China,CHN,1993,378.939353053314
Cote d'Ivoire,CIV,1993,804.149657211252
Cameroon,CMR,1993,1309.93629975506
"Congo, Dem. Rep.",COD,1993,263.335582841074
"Congo, Rep.",COG,1993,1034.37200809816
Colombia,COL,1993,1929.26721811738
Comoros,COM,1993,903.033729112507
Cabo Verde,CPV,1993,1220.04997868613
Costa Rica,CRI,1993,2840.38706479397
Caribbean small states,CSS,1993,3698.86380689567
Cuba,CUB,1993,2063.20366253587
Cyprus,CYP,1993,10526.1416015625
Czechia,CZE,1993,3984.1463439879
Germany,DEU,1993,25616.6508772405
Djibouti,DJI,1993,758.733842733535
Dominica,DMA,1993,3536.15609185727
Denmark,DNK,1993,27581.7241097459
Dominican Republic,DOM,1993,1722.41995993981
Algeria,DZA,1993,1831.04800976449
East Asia & Pacific (excluding high income),EAP,1993,533.886061731311
Early-demographic dividend,EAR,1993,1090.31033442221
East Asia & Pacific,EAS,1993,3505.51573409276
Europe & Central Asia (excluding high income),ECA,1993,1589.70149156538
Europe & Central Asia,ECS,1993,10513.65827884
Ecuador,ECU,1993,1697.88884141445
"Egypt, Arab Rep.",EGY,1993,740.334217356418
Euro area,EMU,1993,19310.813004459
Eritrea,ERI,1993,252.085777069472
Spain,ESP,1993,13330.3798192211
Estonia,EST,1993,2685.90889287357
Ethiopia,ETH,1993,168.520401400989
European Union,EUU,1993,15908.7811027866
Fragile and conflict affected situations,FCS,1993,668.540906266802
Finland,FIN,1993,17588.6781715509
Fiji,FJI,1993,2070.04734110195
France,FRA,1993,22238.8250618434
Faroe Islands,FRO,1993,16373.8260050275
"Micronesia, Fed. Sts.",FSM,1993,1853.06259690284
Gabon,GAB,1993,4105.98701339331
United Kingdom,GBR,1993,18389.0195675099
Georgia,GEO,1993,550.015542609224
Ghana,GHA,1993,359.800844097528
Guinea,GIN,1993,670.741778229959
"Gambia, The",GMB,1993,635.3611677282
Guinea-Bissau,GNB,1993,581.612681813953
Equatorial Guinea,GNQ,1993,256.683023652574
Greece,GRC,1993,10257.3085789073
Grenada,GRD,1993,3026.04154231393
Greenland,GRL,1993,16797.3578218828
Guatemala,GTM,1993,1165.67442716224
Guyana,GUY,1993,603.084316652805
High income,HIC,1993,18470.3300277875
"Hong Kong SAR, China",HKG,1993,20395.5621886121
Honduras,HND,1993,772.74224772986
Heavily indebted poor countries (HIPC),HPC,1993,359.759110518863
Croatia,HRV,1993,2447.50319141761
Haiti,HTI,1993,258.066372258817
Hungary,HUN,1993,3886.66608419616
IBRD only,IBD,1993,1084.94479298226
IDA & IBRD total,IBT,1993,943.566195187043
IDA total,IDA,1993,404.19546238004
IDA blend,IDB,1993,535.686222828689
Indonesia,IDN,1993,817.395116417856
IDA only,IDX,1993,335.825177076188
Isle of Man,IMN,1993,10818.5139663414
India,IND,1993,302.884806246174
Ireland,IRL,1993,14657.0615549805
"Iran, Islamic Rep.",IRN,1993,1038.10985682067
Iraq,IRQ,1993,53.7437842348819
Iceland,ISL,1993,24404.0275812365
Israel,ISR,1993,15178.8399875391
Italy,ITA,1993,18781.9529427137
Jamaica,JAM,1993,2220.51518327186
Jordan,JOR,1993,1289.4145431007
Japan,JPN,1993,36345.2441262708
Kazakhstan,KAZ,1993,1355.13493859139
Kenya,KEN,1993,228.998032843434
Kyrgyz Republic,KGZ,1993,448.554190878232
Cambodia,KHM,1993,294.059372727558
Kiribati,KIR,1993,747.75302075115
St. Kitts and Nevis,KNA,1993,6395.31437746849
"Korea, Rep.",KOR,1993,9179.96872485152
Kuwait,KWT,1993,14317.7209419057
Latin America & Caribbean (excluding high income),LAC,1993,3231.05778778257
Lao PDR,LAO,1993,283.400573286349
Lebanon,LBN,1993,2078.63864215562
Liberia,LBR,1993,74.4272028642409
Libya,LBY,1993,6477.87035840641
St. Lucia,LCA,1993,4764.72464839218
Latin America & Caribbean,LCN,1993,3303.34471162475
Least developed countries: UN classification,LDC,1993,304.024899773069
Low income,LIC,1993,384.847441184861
Liechtenstein,LIE,1993,55604.5479972049
Sri Lanka,LKA,1993,607.231847102846
Lower middle income,LMC,1993,408.373772276605
Low & middle income,LMY,1993,840.389188381456
Lesotho,LSO,1993,439.365410681482
Late-demographic dividend,LTE,1993,1100.88927270165
Luxembourg,LUX,1993,40066.7242518773
"Macao SAR, China",MAC,1993,14754.1825906333
Morocco,MAR,1993,1226.43054199219
Monaco,MCO,1993,82685.4559266948
Moldova,MDA,1993,796.989388848336
Madagascar,MDG,1993,307.887603096441
Maldives,MDV,1993,1316.614548774
"Middle East, North Africa, Afghanistan & Pakistan",MEA,1993,1598.25278331231
Mexico,MEX,1993,6048.34840388099
Marshall Islands,MHL,1993,2112.01240099378
Middle income,MIC,1993,871.717592246639
North Macedonia,MKD,1993,1336.64775641463
Mali,MLI,1993,372.412257655559
Malta,MLT,1993,7296.35111127489
Myanmar,MMR,1993,76.212889482598
"Middle East, North Africa, Afghanistan & Pakistan (excluding high income)",MNA,1993,877.444978569883
Mongolia,MNG,1993,354.898613087701
Mozambique,MOZ,1993,205.189844208699
Mauritania,MRT,1993,849.620301696661
Mauritius,MUS,1993,3013.83313790492
Malawi,MWI,1993,293.016883079922
Malaysia,MYS,1993,3461.99504214189
North America,NAC,1993,25772.0724370973
Namibia,NAM,1993,2154.96473655435
New Caledonia,NCL,1993,14787.2165075183
Niger,NER,1993,335.429581902384
Nigeria,NGA,1993,539.573202297542
Nicaragua,NIC,1993,394.378074021071
Netherlands,NLD,1993,23156.4404444568
Norway,NOR,1993,27963.6979095744
Nepal,NPL,1993,172.805202579767
Nauru,NRU,1993,4310.24433298623
New Zealand,NZL,1993,13094.3454502639
OECD members,OED,1993,19145.0608082069
Oman,OMN,1993,7038.9301587736
Other small states,OSS,1993,3762.44885385124
Pakistan,PAK,1993,407.888140688466
Panama,PAN,1993,3358.41411740053
Peru,PER,1993,1487.67404314175
Philippines,PHL,1993,918.642953796961
Palau,PLW,1993,5891.50378695334
Papua New Guinea,PNG,1993,1151.28388116601
Poland,POL,1993,2497.13055936127
Pre-demographic dividend,PRE,1993,397.603669222058
Puerto Rico (US),PRI,1993,10212.2767630564
Portugal,PRT,1993,9534.6563637308
Paraguay,PRY,1993,1661.70955306218
Pacific island small states,PSS,1993,1573.63525576083
Post-demographic dividend,PST,1993,21368.6769875873
French Polynesia,PYF,1993,16469.7751983669
Qatar,QAT,1993,14769.7193322522
Romania,ROU,1993,1158.05632799712
Russian Federation,RUS,1993,2930.67016601563
Rwanda,RWA,1993,247.023318476014
South Asia,SAS,1993,302.994994507191
Saudi Arabia,SAU,1993,10884.8607880777
Sudan,SDN,1993,312.693908691406
Senegal,SEN,1993,877.52900343803
Singapore,SGP,1993,18290.130113185
Solomon Islands,SLB,1993,828.869997791691
Sierra Leone,SLE,1993,184.951609154872
El Salvador,SLV,1993,1180.26854267621
"Somalia, Fed. Rep.",SOM,1993,188.603158677914
Sub-Saharan Africa (excluding high income),SSA,1993,703.970630626046
Sub-Saharan Africa,SSF,1993,653.9561441408
Small states,SST,1993,3469.66607817133
Sao Tome and Principe,STP,1993,963.785698734091
Suriname,SUR,1993,1022.44583519896
Slovak Republic,SVK,1993,3143.10143068756
Slovenia,SVN,1993,7254.58887417768
Sweden,SWE,1993,24389.8738124128
Eswatini,SWZ,1993,1397.26593317978
Seychelles,SYC,1993,6978.68075445824
Syrian Arab Republic,SYR,1993,992.771367475098
Chad,TCD,1993,220.729964903293
East Asia & Pacific (IDA & IBRD countries),TEA,1993,540.427508690314
Europe & Central Asia (IDA & IBRD countries),TEC,1993,2107.47422371283
Togo,TGO,1993,414.013995214907
Thailand,THA,1993,2245.13688708983
Tajikistan,TJK,1993,287.620123754917
Turkmenistan,TKM,1993,788.418914207107
Latin America & the Caribbean (IDA & IBRD countries),TLA,1993,3258.76580335766
Timor-Leste,TLS,1993,264.066994790836
"Middle East, North Africa, Afghanistan & Pakistan (IDA & IBRD)",TMN,1993,875.599089415656
Tonga,TON,1993,1383.47386584881
South Asia (IDA & IBRD),TSA,1993,302.994994507191
Sub-Saharan Africa (IDA & IBRD countries),TSS,1993,653.9561441408
Trinidad and Tobago,TTO,1993,3646.71231742803
Tunisia,TUN,1993,1649.18537309075
Turkiye,TUR,1993,3057.93737480422
Tuvalu,TUV,1993,1141.17904410247
Tanzania,TZA,1993,224.491546630859
Uganda,UGA,1993,165.616476211716
Ukraine,UKR,1993,1254.02868652344
Upper middle income,UMC,1993,1260.95164933191
Uruguay,URY,1993,4753.00924682647
United States,USA,1993,26387.2937338171
Uzbekistan,UZB,1993,595.777099596612
St. Vincent and the Grenadines,VCT,1993,2539.64968649849
"Venezuela, RB",VEN,1993,2824.69144366441
Viet Nam,VNM,1993,189.418573584332
Vanuatu,VUT,1993,1257.29387486656
World,WLD,1993,4667.73707542885
Samoa,WSM,1993,774.988631552282
"Yemen, Rep.",YEM,1993,1396.61544419009
South Africa,ZAF,1993,3399.64009566241
Zambia,ZMB,1993,390.916673784646
Zimbabwe,ZWE,1993,604.70311652877
Aruba,ABW,1994,16055.2877874337
Africa Eastern and Southern,AFE,1994,700.77212550809
Africa Western and Central,AFW,1994,580.008123493952
Angola,AGO,1994,334.973590276074
Albania,ALB,1994,586.416135130865
Andorra,AND,1994,15748.5307503373
Arab World,ARB,1994,2018.66801750107
United Arab Emirates,ARE,1994,25472.6396578979
Argentina,ARG,1994,7437.56242327594
Armenia,ARM,1994,390.879964297655
Antigua and Barbuda,ATG,1994,9351.48753768505
Australia,AUS,1994,18155.6282000179
Austria,AUT,1994,25546.2460525087
Azerbaijan,AZE,1994,157.063549947072
Burundi,BDI,1994,161.892584261635
Belgium,BEL,1994,24208.5547931447
Benin,BEN,1994,262.129807445074
Burkina Faso,BFA,1994,187.21142372606
Bangladesh,BGD,1994,280.603031791216
Bulgaria,BGR,1994,1149.89464008734
Bahrain,BHR,1994,11629.3595219612
"Bahamas, The",BHS,1994,10991.2346674131
Bosnia and Herzegovina,BIH,1994,337.090896023259
Belarus,BLR,1994,1460.00791360458
Belize,BLZ,1994,3876.69327011457
Bermuda,BMU,1994,31543.0634861641
Bolivia,BOL,1994,774.035669644318
Brazil,BRA,1994,3298.71491891786
Barbados,BRB,1994,8223.16681181719
Brunei Darussalam,BRN,1994,22766.587177075
Bhutan,BTN,1994,467.008312125283
Botswana,BWA,1994,2917.25514197806
Central African Republic,CAF,1994,261.260397409459
Canada,CAN,1994,19997.6237373354
Central Europe and the Baltics,CEB,1994,2805.59448321985
Switzerland,CHE,1994,43091.7770970073
Chile,CHL,1994,4012.10159912285
China,CHN,1994,475.677874448369
Cote d'Ivoire,CIV,1994,581.888468577405
Cameroon,CMR,1994,700.70950185009
"Congo, Dem. Rep.",COD,1994,136.542547670676
"Congo, Rep.",COG,1994,661.904273689712
Colombia,COL,1994,2325.91872973374
Comoros,COM,1994,652.898017688557
Cabo Verde,CPV,1994,991.108974352157
Costa Rica,CRI,1994,3039.56328550633
Caribbean small states,CSS,1994,3929.16090487784
Cuba,CUB,1994,2613.28971869122
Cyprus,CYP,1994,11617.6923828125
Czechia,CZE,1994,4663.28665345469
Germany,DEU,1994,27201.9593555204
Djibouti,DJI,1994,784.556207408331
Dominica,DMA,1994,3805.20278759984
Denmark,DNK,1994,29967.8303903163
Dominican Republic,DOM,1994,1891.67055679
Algeria,DZA,1994,1525.54061760288
East Asia & Pacific (excluding high income),EAP,1994,634.195222952685
Early-demographic dividend,EAR,1994,1122.66616303659
East Asia & Pacific,EAS,1994,3872.66469966508
Europe & Central Asia (excluding high income),ECA,1994,1239.75571509396
Europe & Central Asia,ECS,1994,10969.3139384644
Ecuador,ECU,1994,1996.85894789444
"Egypt, Arab Rep.",EGY,1994,807.303537230487
Euro area,EMU,1994,20344.7655226337
Eritrea,ERI,1994,277.801423620334
Spain,ESP,1994,13405.704414883
Estonia,EST,1994,2819.12612100926
Ethiopia,ETH,1994,127.685923459033
European Union,EUU,1994,16826.1293837396
Fragile and conflict affected situations,FCS,1994,653.490982766103
Finland,FIN,1994,20278.29109854
Fiji,FJI,1994,2297.18005884304
France,FRA,1994,23359.8985104774
Faroe Islands,FRO,1994,16975.9297150055
"Micronesia, Fed. Sts.",FSM,1994,1856.5207426083
Gabon,GAB,1994,3828.21118114454
United Kingdom,GBR,1994,19709.2380983653
Georgia,GEO,1994,519.815578814965
Ghana,GHA,1994,320.50390343252
Guinea,GIN,1994,671.576385058752
"Gambia, The",GMB,1994,608.2774907808
Guinea-Bissau,GNB,1994,560.883422537973
Equatorial Guinea,GNQ,1994,183.239482711964
Greece,GRC,1994,10937.0223808611
Grenada,GRD,1994,3152.2020478855
Greenland,GRL,1994,18124.0998075763
Guatemala,GTM,1994,1292.67202750483
Guyana,GUY,1994,715.611525201717
High income,HIC,1994,19634.0842734145
"Hong Kong SAR, China",HKG,1994,22502.5302426236
Honduras,HND,1994,735.886147157389
Heavily indebted poor countries (HIPC),HPC,1994,298.607566037976
Croatia,HRV,1994,3237.92646315285
Haiti,HTI,1994,292.134224374091
Hungary,HUN,1994,4187.0311799663
IBRD only,IBD,1994,1179.81986245707
IDA & IBRD total,IBT,1994,1017.95144867854
IDA total,IDA,1994,407.328794485124
IDA blend,IDB,1994,568.239663876701
Indonesia,IDN,1994,899.793982949817
IDA only,IDX,1994,322.759984808056
Isle of Man,IMN,1994,11708.2857474351
India,IND,1994,347.73421473994
Ireland,IRL,1994,15902.9296755168
"Iran, Islamic Rep.",IRN,1994,1167.76272513795
Iraq,IRQ,1994,198.182101881974
Iceland,ISL,1994,24858.2031335605
Israel,ISR,1994,16806.8353081322
Italy,ITA,1994,19382.2002150155
Jamaica,JAM,1994,2202.85831038471
Jordan,JOR,1994,1367.18721776691
Japan,JPN,1994,39933.5150564874
Kazakhstan,KAZ,1994,1246.83633018218
Kenya,KEN,1994,276.447871981244
Kyrgyz Republic,KGZ,1994,372.481759948941
Cambodia,KHM,1994,302.1307854832
Kiribati,KIR,1994,837.971706204
St. Kitts and Nevis,KNA,1994,7065.28291984056
"Korea, Rep.",KOR,1994,10733.9888860657
Kuwait,KWT,1994,14929.7441110335
Latin America & Caribbean (excluding high income),LAC,1994,3755.85473031834
Lao PDR,LAO,1994,320.968128951646
Lebanon,LBN,1994,2467.76942720577
Liberia,LBR,1994,61.490431307467
Libya,LBY,1994,5933.29121354077
St. Lucia,LCA,1994,4892.06733637469
Latin America & Caribbean,LCN,1994,3793.91317561999
Least developed countries: UN classification,LDC,1994,290.191695218331
Low income,LIC,1994,355.069947096744
Liechtenstein,LIE,1994,63935.9902445462
Sri Lanka,LKA,1994,678.268012020205
Lower middle income,LMC,1994,449.264199085402
Low & middle income,LMY,1994,926.054332336124
Lesotho,LSO,1994,455.593586203956
Late-demographic dividend,LTE,1994,1264.89434282607
Luxembourg,LUX,1994,43933.235442736
"Macao SAR, China",MAC,1994,15905.2615421482
Morocco,MAR,1994,1358.79443359375
Monaco,MCO,1994,86703.8130529474
Moldova,MDA,1994,573.798647201304
Madagascar,MDG,1994,258.723806434505
Maldives,MDV,1994,1419.39276513408
"Middle East, North Africa, Afghanistan & Pakistan",MEA,1994,1643.168624246
Mexico,MEX,1994,6202.36588372862
Marshall Islands,MHL,1994,2265.0695841717
Middle income,MIC,1994,965.05441920224
North Macedonia,MKD,1994,1786.35488334914
Mali,MLI,1994,266.455340167693
Malta,MLT,1994,8000.3453286604
Myanmar,MMR,1994,105.391561114159
"Middle East, North Africa, Afghanistan & Pakistan (excluding high income)",MNA,1994,899.269793129222
Mongolia,MNG,1994,422.864349383041
Mozambique,MOZ,1994,196.763143175646
Mauritania,MRT,1994,864.599478365453
Mauritius,MUS,1994,3240.38624662702
Malawi,MWI,1994,169.196526919639
Malaysia,MYS,1994,3757.65292858601
North America,NAC,1994,26931.65092829
Namibia,NAM,1994,2355.90445673153
New Caledonia,NCL,1994,15534.3093278924
Niger,NER,1994,206.214617135856
Nigeria,NGA,1994,744.884247151377
Nicaragua,NIC,1994,849.179331364895
Netherlands,NLD,1994,24682.5866742863
Norway,NOR,1994,29315.8092337732
Nepal,NPL,1994,187.258176246151
Nauru,NRU,1994,3920.53972987914
New Zealand,NZL,1994,15280.3127842922
OECD members,OED,1994,20297.3652322185
Oman,OMN,1994,7068.38996979073
Other small states,OSS,1994,3950.98003696727
Pakistan,PAK,1994,399.955927561352
Panama,PAN,1994,3508.19570069218
Peru,PER,1994,1879.36657757919
Philippines,PHL,1994,1059.9838951587
Palau,PLW,1994,6329.06976744186
Papua New Guinea,PNG,1994,1228.24343638772
Poland,POL,1994,2874.83163555069
Pre-demographic dividend,PRE,1994,401.058986551584
Puerto Rico (US),PRI,1994,10876.4188239898
Portugal,PRT,1994,9977.31990905771
Paraguay,PRY,1994,1760.28807083292
West Bank and Gaza,PSE,1994,1201.58154213882
Pacific island small states,PSS,1994,1818.22509065982
Post-demographic dividend,PST,1994,22758.8730271059
French Polynesia,PYF,1994,16806.0592491122
Qatar,QAT,1994,14764.8771355222
Romania,ROU,1994,1323.03237766927
Russian Federation,RUS,1994,2662.10400390625
Rwanda,RWA,1994,110.953668251372
South Asia,SAS,1994,342.723111684397
Saudi Arabia,SAU,1994,10601.9196697805
Sudan,SDN,1994,439.420806884766
Senegal,SEN,1994,583.782776032181
Singapore,SGP,1994,21552.4100366948
Solomon Islands,SLB,1994,1078.0410925874
Sierra Leone,SLE,1994,218.507275126222
El Salvador,SLV,1994,1343.9290572544
"Somalia, Fed. Rep.",SOM,1994,210.793779581384
Sub-Saharan Africa (excluding high income),SSA,1994,705.690345152701
Sub-Saharan Africa,SSF,1994,651.137004627086
Small states,SST,1994,3675.23861681821
Sao Tome and Principe,STP,1994,989.500757799244
Suriname,SUR,1994,1433.54255652781
Slovak Republic,SVK,1994,3820.96427542658
Slovenia,SVN,1994,8243.89895545106
Sweden,SWE,1994,26045.5196995275
Eswatini,SWZ,1994,1461.36400128736
Seychelles,SYC,1994,6974.86770636796
Syrian Arab Republic,SYR,1994,712.387716635783
Chad,TCD,1994,173.928895064035
East Asia & Pacific (IDA & IBRD countries),TEA,1994,641.960437587345
Europe & Central Asia (IDA & IBRD countries),TEC,1994,1896.39718541029
Togo,TGO,1994,328.600956079736
Thailand,THA,1994,2517.70732641683
Tajikistan,TJK,1994,261.271254544865
Turkmenistan,TKM,1994,622.13478015809
Latin America & the Caribbean (IDA & IBRD countries),TLA,1994,3744.59975128211
Timor-Leste,TLS,1994,283.058000480762
"Middle East, North Africa, Afghanistan & Pakistan (IDA & IBRD)",TMN,1994,897.479717030969
Tonga,TON,1994,1956.66180354821
South Asia (IDA & IBRD),TSA,1994,342.723111684397
Sub-Saharan Africa (IDA & IBRD countries),TSS,1994,651.137004627086
Trinidad and Tobago,TTO,1994,3839.96290233114
Tunisia,TUN,1994,1733.46614673506
Turkiye,TUR,1994,2176.2801813809
Tuvalu,TUV,1994,1278.65870076399
Tanzania,TZA,1994,228.890029907227
Uganda,UGA,1994,198.441987998795
Ukraine,UKR,1994,1009.09405517578
Upper middle income,UMC,1994,1402.50456500445
Uruguay,URY,1994,5507.56481300056
United States,USA,1994,27694.853416234
Uzbekistan,UZB,1994,574.229079896619
St. Vincent and the Grenadines,VCT,1994,2563.24976564442
"Venezuela, RB",VEN,1994,2688.98325145295
Viet Nam,VNM,1994,229.857787265757
Vanuatu,VUT,1994,1430.99367776483
World,WLD,1994,4948.18171319114
Samoa,WSM,1994,1276.85021574897
"Yemen, Rep.",YEM,1994,1735.04419543214
South Africa,ZAF,1994,3488.59711541763
Zambia,ZMB,1994,426.386598390102
Zimbabwe,ZWE,1994,634.062003018813
Aruba,ABW,1995,16548.7173868987
Africa Eastern and Southern,AFE,1995,766.522931015445
Africa Western and Central,AFW,1995,866.731606283751
Angola,AGO,1995,404.29481849612
Albania,ALB,1995,911.320465445326
Andorra,AND,1995,18443.2545197741
Arab World,ARB,1995,2080.99829425308
United Arab Emirates,ARE,1995,27003.2006807782
Argentina,ARG,1995,7357.6162773788
Armenia,ARM,1995,443.924860857976
Antigua and Barbuda,ATG,1995,9034.47552907143
Australia,AUS,1995,20479.1748274233
Austria,AUT,1995,30207.0674314652
Azerbaijan,AZE,1995,314.55801908334
Burundi,BDI,1995,164.915311679326
Belgium,BEL,1995,28413.8264387368
Benin,BEN,1995,348.435238914394
Burkina Faso,BFA,1995,229.092294496817
Bangladesh,BGD,1995,309.458680823367
Bulgaria,BGR,1995,2259.25922555221
Bahrain,BHR,1995,11900.9317778335
"Bahamas, The",BHS,1995,11374.6056703852
Bosnia and Herzegovina,BIH,1995,502.365980975339
Belarus,BLR,1995,1370.69991385664
Belize,BLZ,1995,4009.82752539849
Bermuda,BMU,1995,34115.3445553204
Bolivia,BOL,1995,852.754034861444
Brazil,BRA,1995,4756.75013552302
Barbados,BRB,1995,8460.47380869104
Brunei Darussalam,BRN,1995,26443.2564746713
Bhutan,BTN,1995,530.103676927417
Botswana,BWA,1995,3156.18194514079
Central African Republic,CAF,1995,333.145863233895
Canada,CAN,1995,20679.634792669
Central Europe and the Baltics,CEB,1995,3593.18352287584
Switzerland,CHE,1995,50113.8321221345
Chile,CHL,1995,5081.4682771561
China,CHN,1995,612.680277898627
Cote d'Ivoire,CIV,1995,740.4730999133
Cameroon,CMR,1995,832.006674487689
"Congo, Dem. Rep.",COD,1995,127.008078734668
"Congo, Rep.",COG,1995,769.606794842829
Colombia,COL,1995,2583.66576349858
Comoros,COM,1995,800.623567802959
Cabo Verde,CPV,1995,1165.13832331934
Costa Rica,CRI,1995,3275.25256447416
Caribbean small states,CSS,1995,4144.50619583341
Cuba,CUB,1995,2785.24442954103
Cyprus,CYP,1995,15261.4169921875
Czechia,CZE,1995,5865.29460556726
Germany,DEU,1995,31747.2449398447
Djibouti,DJI,1995,786.201866748458
Dominica,DMA,1995,3951.72267086358
Denmark,DNK,1995,35321.0980773087
Dominican Republic,DOM,1995,2109.16940728689
Algeria,DZA,1995,1466.94806760415
East Asia & Pacific (excluding high income),EAP,1995,772.304602057404
Early-demographic dividend,EAR,1995,1150.91452190581
East Asia & Pacific,EAS,1995,4345.04839008217
Europe & Central Asia (excluding high income),ECA,1995,1737.88574685501
Europe & Central Asia,ECS,1995,12730.8476426985
Ecuador,ECU,1995,2108.00698245316
"Egypt, Arab Rep.",EGY,1995,916.326617700876
Euro area,EMU,1995,23430.2422057728
Eritrea,ERI,1995,285.402184008331
Spain,ESP,1995,15460.9110266653
Estonia,EST,1995,3134.38975345407
Ethiopia,ETH,1995,136.523619088963
European Union,EUU,1995,19470.1012385881
Fragile and conflict affected situations,FCS,1995,777.742817479696
Finland,FIN,1995,26246.2743214462
Fiji,FJI,1995,2466.74347815903
France,FRA,1995,26791.8151982369
Faroe Islands,FRO,1995,20669.2052425004
"Micronesia, Fed. Sts.",FSM,1995,1995.19190194111
Gabon,GAB,1995,4414.8755828572
United Kingdom,GBR,1995,23252.6157127423
Georgia,GEO,1995,578.336923460866
Ghana,GHA,1995,371.537243033836
Guinea,GIN,1995,713.031460558683
"Gambia, The",GMB,1995,621.681391269646
Guinea-Bissau,GNB,1995,589.487023081945
Equatorial Guinea,GNQ,1995,248.314896208855
Greece,GRC,1995,12779.081491606
Grenada,GRD,1995,3294.26988339657
Greenland,GRL,1995,21665.8295173116
Guatemala,GTM,1995,1421.06177809796
Guyana,GUY,1995,819.668541584905
High income,HIC,1995,21664.2004459795
"Hong Kong SAR, China",HKG,1995,23497.3920767477
Honduras,HND,1995,814.049075569071
Heavily indebted poor countries (HIPC),HPC,1995,337.597287128306
Croatia,HRV,1995,4929.05772183424
Haiti,HTI,1995,372.006104665125
Hungary,HUN,1995,4509.41740910077
IBRD only,IBD,1995,1337.83541223494
IDA & IBRD total,IBT,1995,1156.75815715113
IDA total,IDA,1995,482.313584865841
IDA blend,IDB,1995,774.076600795021
Indonesia,IDN,1995,1011.22614205568
IDA only,IDX,1995,326.305726823977
Isle of Man,IMN,1995,12896.5252829716
India,IND,1995,375.17600537305
Ireland,IRL,1995,19158.4564773907
"Iran, Islamic Rep.",IRN,1995,1550.0095955025
Iraq,IRQ,1995,619.135530927038
Iceland,ISL,1995,27564.569102386
Israel,ISR,1995,19025.6840502517
Italy,ITA,1995,20712.1798690324
Jamaica,JAM,1995,2630.84935382822
Jordan,JOR,1995,1415.71151592128
Japan,JPN,1995,44197.6191013908
Kazakhstan,KAZ,1995,1217.79138769863
Kenya,KEN,1995,340.064842175429
Kyrgyz Republic,KGZ,1995,364.250365258345
Cambodia,KHM,1995,343.485224671585
Kiribati,KIR,1995,844.429605862723
St. Kitts and Nevis,KNA,1995,7406.44486096454
"Korea, Rep.",KOR,1995,13001.7205867019
Kuwait,KWT,1995,16168.165602374
Latin America & Caribbean (excluding high income),LAC,1995,3935.86606689693
Lao PDR,LAO,1995,357.758162193406
Lebanon,LBN,1995,2958.74263957462
Liberia,LBR,1995,62.1438140627579
Libya,LBY,1995,5205.25706378741
St. Lucia,LCA,1995,5147.92024022295
Latin America & Caribbean,LCN,1995,4035.5479526034
Least developed countries: UN classification,LDC,1995,289.905722080224
Low income,LIC,1995,315.843363196236
Liechtenstein,LIE,1995,78909.7043377718
Sri Lanka,LKA,1995,741.838255293455
Lower middle income,LMC,1995,521.959095982764
Low & middle income,LMY,1995,1054.98612211496
Lesotho,LSO,1995,513.413448796175
Late-demographic dividend,LTE,1995,1551.58337876202
Lithuania,LTU,1995,2182.69156931505
Luxembourg,LUX,1995,51032.349635318
Latvia,LVA,1995,2256.77360387054
"Macao SAR, China",MAC,1995,17215.1178522275
Morocco,MAR,1995,1466.78820800781
Monaco,MCO,1995,99032.2375054091
Moldova,MDA,1995,593.593177049161
Madagascar,MDG,1995,273.149653945976
Maldives,MDV,1995,1554.60942754604
"Middle East, North Africa, Afghanistan & Pakistan",MEA,1995,1775.49074159851
Mexico,MEX,1995,4183.87847727479
Marshall Islands,MHL,1995,2490.98744457796
Middle income,MIC,1995,1105.20646514846
North Macedonia,MKD,1995,2355.24705371138
Mali,MLI,1995,331.193112410921
Malta,MLT,1995,9828.32354719517
Myanmar,MMR,1995,124.14348039051
"Middle East, North Africa, Afghanistan & Pakistan (excluding high income)",MNA,1995,977.954473374118
Mongolia,MNG,1995,652.67456284915
Mozambique,MOZ,1995,191.826096861406
Mauritania,MRT,1995,904.719170071042
Mauritius,MUS,1995,3648.01649622256
Malawi,MWI,1995,200.362370007247
Malaysia,MYS,1995,4363.14458333034
North America,NAC,1995,27897.9346077139
Namibia,NAM,1995,2483.20353415161
New Caledonia,NCL,1995,18107.8880778022
Niger,NER,1995,237.01998956862
Nigeria,NGA,1995,1271.61617353199
Nicaragua,NIC,1995,891.779352309996
Netherlands,NLD,1995,29301.1940492376
Norway,NOR,1995,34875.7043347536
Nepal,NPL,1995,197.843001330326
Nauru,NRU,1995,3932.0910939209
New Zealand,NZL,1995,17400.4201848172
OECD members,OED,1995,22257.1540058272
Oman,OMN,1995,7414.30279204109
Other small states,OSS,1995,4659.34188114157
Pakistan,PAK,1995,450.550279346206
Panama,PAN,1995,3513.89737854631
Peru,PER,1995,2189.53431515311
Philippines,PHL,1995,1199.84171414993
Palau,PLW,1995,7038.00523407967
Papua New Guinea,PNG,1995,998.229967376131
Poland,POL,1995,3700.95956775144
Pre-demographic dividend,PRE,1995,571.946464976273
Puerto Rico (US),PRI,1995,11579.1849969985
Portugal,PRT,1995,11781.3618502221
Paraguay,PRY,1995,1978.71514099575
West Bank and Gaza,PSE,1995,1326.56285737146
Pacific island small states,PSS,1995,1947.90073365074
Post-demographic dividend,PST,1995,25120.8119457481
French Polynesia,PYF,1995,18850.3149185956
Qatar,QAT,1995,15822.5090711554
Romania,ROU,1995,1650.04922365201
Russian Federation,RUS,1995,2665.77978515625
Rwanda,RWA,1995,227.971147849318
South Asia,SAS,1995,370.570693920918
Saudi Arabia,SAU,1995,10786.4008952769
Sudan,SDN,1995,462.585235595703
Senegal,SEN,1995,714.994396357297
Singapore,SGP,1995,24914.8507020358
Solomon Islands,SLB,1995,1220.17919311126
Sierra Leone,SLE,1995,208.351997250955
El Salvador,SLV,1995,1548.3763038362
"Somalia, Fed. Rep.",SOM,1995,210.673254610492
Serbia,SRB,1995,2349.40645150289
Sub-Saharan Africa (excluding high income),SSA,1995,877.380053747795
Sub-Saharan Africa,SSF,1995,806.661765849349
Small states,SST,1995,4180.97411712487
Sao Tome and Principe,STP,1995,768.710751184259
Suriname,SUR,1995,1609.82504373206
Slovak Republic,SVK,1995,4882.51158238228
Slovenia,SVN,1995,10738.0887611468
Sweden,SWE,1995,30254.0273028727
Eswatini,SWZ,1995,1750.75400773784
Seychelles,SYC,1995,7180.66832748656
Syrian Arab Republic,SYR,1995,779.699100153744
Chad,TCD,1995,203.964852705041
East Asia & Pacific (IDA & IBRD countries),TEA,1995,781.740273011855
Europe & Central Asia (IDA & IBRD countries),TEC,1995,2264.47976869591
Togo,TGO,1995,419.220334892756
Thailand,THA,1995,2864.36515719866
Tajikistan,TJK,1995,207.034457343036
Turkmenistan,TKM,1995,592.247247321132
Latin America & the Caribbean (IDA & IBRD countries),TLA,1995,3983.209208317
Timor-Leste,TLS,1995,302.736982028369
"Middle East, North Africa, Afghanistan & Pakistan (IDA & IBRD)",TMN,1995,975.846138056246
Tonga,TON,1995,2084.02759539718
South Asia (IDA & IBRD),TSA,1995,370.570693920918
Sub-Saharan Africa (IDA & IBRD countries),TSS,1995,806.66176584935
Trinidad and Tobago,TTO,1995,4114.68908475464
Tunisia,TUN,1995,1968.16600944373
Turkiye,TUR,1995,3845.98997887841
Tuvalu,TUV,1995,1284.76446104166
Tanzania,TZA,1995,258.418334960938
Uganda,UGA,1995,278.520835668767
Ukraine,UKR,1995,933.191772460938
Upper middle income,UMC,1995,1604.5960539726
Uruguay,URY,1995,6050.48632253644
United States,USA,1995,28690.8757013347
Uzbekistan,UZB,1995,582.54213674034
St. Vincent and the Grenadines,VCT,1995,2795.36305613955
"Venezuela, RB",VEN,1995,3486.98350635919
Viet Nam,VNM,1995,287.802661028593
Vanuatu,VUT,1995,1491.78967004617
World,WLD,1995,5446.76886240778
Samoa,WSM,1995,1288.10473321401
"Yemen, Rep.",YEM,1995,764.414656090937
South Africa,ZAF,1995,3855.6340871567
Zambia,ZMB,1995,433.312782642118
Zimbabwe,ZWE,1995,648.315259628165
Aruba,ABW,1996,16620.9545555513
Africa Eastern and Southern,AFE,1996,746.787334695357
Africa Western and Central,AFW,1996,1069.59024047614
Angola,AGO,1996,531.115366543271
Albania,ALB,1996,1020.97618050188
Andorra,AND,1996,19130.1597151312
Arab World,ARB,1996,2193.85960692838
United Arab Emirates,ARE,1996,28323.1650870532
Argentina,ARG,1996,7663.21271287469
Armenia,ARM,1996,487.068624404558
Antigua and Barbuda,ATG,1996,9756.08717951992
Australia,AUS,1996,22055.838490507
Austria,AUT,1996,29645.9451251491
Azerbaijan,AZE,1996,409.185543774103
Burundi,BDI,1996,143.156741187159
Belgium,BEL,1996,27489.5551770488
Benin,BEN,1996,369.394384135736
Burkina Faso,BFA,1996,242.733171352672
Bangladesh,BGD,1996,371.917937677345
Bulgaria,BGR,1996,1470.19259250682
Bahrain,BHR,1996,12091.7802188235
"Bahamas, The",BHS,1996,11783.797197226
Bosnia and Herzegovina,BIH,1996,718.933797141505
Belarus,BLR,1996,1427.26896385327
Belize,BLZ,1996,4043.26517997242
Bermuda,BMU,1996,45063.6149332085
Bolivia,BOL,1996,922.113259069714
Brazil,BRA,1996,5179.13052009976
Barbados,BRB,1996,9011.77884838722
Brunei Darussalam,BRN,1996,25692.2357348562
Bhutan,BTN,1996,552.873891403681
Botswana,BWA,1996,3156.26865681161
Central African Republic,CAF,1996,293.306575328658
Canada,CAN,1996,21296.9723536904
Central Europe and the Baltics,CEB,1996,3808.56146312262
Switzerland,CHE,1996,48092.6433036512
Chile,CHL,1996,5333.50438729711
China,CHN,1996,713.337387811657
Cote d'Ivoire,CIV,1996,1170.23622049666
Cameroon,CMR,1996,826.965322327363
"Congo, Dem. Rep.",COD,1996,127.416132828292
"Congo, Rep.",COG,1996,898.794050151577
Colombia,COL,1996,2664.64056059983
Comoros,COM,1996,786.380773511866
Cabo Verde,CPV,1996,1179.51522705182
Costa Rica,CRI,1996,3226.96395598625
Caribbean small states,CSS,1996,4424.43957767727
Cuba,CUB,1996,2282.18809324202
Cyprus,CYP,1996,15139.220703125
Czechia,CZE,1996,6573.19643136362
Germany,DEU,1996,30599.7891048363
Djibouti,DJI,1996,761.943659476655
Dominica,DMA,1996,4210.99532034556
Denmark,DNK,1996,35621.9878051732
Dominican Republic,DOM,1996,2270.86558687203
Algeria,DZA,1996,1616.83198721285
East Asia & Pacific (excluding high income),EAP,1996,876.038021478494
Early-demographic dividend,EAR,1996,1221.88459499685
East Asia & Pacific,EAS,1996,4138.00861008622
Europe & Central Asia (excluding high income),ECA,1996,1830.59814351656
Europe & Central Asia,ECS,1996,12973.0558652764
Ecuador,ECU,1996,2135.8479374308
"Egypt, Arab Rep.",EGY,1996,1008.97637629447
Euro area,EMU,1996,23652.3522705446
Eritrea,ERI,1996,325.838705371605
Spain,ESP,1996,16100.6215831114
Estonia,EST,1996,3380.92630243199
Ethiopia,ETH,1996,147.327458851964
European Union,EUU,1996,19755.2431380919
Fragile and conflict affected situations,FCS,1996,821.742503657984
Finland,FIN,1996,25756.6777073618
Fiji,FJI,1996,2648.32766264
France,FRA,1996,26757.6351494145
Faroe Islands,FRO,1996,22705.6954787426
"Micronesia, Fed. Sts.",FSM,1996,1955.97504197565
Gabon,GAB,1996,4942.67870027615
United Kingdom,GBR,1996,24503.3829602903
Georgia,GEO,1996,689.034634153312
Ghana,GHA,1996,389.271267898831
Guinea,GIN,1996,726.025442583799
"Gambia, The",GMB,1996,651.784945724837
Guinea-Bissau,GNB,1996,614.729892454585
Equatorial Guinea,GNQ,1996,391.686868235732
Greece,GRC,1996,13432.5262183244
Grenada,GRD,1996,3508.294236637
Greenland,GRL,1996,21422.4609853672
Guatemala,GTM,1996,1481.05986750672
Guyana,GUY,1996,927.523847211669
High income,HIC,1996,21713.2096953916
"Hong Kong SAR, China",HKG,1996,24818.3021600084
Honduras,HND,1996,812.817047602244
Heavily indebted poor countries (HIPC),HPC,1996,358.900827562186
Croatia,HRV,1996,5299.6410536193
Haiti,HTI,1996,377.229465025972
Hungary,HUN,1996,4542.0120380978
IBRD only,IBD,1996,1440.00819502256
IDA & IBRD total,IBT,1996,1247.97693671258
IDA total,IDA,1996,542.019450614884
IDA blend,IDB,1996,925.698418754674
Indonesia,IDN,1996,1118.92133024129
IDA only,IDX,1996,335.618927891741
Isle of Man,IMN,1996,13979.8454930411
India,IND,1996,401.046754673579
Ireland,IRL,1996,20835.8977130847
"Iran, Islamic Rep.",IRN,1996,1914.78121294313
Iraq,IRQ,1996,485.258492784825
Iceland,ISL,1996,28583.5208959793
Israel,ISR,1996,20224.2789080629
Italy,ITA,1996,23122.9337219116
Jamaica,JAM,1996,2928.89692611996
Jordan,JOR,1996,1410.17424189419
Japan,JPN,1996,39150.0396308089
Kazakhstan,KAZ,1996,1281.39152895397
Kenya,KEN,1996,440.527078880876
Kyrgyz Republic,KGZ,1996,394.856879614212
Cambodia,KHM,1996,324.655870983004
Kiribati,KIR,1996,985.885941426854
St. Kitts and Nevis,KNA,1996,7788.42839854571
"Korea, Rep.",KOR,1996,13864.9376534518
Kuwait,KWT,1996,18201.0958607918
Latin America & Caribbean (excluding high income),LAC,1996,4229.22205234811
Lao PDR,LAO,1996,371.341879197673
Lebanon,LBN,1996,3393.05090749359
Liberia,LBR,1996,71.4065248720036
Libya,LBY,1996,5591.02027544558
St. Lucia,LCA,1996,5244.01665086076
Latin America & Caribbean,LCN,1996,4294.36513621923
Least developed countries: UN classification,LDC,1996,297.936216317251
Low income,LIC,1996,293.224041109446
Liechtenstein,LIE,1996,80688.7182490376
Sri Lanka,LKA,1996,776.192371057587
Lower middle income,LMC,1996,581.925736310282
Low & middle income,LMY,1996,1151.38460074484
Lesotho,LSO,1996,479.671394625707
Late-demographic dividend,LTE,1996,1694.23721681537
Lithuania,LTU,1996,2340.67545970008
Luxembourg,LUX,1996,50444.3591236175
Latvia,LVA,1996,2360.1714816213
"Macao SAR, China",MAC,1996,17289.5517956917
Morocco,MAR,1996,1596.83239746094
Monaco,MCO,1996,98561.0137425657
Moldova,MDA,1996,575.145455139019
Madagascar,MDG,1996,339.877283663608
Maldives,MDV,1996,1716.74281753716
"Middle East, North Africa, Afghanistan & Pakistan",MEA,1996,1918.37750328186
Mexico,MEX,1996,4674.36792733681
Marshall Islands,MHL,1996,2272.84469502819
Middle income,MIC,1996,1209.98978256185
North Macedonia,MKD,1996,2306.53366957635
Mali,MLI,1996,359.662096047648
Malta,MLT,1996,10061.850192141
Myanmar,MMR,1996,141.897267580367
"Middle East, North Africa, Afghanistan & Pakistan (excluding high income)",MNA,1996,1058.06607840369
Mongolia,MNG,1996,595.5810149554
Mozambique,MOZ,1996,244.362651012498
Mauritania,MRT,1996,904.120879798142
Mauritius,MUS,1996,3951.94494649336
Malawi,MWI,1996,320.662735559137
Malaysia,MYS,1996,4837.16897250768
North America,NAC,1996,29112.2451436921
Namibia,NAM,1996,2423.3982907313
New Caledonia,NCL,1996,17592.0502745845
Niger,NER,1996,239.494513213973
Nigeria,NGA,1996,1632.72469370276
Nicaragua,NIC,1996,910.861645917295
Netherlands,NLD,1996,29063.6236532536
Norway,NOR,1996,37321.9741993473
Nepal,NPL,1996,198.821907435345
Nauru,NRU,1996,3678.56242894634
New Zealand,NZL,1996,18794.436039393
OECD members,OED,1996,22275.1958552208
Oman,OMN,1996,8068.00076784612
Other small states,OSS,1996,4739.0769500531
Pakistan,PAK,1996,456.996961832943
Panama,PAN,1996,3308.18430390528
Peru,PER,1996,2226.91682429265
Philippines,PHL,1996,1311.09249403865
Palau,PLW,1996,7788.29726974057
Papua New Guinea,PNG,1996,1071.04185150251
Poland,POL,1996,4163.51195431959
Pre-demographic dividend,PRE,1996,675.003973069927
Puerto Rico (US),PRI,1996,12173.163688986
Portugal,PRT,1996,12185.0914010629
Paraguay,PRY,1996,2088.17109102236
West Bank and Gaza,PSE,1996,1317.46675131385
Pacific island small states,PSS,1996,2060.80457831478
Post-demographic dividend,PST,1996,25102.7012317803
French Polynesia,PYF,1996,18475.7253329475
Qatar,QAT,1996,17124.7920861356
Romania,ROU,1996,1633.01064354117
Russian Federation,RUS,1996,2643.92919921875
Rwanda,RWA,1996,206.04911417485
South Asia,SAS,1996,400.095114023544
Saudi Arabia,SAU,1996,11471.5045960191
Sudan,SDN,1996,294.826965332031
Senegal,SEN,1996,723.469950081149
Singapore,SGP,1996,26232.866096827
Solomon Islands,SLB,1996,1289.33036923435
Sierra Leone,SLE,1996,224.258711163044
El Salvador,SLV,1996,1651.31016800895
"Somalia, Fed. Rep.",SOM,1996,237.241440951671
Serbia,SRB,1996,3053.90516860949
Sub-Saharan Africa (excluding high income),SSA,1996,955.24506094557
Sub-Saharan Africa,SSF,1996,877.522517236211
Small states,SST,1996,4316.17395236976
Sao Tome and Principe,STP,1996,987.048712395264
Suriname,SUR,1996,1962.88495820295
Slovak Republic,SVK,1996,5247.70081044708
Slovenia,SVN,1996,10796.7399446283
Sweden,SWE,1996,33022.2444768661
Eswatini,SWZ,1996,1619.19119707662
Seychelles,SYC,1996,7004.33603896356
Syrian Arab Republic,SYR,1996,918.195857362788
Chad,TCD,1996,216.912541056484
East Asia & Pacific (IDA & IBRD countries),TEA,1996,886.701839756278
Europe & Central Asia (IDA & IBRD countries),TEC,1996,2329.86607015662
Togo,TGO,1996,452.068436882428
Thailand,THA,1996,3054.65690806473
Tajikistan,TJK,1996,172.035088688368
Turkmenistan,TKM,1996,557.894220051334
Latin America & the Caribbean (IDA & IBRD countries),TLA,1996,4255.85859395714
Timor-Leste,TLS,1996,344.013327625123
"Middle East, North Africa, Afghanistan & Pakistan (IDA & IBRD)",TMN,1996,1056.46578559905
Tonga,TON,1996,2214.91474789811
South Asia (IDA & IBRD),TSA,1996,400.095114023544
Sub-Saharan Africa (IDA & IBRD countries),TSS,1996,877.522517236211
Trinidad and Tobago,TTO,1996,4427.27832448289
Tunisia,TUN,1996,2107.40815649257
Turkiye,TUR,1996,4041.36210281686
Tuvalu,TUV,1996,1427.80960501753
Tanzania,TZA,1996,313.658386230469
Uganda,UGA,1996,284.698259285733
Ukraine,UKR,1996,869.846069335938
Upper middle income,UMC,1996,1752.90714613617
Uruguay,URY,1996,6398.43575184095
United States,USA,1996,29967.7127181749
Uzbekistan,UZB,1996,597.33228695111
St. Vincent and the Grenadines,VCT,1996,2930.44394742606
"Venezuela, RB",VEN,1996,3112.825848106
Viet Nam,VNM,1996,337.051231790277
Vanuatu,VUT,1996,1529.27573115021
World,WLD,1996,5490.48018554204
Samoa,WSM,1996,1419.35849045228
"Yemen, Rep.",YEM,1996,375.214994663363
South Africa,ZAF,1996,3617.55336002932
Zambia,ZMB,1996,399.511304742449
Zimbabwe,ZWE,1996,766.913775859535
Aruba,ABW,1997,17750.0095644198
Africa Eastern and Southern,AFE,1997,767.39941150858
Africa Western and Central,AFW,1997,1091.83152927104
Angola,AGO,1997,521.70291489053
Albania,ALB,1997,728.545523729675
Andorra,AND,1997,18247.9995651361
Arab World,ARB,1997,2305.60995032747
United Arab Emirates,ARE,1997,27982.7957040564
Argentina,ARG,1997,8146.78710021431
Armenia,ARM,1997,505.035887057966
Antigua and Barbuda,ATG,1997,10336.2591617838
Australia,AUS,1997,23683.4948964934
Austria,AUT,1997,26571.7523626508
Azerbaijan,AZE,1997,505.516204188336
Burundi,BDI,1997,160.278342046962
Belgium,BEL,1997,24820.9380503896
Benin,BEN,1997,344.550491498963
Burkina Faso,BFA,1997,223.853958525611
Bangladesh,BGD,1997,379.284917709635
Bulgaria,BGR,1997,1361.40938439884
Bahrain,BHR,1997,12254.6662583128
"Bahamas, The",BHS,1997,20367.5732702056
Bosnia and Herzegovina,BIH,1997,913.813399054859
Belarus,BLR,1997,1396.44201900881
Belize,BLZ,1997,4014.40380600241
Bermuda,BMU,1997,48736.6768034299
Bolivia,BOL,1997,970.351843368594
Brazil,BRA,1997,5299.39794248133
Barbados,BRB,1997,9521.57127377123
Brunei Darussalam,BRN,1997,25522.3975038009
Bhutan,BTN,1997,630.447410148304
Botswana,BWA,1997,3194.18106145858
Central African Republic,CAF,1997,265.5212823896
Canada,CAN,1997,21901.5628548392
Central Europe and the Baltics,CEB,1997,3757.40740977212
Switzerland,CHE,1997,41584.441782159
Chile,CHL,1997,5741.95842989596
China,CHN,1997,786.743548510999
Cote d'Ivoire,CIV,1997,1124.65674867927
Cameroon,CMR,1997,783.251601945462
"Congo, Dem. Rep.",COD,1997,132.323520768553
"Congo, Rep.",COG,1997,804.304050086499
Colombia,COL,1997,2873.2814350993
Comoros,COM,1997,714.519968676115
Cabo Verde,CPV,1997,1133.57422614008
Costa Rica,CRI,1997,3407.776128985
Caribbean small states,CSS,1997,5198.5063262239
Cuba,CUB,1997,2306.42483397336
Cyprus,CYP,1997,14234.2412109375
Czechia,CZE,1997,6069.38762357837
Germany,DEU,1997,27046.9565464237
Djibouti,DJI,1997,748.232840194914
Dominica,DMA,1997,4372.19712966838
Denmark,DNK,1997,32779.879045297
Dominican Republic,DOM,1997,2448.89393535363
Algeria,DZA,1997,1628.76100561506
East Asia & Pacific (excluding high income),EAP,1997,895.628860781461
Early-demographic dividend,EAR,1997,1278.98377914407
East Asia & Pacific,EAS,1997,3909.67282575326
Europe & Central Asia (excluding high income),ECA,1997,1941.24978910286
Europe & Central Asia,ECS,1997,12300.1736663162
Ecuador,ECU,1997,2340.76600026857
"Egypt, Arab Rep.",EGY,1997,1146.20172117634
Euro area,EMU,1997,21582.2300714774
Eritrea,ERI,1997,318.980960831984
Spain,ESP,1997,14722.3717633536
Estonia,EST,1997,3682.95230146695
Ethiopia,ETH,1997,143.369531498844
European Union,EUU,1997,18093.6207027952
Fragile and conflict affected situations,FCS,1997,899.622391059043
Finland,FIN,1997,24682.29083271
Fiji,FJI,1997,2573.72338605678
France,FRA,1997,24169.4008102822
Faroe Islands,FRO,1997,21158.4130199317
"Micronesia, Fed. Sts.",FSM,1997,1840.23883354727
Gabon,GAB,1997,4508.75340541142
United Kingdom,GBR,1997,26910.1381529902
Georgia,GEO,1997,807.032285752352
Ghana,GHA,1997,377.841935501461
Guinea,GIN,1997,695.58174225826
"Gambia, The",GMB,1997,600.224023405754
Guinea-Bissau,GNB,1997,598.953470198484
Equatorial Guinea,GNQ,1997,717.041481576821
Greece,GRC,1997,13015.9175046854
Grenada,GRD,1997,3724.75466168304
Greenland,GRL,1997,19145.614890096
Guatemala,GTM,1997,1638.46281851789
Guyana,GUY,1997,982.804753805587
High income,HIC,1997,21240.4885041756
"Hong Kong SAR, China",HKG,1997,27330.0933613355
Honduras,HND,1997,917.272651200904
Heavily indebted poor countries (HIPC),HPC,1997,365.376442370573
Croatia,HRV,1997,5331.02343858808
Haiti,HTI,1997,425.111085879256
Hungary,HUN,1997,4606.0569733295
IBRD only,IBD,1997,1506.90781801379
IDA & IBRD total,IBT,1997,1301.06346834446
IDA total,IDA,1997,553.125032570024
IDA blend,IDB,1997,943.89510994302
Indonesia,IDN,1997,1044.60674832472
IDA only,IDX,1997,342.519422685428
Isle of Man,IMN,1997,16160.7112518361
India,IND,1997,416.228116203753
Ireland,IRL,1997,22551.1139134126
"Iran, Islamic Rep.",IRN,1997,1790.06617575598
Iraq,IRQ,1997,936.341170908421
Iceland,ISL,1997,28461.7664095122
Israel,ISR,1997,20469.4699017497
Italy,ITA,1997,21883.9872666651
Jamaica,JAM,1997,3296.91634805083
Jordan,JOR,1997,1435.87593846863
Japan,JPN,1997,35638.2319556941
Kazakhstan,KAZ,1997,1381.63593295187
Kenya,KEN,1997,466.723814611399
Kyrgyz Republic,KGZ,1997,376.427930059811
Cambodia,KHM,1997,297.59041960803
Kiribati,KIR,1997,953.162998384941
St. Kitts and Nevis,KNA,1997,8626.72257471312
"Korea, Rep.",KOR,1997,12821.6893313675
Kuwait,KWT,1997,16977.3895620399
Latin America & Caribbean (excluding high income),LAC,1997,4542.6067269182
Lao PDR,LAO,1997,339.09319241187
Lebanon,LBN,1997,3834.0590787531
Liberia,LBR,1997,122.627993745516
Libya,LBY,1997,6061.81366033598
St. Lucia,LCA,1997,5282.37011402006
Latin America & Caribbean,LCN,1997,4634.23789830744
Least developed countries: UN classification,LDC,1997,302.814162340806
Low income,LIC,1997,305.583033413587
Liechtenstein,LIE,1997,73590.8620289713
Sri Lanka,LKA,1997,827.035756058631
Lower middle income,LMC,1997,597.792781411356
Low & middle income,LMY,1997,1201.98723733235
Lesotho,LSO,1997,501.981388900965
Late-demographic dividend,LTE,1997,1757.24066189517
Lithuania,LTU,1997,2844.16286797492
Luxembourg,LUX,1997,46641.6408754876
Latvia,LVA,1997,2609.89308697195
"Macao SAR, China",MAC,1997,17415.6982810978
Morocco,MAR,1997,1426.30114746094
Monaco,MCO,1997,88581.7044683607
Moldova,MDA,1997,657.29213459795
Madagascar,MDG,1997,284.371843967244
Maldives,MDV,1997,1898.43225010526
"Middle East, North Africa, Afghanistan & Pakistan",MEA,1997,1954.53257122915
Mexico,MEX,1997,5567.35599516667
Marshall Islands,MHL,1997,2230.75377088451
Middle income,MIC,1997,1263.93755302408
North Macedonia,MKD,1997,1959.56073782188
Mali,MLI,1997,320.75152297828
Malta,MLT,1997,9893.18898998688
Myanmar,MMR,1997,108.039770292032
"Middle East, North Africa, Afghanistan & Pakistan (excluding high income)",MNA,1997,1077.33623074357
Montenegro,MNE,1997,1375.32616813442
Mongolia,MNG,1997,515.298004947316
Mozambique,MOZ,1997,287.532091475389
Mauritania,MRT,1997,859.28395817576
Mauritius,MUS,1997,3695.73668844327
Malawi,MWI,1997,366.954461274104
Malaysia,MYS,1997,4678.56390058182
North America,NAC,1997,30518.0718884439
Namibia,NAM,1997,2459.64511763936
New Caledonia,NCL,1997,15704.9593483537
Niger,NER,1997,220.562957209
Nigeria,NGA,1997,1720.27540949396
Nicaragua,NIC,1997,912.757429788533
Netherlands,NLD,1997,26744.9601318097
Norway,NOR,1997,36629.0309036621
Nepal,NPL,1997,211.834869589153
Nauru,NRU,1997,3661.02846701327
New Zealand,NZL,1997,17474.187029724
OECD members,OED,1997,21776.2051995173
Oman,OMN,1997,8234.64063759005
Other small states,OSS,1997,4678.51999052447
Pakistan,PAK,1997,438.030942680153
Panama,PAN,1997,3545.97670392453
Peru,PER,1997,2300.67200774461
Philippines,PHL,1997,1273.27604875636
Palau,PLW,1997,7944.59907223327
Papua New Guinea,PNG,1997,989.721550965343
Poland,POL,1997,4137.00831823145
Pre-demographic dividend,PRE,1997,720.575466777837
Puerto Rico (US),PRI,1997,12817.6449621352
Portugal,PRT,1997,11575.5071124358
Paraguay,PRY,1997,2078.50841313824
West Bank and Gaza,PSE,1997,1389.16497137651
Pacific island small states,PSS,1997,2035.88564452676
Post-demographic dividend,PST,1997,24482.6157813598
French Polynesia,PYF,1997,16423.0214308681
Qatar,QAT,1997,20522.8012995179
Romania,ROU,1997,1577.33656023974
Russian Federation,RUS,1997,2737.57202148438
Rwanda,RWA,1997,238.749371368214
South Asia,SAS,1997,415.002724170031
Saudi Arabia,SAU,1997,11545.3455998551
Sudan,SDN,1997,373.09375
Senegal,SEN,1997,650.776321407448
Singapore,SGP,1997,26375.8653668113
Solomon Islands,SLB,1997,1292.23951946469
Sierra Leone,SLE,1997,199.880001395777
El Salvador,SLV,1997,1748.92111971129
San Marino,SMR,1997,37852.9810311
"Somalia, Fed. Rep.",SOM,1997,280.112724233259
Serbia,SRB,1997,3573.50440240049
Sub-Saharan Africa (excluding high income),SSA,1997,979.802484553982
Sub-Saharan Africa,SSF,1997,898.909546886988
Small states,SST,1997,4473.96160624632
Sao Tome and Principe,STP,1997,661.668232822488
Suriname,SUR,1997,2067.59814938391
Slovak Republic,SVK,1997,5172.41757491248
Slovenia,SVN,1997,10436.7260661871
Sweden,SWE,1997,30324.1845796306
Eswatini,SWZ,1997,1705.39874942229
Seychelles,SYC,1997,7746.69851330444
Syrian Arab Republic,SYR,1997,940.826589804978
Chad,TCD,1997,201.384076969355
East Asia & Pacific (IDA & IBRD countries),TEA,1997,906.493021330197
Europe & Central Asia (IDA & IBRD countries),TEC,1997,2408.22960725737
Togo,TGO,1997,448.001096915436
Thailand,THA,1997,2473.14096982086
Tajikistan,TJK,1997,150.088550171239
Turkmenistan,TKM,1997,565.022638048501
Latin America & the Caribbean (IDA & IBRD countries),TLA,1997,4593.58618583537
Timor-Leste,TLS,1997,348.86424098109
"Middle East, North Africa, Afghanistan & Pakistan (IDA & IBRD)",TMN,1997,1075.36776792627
Tonga,TON,1997,2135.52111086276
South Asia (IDA & IBRD),TSA,1997,415.002724170031
Sub-Saharan Africa (IDA & IBRD countries),TSS,1997,898.909546886989
Trinidad and Tobago,TTO,1997,4393.94496943068
Tunisia,TUN,1997,2202.06090620956
Turkiye,TUR,1997,4197.37636165642
Tuvalu,TUV,1997,1461.08618049276
Tanzania,TZA,1997,363.597686767578
Uganda,UGA,1997,286.846637912964
Ukraine,UKR,1997,987.489807128906
Upper middle income,UMC,1997,1845.29469515271
Uruguay,URY,1997,7436.29342620682
United States,USA,1997,31459.1389804773
Uzbekistan,UZB,1997,620.59129581366
St. Vincent and the Grenadines,VCT,1997,3073.7784743848
"Venezuela, RB",VEN,1997,3710.82688355096
Viet Nam,VNM,1997,361.643884085566
Vanuatu,VUT,1997,1562.03090670153
World,WLD,1997,5394.04933498749
Samoa,WSM,1997,1607.88744330521
"Yemen, Rep.",YEM,1997,382.584928722421
South Africa,ZAF,1997,3700.23554789867
Zambia,ZMB,1997,465.871942164799
Zimbabwe,ZWE,1997,750.583100340929
Aruba,ABW,1998,18828.0870594071
Africa Eastern and Southern,AFE,1998,697.079415310028
Africa Western and Central,AFW,1998,1141.48665070696
Angola,AGO,1998,429.188126933192
Albania,ALB,1998,831.175344077295
Andorra,AND,1998,18536.5084282698
Arab World,ARB,1998,2192.5892782815
United Arab Emirates,ARE,1998,24889.4269192279
Argentina,ARG,1998,8218.99212764682
Armenia,ARM,1998,590.239947333459
Antigua and Barbuda,ATG,1998,10906.8785406961
Australia,AUS,1998,21516.0403147759
Austria,AUT,1998,27212.4642905708
Azerbaijan,AZE,1998,561.906807871869
Burundi,BDI,1998,144.456948255536
Belgium,BEL,1998,25338.4432934904
Benin,BEN,1998,361.601983057505
Burkina Faso,BFA,1998,249.53173292493
Bangladesh,BGD,1998,385.616881752796
Bulgaria,BGR,1998,1820.44866449942
Bahrain,BHR,1998,11625.0343768343
"Bahamas, The",BHS,1998,21667.448821694
Bosnia and Herzegovina,BIH,1998,1006.70479669823
Belarus,BLR,1998,1511.32531567314
Belize,BLZ,1998,4125.92539958166
Bermuda,BMU,1998,51629.2814855126
Bolivia,BOL,1998,1022.14506519545
Brazil,BRA,1998,5105.89246192003
Barbados,BRB,1998,10734.3637242884
Brunei Darussalam,BRN,1998,17769.2463451942
Bhutan,BTN,1998,638.278962310609
Botswana,BWA,1998,2981.19639702109
Central African Republic,CAF,1998,266.570544600384
Canada,CAN,1998,21024.5850687045
Central Europe and the Baltics,CEB,1998,4117.99990144172
Switzerland,CHE,1998,42680.5867322391
Channel Islands,CHI,1998,40472.6653548172
Chile,CHL,1998,5419.82417297191
China,CHN,1998,835.095348597432
Cote d'Ivoire,CIV,1998,1177.37133815342
Cameroon,CMR,1998,798.745621406677
"Congo, Dem. Rep.",COD,1998,131.461338858019
"Congo, Rep.",COG,1998,660.379775085784
Colombia,COL,1998,2604.87166959518
Comoros,COM,1998,704.479817408486
Cabo Verde,CPV,1998,1186.74294773086
Costa Rica,CRI,1998,3617.45756666726
Caribbean small states,CSS,1998,5558.82422899327
Cuba,CUB,1998,2332.30656133119
Cyprus,CYP,1998,15092.828125
Czechia,CZE,1998,6526.59635780951
Germany,DEU,1998,27395.9440608051
Djibouti,DJI,1998,735.349107889529
Dominica,DMA,1998,4664.24268142919
Denmark,DNK,1998,33346.4884298957
Dominican Republic,DOM,1998,2607.85457321405
Algeria,DZA,1998,1603.36623200836
East Asia & Pacific (excluding high income),EAP,1998,809.007580493479
Early-demographic dividend,EAR,1998,1209.079710361
East Asia & Pacific,EAS,1998,3459.91050076763
Europe & Central Asia (excluding high income),ECA,1998,1940.93640820527
Europe & Central Asia,ECS,1998,12512.8882177513
Ecuador,ECU,1998,2284.01572847769
"Egypt, Arab Rep.",EGY,1998,1212.82259820477
Euro area,EMU,1998,22144.6949274767
Eritrea,ERI,1998,341.91736400208
Spain,ESP,1998,15382.3348573373
Estonia,EST,1998,4093.39247738765
Ethiopia,ETH,1998,126.465095781244
European Union,EUU,1998,18616.5119307706
Fragile and conflict affected situations,FCS,1998,902.662957751523
Finland,FIN,1998,25999.9861694953
Fiji,FJI,1998,2010.49636073149
France,FRA,1998,24869.4030795939
Faroe Islands,FRO,1998,24729.019906458
"Micronesia, Fed. Sts.",FSM,1998,1944.03333786902
Gabon,GAB,1998,3699.99513906504
United Kingdom,GBR,1998,28396.3523548013
Georgia,GEO,1998,851.515542450841
Ghana,GHA,1998,400.366799508524
Guinea,GIN,1998,647.379920832778
"Gambia, The",GMB,1998,610.234711461724
Guinea-Bissau,GNB,1998,497.724279563733
Equatorial Guinea,GNQ,1998,577.868525342745
Greece,GRC,1998,13022.9648774809
Grenada,GRD,1998,4206.28052894181
Greenland,GRL,1998,20496.578783559
Guatemala,GTM,1998,1741.20114182856
Guyana,GUY,1998,939.685488169724
High income,HIC,1998,21090.4317620041
"Hong Kong SAR, China",HKG,1998,25808.8609899709
Honduras,HND,1998,988.655986927253
Heavily indebted poor countries (HIPC),HPC,1998,367.63883769207
Croatia,HRV,1998,5712.58985659548
Haiti,HTI,1998,465.363306259051
Hungary,HUN,1998,4751.7732430202
IBRD only,IBD,1998,1428.92521382257
IDA & IBRD total,IBT,1998,1239.87033049332
IDA total,IDA,1998,561.866003128145
IDA blend,IDB,1998,964.268672872189
Indonesia,IDN,1998,454.877800792123
IDA only,IDX,1998,344.469083901452
Isle of Man,IMN,1998,18753.1202301034
India,IND,1998,413.630864056851
Ireland,IRL,1998,24294.8547674007
"Iran, Islamic Rep.",IRN,1998,1709.19334096046
Iraq,IRQ,1998,900.937142559106
Iceland,ISL,1998,31519.1647473126
Israel,ISR,1998,20188.8141481667
Italy,ITA,1998,22365.1837644545
Jamaica,JAM,1998,3419.49352868739
Jordan,JOR,1998,1532.11380395602
Japan,JPN,1998,32423.7556133801
Kazakhstan,KAZ,1998,1414.59289652597
Kenya,KEN,1998,487.883239905452
Kyrgyz Republic,KGZ,1998,345.137046084246
Cambodia,KHM,1998,258.780953189377
Kiribati,KIR,1998,874.484349123221
St. Kitts and Nevis,KNA,1998,8710.78984057184
"Korea, Rep.",KOR,1998,8583.43557499234
Kuwait,KWT,1998,14066.9509572183
Latin America & Caribbean (excluding high income),LAC,1998,4506.9918823642
Lao PDR,LAO,1998,243.923962451418
Lebanon,LBN,1998,4124.85527892575
Liberia,LBR,1998,134.675393352518
Libya,LBY,1998,5301.08354775559
St. Lucia,LCA,1998,5672.51373770766
Latin America & Caribbean,LCN,1998,4618.20564817823
Least developed countries: UN classification,LDC,1998,299.672387401723
Low income,LIC,1998,304.491352943612
Liechtenstein,LIE,1998,78302.9905905848
Sri Lanka,LKA,1998,847.533577843861
Lower middle income,LMC,1998,597.802461520308
Low & middle income,LMY,1998,1161.1055810429
Lesotho,LSO,1998,464.683745548265
Late-demographic dividend,LTE,1998,1678.89693447915
Lithuania,LTU,1998,3180.64498555255
Luxembourg,LUX,1998,47445.3810812051
Latvia,LVA,1998,2893.79998716563
"Macao SAR, China",MAC,1998,16094.9913844594
Morocco,MAR,1998,1668.49755859375
Monaco,MCO,1998,90947.2051224438
Moldova,MDA,1998,578.734627562193
Madagascar,MDG,1998,284.192923139852
Maldives,MDV,1998,1980.38448396751
"Middle East, North Africa, Afghanistan & Pakistan",MEA,1998,1868.51735331272
Mexico,MEX,1998,5832.69342004468
Marshall Islands,MHL,1998,2254.16054870567
Middle income,MIC,1998,1221.1178559528
North Macedonia,MKD,1998,1875.81662735988
Mali,MLI,1998,356.647044025322
Malta,MLT,1998,10408.1157380149
Myanmar,MMR,1998,145.950830383757
"Middle East, North Africa, Afghanistan & Pakistan (excluding high income)",MNA,1998,1075.35859706641
Montenegro,MNE,1998,1405.81632669854
Mongolia,MNG,1998,483.878066074871
Mozambique,MOZ,1998,320.125121723292
Mauritania,MRT,1998,821.266378551937
Mauritius,MUS,1998,3641.62142564086
Malawi,MWI,1998,236.045479450504
Malaysia,MYS,1998,3294.30978444095
North America,NAC,1998,31691.9492537212
Namibia,NAM,1998,2235.24515468625
New Caledonia,NCL,1998,16614.5978812179
Niger,NER,1998,246.090855923026
Nigeria,NGA,1998,1822.46998452473
Nicaragua,NIC,1998,949.155373494771
Netherlands,NLD,1998,27924.281808994
Norway,NOR,1998,34803.4634058738
Nepal,NPL,1998,205.075246306069
Nauru,NRU,1998,2908.84986525428
New Zealand,NZL,1998,14738.4455703918
OECD members,OED,1998,21771.4465206304
Oman,OMN,1998,7219.02932432025
Other small states,OSS,1998,4635.15882617706
Pakistan,PAK,1998,424.453697798497
Panama,PAN,1998,3807.83868807701
Peru,PER,1998,2156.39377651613
Philippines,PHL,1998,982.865943728564
Palau,PLW,1998,8047.91621679983
Papua New Guinea,PNG,1998,733.479860137662
Poland,POL,1998,4533.5356551781
Pre-demographic dividend,PRE,1998,741.382596228637
Puerto Rico (US),PRI,1998,14304.4049868015
Portugal,PRT,1998,12199.206385024
Paraguay,PRY,1998,1889.88455618586
West Bank and Gaza,PSE,1998,1465.04605685868
Pacific island small states,PSS,1998,1728.10547677798
Post-demographic dividend,PST,1998,24458.4576370477
French Polynesia,PYF,1998,16759.7141702526
Qatar,QAT,1998,17665.4408438222
Romania,ROU,1998,1852.5549693339
Russian Federation,RUS,1998,1834.86181640625
Rwanda,RWA,1998,246.154673288384
South Asia,SAS,1998,413.676322288749
Saudi Arabia,SAU,1998,9836.05729768574
Sudan,SDN,1998,350.702880859375
Senegal,SEN,1998,684.588105785786
Singapore,SGP,1998,21829.2737831583
Solomon Islands,SLB,1998,1091.89096889326
Sierra Leone,SLE,1998,156.51811883387
El Salvador,SLV,1998,1859.73085887742
San Marino,SMR,1998,40126.93686908
"Somalia, Fed. Rep.",SOM,1998,363.200013489992
Serbia,SRB,1998,2775.47372982047
Sub-Saharan Africa (excluding high income),SSA,1998,958.505961105787
Sub-Saharan Africa,SSF,1998,877.691028047643
Small states,SST,1998,4496.03901702663
Sao Tome and Principe,STP,1998,513.569380269738
Suriname,SUR,1998,2428.58641994202
Slovak Republic,SVK,1998,5560.916177503
Slovenia,SVN,1998,11131.5666628231
Sweden,SWE,1998,30605.3669074811
Eswatini,SWZ,1998,1546.51519325373
Seychelles,SYC,1998,8209.51444287
Syrian Arab Republic,SYR,1998,960.837504927725
Chad,TCD,1998,219.779530915601
East Asia & Pacific (IDA & IBRD countries),TEA,1998,818.793324750918
Europe & Central Asia (IDA & IBRD countries),TEC,1998,2165.16719527635
Togo,TGO,1998,461.158245854911
Thailand,THA,1998,1847.70379269771
Tajikistan,TJK,1998,213.749145581577
Turkmenistan,TKM,1998,590.791293266381
Latin America & the Caribbean (IDA & IBRD countries),TLA,1998,4563.94003348545
Timor-Leste,TLS,1998,345.59090957317
"Middle East, North Africa, Afghanistan & Pakistan (IDA & IBRD)",TMN,1998,1072.89061340122
Tonga,TON,1998,1888.83194028282
South Asia (IDA & IBRD),TSA,1998,413.676322288749
Sub-Saharan Africa (IDA & IBRD countries),TSS,1998,877.691028047644
Trinidad and Tobago,TTO,1998,4612.70900312686
Tunisia,TUN,1998,2285.01933541864
Turkiye,TUR,1998,4331.02761275037
Tuvalu,TUV,1998,1459.64937141718
Tanzania,TZA,1998,386.378448486328
Uganda,UGA,1998,292.453037058835
Ukraine,UKR,1998,831.336791992188
Upper middle income,UMC,1998,1770.42756924785
Uruguay,URY,1998,7836.89183322307
United States,USA,1998,32853.6769523009
Uzbekistan,UZB,1998,621.048904301242
St. Vincent and the Grenadines,VCT,1998,3301.10018129103
"Venezuela, RB",VEN,1998,3869.98258848894
Viet Nam,VNM,1998,361.350928411167
Vanuatu,VUT,1998,1470.97189048658
World,WLD,1998,5294.21706064972
Samoa,WSM,1998,1506.30359215846
"Yemen, Rep.",YEM,1998,342.73940747773
South Africa,ZAF,1998,3309.60933087472
Zambia,ZMB,1998,373.084763057408
Zimbabwe,ZWE,1998,552.448328691252
Aruba,ABW,1999,19216.1972354472
Africa Eastern and Southern,AFE,1999,670.42421254121
Africa Western and Central,AFW,1999,523.797280235566
Angola,AGO,1999,392.725539027496
Albania,ALB,1999,1056.34481153033
Andorra,AND,1999,18875.2883698571
Arab World,ARB,1999,2378.91283321485
United Arab Emirates,ARE,1999,25855.8605046587
Argentina,ARG,1999,7705.54288252851
Armenia,ARM,1999,582.669886150895
Antigua and Barbuda,ATG,1999,11342.3349230913
Australia,AUS,1999,20749.6443779096
Austria,AUT,1999,27078.7081612201
Azerbaijan,AZE,1999,573.893528734031
Burundi,BDI,1999,127.51419578119
Belgium,BEL,1999,25252.8019066564
Benin,BEN,1999,525.130597245974
Burkina Faso,BFA,1999,292.836958697313
Bangladesh,BGD,1999,388.095684268235
Bulgaria,BGR,1999,1660.9089125393
Bahrain,BHR,1999,12123.3534715368
"Bahamas, The",BHS,1999,24041.0933188158
Bosnia and Herzegovina,BIH,1999,1134.60298042083
Belarus,BLR,1999,1210.6117195862
Belize,BLZ,1999,4289.5277590653
Bermuda,BMU,1999,54388.3417315621
Bolivia,BOL,1999,979.344494964572
Brazil,BRA,1999,3493.57192043228
Barbados,BRB,1999,11244.3087668392
Brunei Darussalam,BRN,1999,19752.2013255542
Bhutan,BTN,1999,685.419830628567
Botswana,BWA,1999,3339.99596033431
Central African Republic,CAF,1999,267.995954011083
Canada,CAN,1999,22315.2466731545
Central Europe and the Baltics,CEB,1999,3998.01799002332
Switzerland,CHE,1999,41695.6912912021
Channel Islands,CHI,1999,42443.7199726991
Chile,CHL,1999,4933.55581516755
China,CHN,1999,881.146614068925
Cote d'Ivoire,CIV,1999,1096.13520587572
Cameroon,CMR,1999,796.262649784591
"Congo, Dem. Rep.",COD,1999,96.3192243479286
"Congo, Rep.",COG,1999,776.416349733937
Colombia,COL,1999,2241.22911801216
Comoros,COM,1999,707.228776682623
Cabo Verde,CPV,1999,1326.74466945164
Costa Rica,CRI,1999,3690.96154778297
Caribbean small states,CSS,1999,5959.88473285313
Cuba,CUB,1999,2561.77980406838
Cyprus,CYP,1999,15287.91796875
Czechia,CZE,1999,6377.6211077224
Germany,DEU,1999,26965.4922773722
Djibouti,DJI,1999,740.21930978973
Dominica,DMA,1999,4817.18105502046
Denmark,DNK,1999,33426.2381077405
Dominican Republic,DOM,1999,2620.8896817272
Algeria,DZA,1999,1596.11822239025
East Asia & Pacific (excluding high income),EAP,1999,881.635750156455
Early-demographic dividend,EAR,1999,1255.06572658008
East Asia & Pacific,EAS,1999,3827.75756789564
Europe & Central Asia (excluding high income),ECA,1999,1767.11233534975
Europe & Central Asia,ECS,1999,12371.8879045226
Ecuador,ECU,1999,1575.30234730971
"Egypt, Arab Rep.",EGY,1999,1268.30949160496
Euro area,EMU,1999,22011.2608875031
Eritrea,ERI,1999,311.336209255125
Spain,ESP,1999,15707.9473068138
Estonia,EST,1999,4140.93660232167
Ethiopia,ETH,1999,120.734631499865
European Union,EUU,1999,18506.5941717551
Fragile and conflict affected situations,FCS,1999,657.920628983046
Finland,FIN,1999,26180.4128562349
Fiji,FJI,1999,2327.95720514091
France,FRA,1999,24576.3152254528
Faroe Islands,FRO,1999,24978.6210817538
"Micronesia, Fed. Sts.",FSM,1999,1944.83228089695
Gabon,GAB,1999,3751.35318950625
United Kingdom,GBR,1999,28858.0065333126
Georgia,GEO,1999,673.537782887275
Ghana,GHA,1999,403.037326127273
Guinea,GIN,1999,610.614842942762
"Gambia, The",GMB,1999,575.459893151216
Guinea-Bissau,GNB,1999,478.733190989909
Equatorial Guinea,GNQ,1999,930.912549299779
Greece,GRC,1999,12742.5404388143
Grenada,GRD,1999,4516.28332446682
Greenland,GRL,1999,20170.322763798
Guatemala,GTM,1999,1603.64776144934
Guyana,GUY,1999,908.790631391797
High income,HIC,1999,21976.6114511313
"Hong Kong SAR, China",HKG,1999,25091.6665997966
Honduras,HND,1999,999.004383328908
Heavily indebted poor countries (HIPC),HPC,1999,359.069926606546
Croatia,HRV,1999,5269.03394637289
Haiti,HTI,1999,509.578585275375
Hungary,HUN,1999,4801.95949584162
IBRD only,IBD,1999,1374.62285849786
IDA & IBRD total,IBT,1999,1162.7426663957
IDA total,IDA,1999,408.990256378247
IDA blend,IDB,1999,530.021605991589
Indonesia,IDN,1999,657.268934667018
IDA only,IDX,1999,345.770052362828
Isle of Man,IMN,1999,21042.1461816648
India,IND,1999,441.927991436397
Ireland,IRL,1999,26338.1077543817
"Iran, Islamic Rep.",IRN,1999,1739.59462001458
Iraq,IRQ,1999,1560.36466710272
Iceland,ISL,1999,32834.4215745364
Israel,ISR,1999,19823.2138876277
Italy,ITA,1999,22049.9990620261
Jamaica,JAM,1999,3431.56813468335
Jordan,JOR,1999,1544.58750592979
Japan,JPN,1999,36610.1683163197
Kazakhstan,KAZ,1999,1091.54727722159
Kenya,KEN,1999,433.721235701305
Kyrgyz Republic,KGZ,1999,258.048055936976
Cambodia,KHM,1999,286.753596443196
Kiribati,KIR,1999,887.496019475758
St. Kitts and Nevis,KNA,1999,9116.28627997718
"Korea, Rep.",KOR,1999,11062.5019301357
Kuwait,KWT,1999,15853.6264423466
Latin America & Caribbean (excluding high income),LAC,1999,3936.58409916474
Lao PDR,LAO,1999,272.325307005412
Lebanon,LBN,1999,4086.93872789633
Liberia,LBR,1999,156.573166945696
Libya,LBY,1999,6894.51875534758
St. Lucia,LCA,1999,5882.83398968649
Latin America & Caribbean,LCN,1999,4110.68211210527
Least developed countries: UN classification,LDC,1999,300.790832873041
Low income,LIC,1999,298.372775964067
Liechtenstein,LIE,1999,82682.284882177
Sri Lanka,LKA,1999,829.356379527539
Lower middle income,LMC,1999,540.247034057987
Low & middle income,LMY,1999,1100.00554776472
Lesotho,LSO,1999,455.650054387377
Late-demographic dividend,LTE,1999,1539.83588141158
Lithuania,LTU,1999,3127.51176667183
Luxembourg,LUX,1999,50872.4492684624
Latvia,LVA,1999,3063.89794599707
"Macao SAR, China",MAC,1999,15318.6006770368
Morocco,MAR,1999,1635.65673828125
Monaco,MCO,1999,89698.1993575302
Moldova,MDA,1999,399.499818596336
Madagascar,MDG,1999,267.360530991414
Maldives,MDV,1999,2124.06007530631
"Middle East, North Africa, Afghanistan & Pakistan",MEA,1999,1974.9071869837
Mexico,MEX,1999,6499.97182950425
Marshall Islands,MHL,1999,2257.92000318712
Middle income,MIC,1999,1156.99314507115
North Macedonia,MKD,1999,1915.39281060996
Mali,MLI,1999,364.415678427556
Malta,MLT,1999,10609.1104477299
Myanmar,MMR,1999,189.490155849067
"Middle East, North Africa, Afghanistan & Pakistan (excluding high income)",MNA,1999,1137.92232755084
Montenegro,MNE,1999,1367.90257335097
Mongolia,MNG,1999,448.660368337533
Mozambique,MOZ,1999,354.406245723711
Mauritania,MRT,1999,781.337033563197
Mauritius,MUS,1999,3745.69625069831
Malawi,MWI,1999,233.935986197873
Malaysia,MYS,1999,3527.81581379249
North America,NAC,1999,33320.9396278081
Namibia,NAM,1999,2177.78733370092
New Caledonia,NCL,1999,16692.6835119189
Niger,NER,1999,228.271656116064
Nigeria,NGA,1999,480.669363941805
Nicaragua,NIC,1999,980.219744675246
Netherlands,NLD,1999,28318.7466538357
Norway,NOR,1999,36393.2927471088
Nepal,NPL,1999,208.646667913743
Nauru,NRU,1999,2682.69486680046
New Zealand,NZL,1999,15322.2238340267
OECD members,OED,1999,22708.4528563704
Oman,OMN,1999,7915.44169380534
Other small states,OSS,1999,4829.25338074138
Pakistan,PAK,1999,418.249257055367
Panama,PAN,1999,3950.34144236614
Peru,PER,1999,1916.53397367908
Philippines,PHL,1999,1101.43515975318
Palau,PLW,1999,7629.56986402836
Papua New Guinea,PNG,1999,649.994719718763
Poland,POL,1999,4415.50067547826
Pre-demographic dividend,PRE,1999,448.838902293491
Puerto Rico (US),PRI,1999,15220.9913420267
Portugal,PRT,1999,12475.2917701476
Paraguay,PRY,1999,1766.30657288259
West Bank and Gaza,PSE,1999,1499.49217657019
Pacific island small states,PSS,1999,1857.38928924737
Post-demographic dividend,PST,1999,25570.8524745238
French Polynesia,PYF,1999,16532.9022343754
Qatar,QAT,1999,20233.6846826643
Romania,ROU,1999,1599.90622808339
Russian Federation,RUS,1999,1330.75720214844
Rwanda,RWA,1999,264.74368682977
South Asia,SAS,1999,437.982047564941
Saudi Arabia,SAU,1999,10452.1899400479
Sudan,SDN,1999,324.659606933594
Senegal,SEN,1999,677.516338727268
Singapore,SGP,1999,21796.6373891001
Solomon Islands,SLB,1999,1133.62256531791
Sierra Leone,SLE,1999,155.020833269007
El Salvador,SLV,1999,1908.0804545224
San Marino,SMR,1999,41931.7951488407
"Somalia, Fed. Rep.",SOM,1999,358.658780828071
Serbia,SRB,1999,2768.91041346166
Sub-Saharan Africa (excluding high income),SSA,1999,662.590169433438
Sub-Saharan Africa,SSF,1999,610.097793801745
Small states,SST,1999,4730.62919742795
Sao Tome and Principe,STP,1999,542.692548018387
Suriname,SUR,1999,1898.1801816053
Slovak Republic,SVK,1999,5651.62327514236
Slovenia,SVN,1999,11401.4906790909
Sweden,SWE,1999,30968.8710702052
Eswatini,SWZ,1999,1501.66426653189
Seychelles,SYC,1999,8243.23610099084
Syrian Arab Republic,SYR,1999,978.17453169496
Chad,TCD,1999,186.638531146223
East Asia & Pacific (IDA & IBRD countries),TEA,1999,892.251747150348
Europe & Central Asia (IDA & IBRD countries),TEC,1999,1878.78922808186
Togo,TGO,1999,445.291484100954
Thailand,THA,1999,2033.24490520569
Tajikistan,TJK,1999,175.023764735625
Turkmenistan,TKM,1999,545.519003106054
Latin America & the Caribbean (IDA & IBRD countries),TLA,1999,4029.14295199903
Timor-Leste,TLS,1999,269.987312761397
"Middle East, North Africa, Afghanistan & Pakistan (IDA & IBRD)",TMN,1999,1135.62755537135
Tonga,TON,1999,1952.14626248861
South Asia (IDA & IBRD),TSA,1999,437.982047564941
Sub-Saharan Africa (IDA & IBRD countries),TSS,1999,610.097793801745
Trinidad and Tobago,TTO,1999,5179.08350809274
Tunisia,TUN,1999,2376.06566791596
Turkiye,TUR,1999,3973.77763854116
Tuvalu,TUV,1999,1558.60396569869
Tanzania,TZA,1999,392.621765136719
Uganda,UGA,1999,257.921949601357
Ukraine,UKR,1999,631.910461425781
Upper middle income,UMC,1999,1705.94773687031
Uruguay,URY,1999,7370.56995453931
United States,USA,1999,34515.3902272076
Uzbekistan,UZB,1999,697.763539790812
St. Vincent and the Grenadines,VCT,1999,3446.52293031878
"Venezuela, RB",VEN,1999,4070.90619189484
Viet Nam,VNM,1999,375.994455900496
Vanuatu,VUT,1999,1472.17751741462
World,WLD,1999,5393.3279117337
Samoa,WSM,1999,1416.76915966987
"Yemen, Rep.",YEM,1999,401.448141660801
South Africa,ZAF,1999,3242.36830483958
Zambia,ZMB,1999,349.515723095687
Zimbabwe,ZWE,1999,582.299355588147
Aruba,ABW,2000,20681.0230269625
Africa Eastern and Southern,AFE,2000,706.727260967009
Afghanistan,AFG,2000,174.930991430166
Africa Western and Central,AFW,2000,518.969226054683
Angola,AGO,2000,563.733795571487
Albania,ALB,2000,1160.42047054038
Andorra,AND,2000,21810.2503808666
Arab World,ARB,2000,2664.12520122649
United Arab Emirates,ARE,2000,29865.502347066
Argentina,ARG,2000,7637.01489203628
Armenia,ARM,2000,593.450581742282
Antigua and Barbuda,ATG,2000,12027.4949768222
Australia,AUS,2000,21908.9968019784
Austria,AUT,2000,24487.2974685956
Azerbaijan,AZE,2000,655.097249579917
Burundi,BDI,2000,134.537861752389
Belgium,BEL,2000,23098.8865077401
Benin,BEN,2000,487.424141384242
Burkina Faso,BFA,2000,248.908526921752
Bangladesh,BGD,2000,396.670730249751
Bulgaria,BGR,2000,1621.26210738992
Bahrain,BHR,2000,14214.4836839343
"Bahamas, The",BHS,2000,24940.0775086078
Bosnia and Herzegovina,BIH,2000,1338.48059636261
Belarus,BLR,2000,1276.2880341
Belize,BLZ,2000,4726.50675459616
Bermuda,BMU,2000,56542.9569455727
Bolivia,BOL,2000,975.777060358751
Brazil,BRA,2000,3766.54786339835
Barbados,BRB,2000,11674.6736471764
Brunei Darussalam,BRN,2000,20130.2572346624
Bhutan,BTN,2000,771.924911410619
Botswana,BWA,2000,3450.81180622992
Central African Republic,CAF,2000,239.154133726071
Canada,CAN,2000,24271.0020563821
Central Europe and the Baltics,CEB,2000,3959.62494896645
Switzerland,CHE,2000,38865.021939688
Channel Islands,CHI,2000,43479.1940767689
Chile,CHL,2000,5052.99245766325
China,CHN,2000,969.199513696287
Cote d'Ivoire,CIV,2000,936.636541348798
Cameroon,CMR,2000,708.565731625965
"Congo, Dem. Rep.",COD,2000,377.925421481395
"Congo, Rep.",COG,2000,1024.30159109181
Colombia,COL,2000,2555.00751039968
Comoros,COM,2000,633.309032776244
Cabo Verde,CPV,2000,1189.51479345891
Costa Rica,CRI,2000,3812.75388284924
Caribbean small states,CSS,2000,6477.26482123395
Cuba,CUB,2000,2751.3817714814
Curacao,CUW,2000,15841.2612359949
Cyprus,CYP,2000,14388.3525390625
Czechia,CZE,2000,6062.92152842793
Germany,DEU,2000,23925.8559901991
Djibouti,DJI,2000,737.612183644052
Dominica,DMA,2000,4867.39896323759
Denmark,DNK,2000,30722.0251837567
Dominican Republic,DOM,2000,2831.45883638033
Algeria,DZA,2000,1772.92869122761
East Asia & Pacific (excluding high income),EAP,2000,961.301422369963
Early-demographic dividend,EAR,2000,1346.2395395696
East Asia & Pacific,EAS,2000,4103.33628080966
Europe & Central Asia (excluding high income),ECA,2000,1790.77072090719
Europe & Central Asia,ECS,2000,11652.9290294061
Ecuador,ECU,2000,1382.23421759909
"Egypt, Arab Rep.",EGY,2000,1366.09274372613
Euro area,EMU,2000,20039.4002655128
Eritrea,ERI,2000,314.357396753501
Spain,ESP,2000,14743.2671031455
Estonia,EST,2000,4070.60902410208
Ethiopia,ETH,2000,122.269202606069
European Union,EUU,2000,16976.0452668705
Fragile and conflict affected situations,FCS,2000,751.801263034453
Finland,FIN,2000,24335.9225082659
Fiji,FJI,2000,1995.72071163264
France,FRA,2000,22340.5939516217
Faroe Islands,FRO,2000,23322.7593357515
"Micronesia, Fed. Sts.",FSM,2000,2049.3453246655
Gabon,GAB,2000,3982.906200928
United Kingdom,GBR,2000,28383.8761094996
Georgia,GEO,2000,749.908534993961
Ghana,GHA,2000,253.746936203344
Guinea,GIN,2000,518.157066924026
"Gambia, The",GMB,2000,538.054072348854
Guinea-Bissau,GNB,2000,316.945495037639
Equatorial Guinea,GNQ,2000,1487.3165506701
Greece,GRC,2000,11638.2010697215
Grenada,GRD,2000,4839.82811114248
Greenland,GRL,2000,19009.0774407515
Guatemala,GTM,2000,1648.96578971559
Guyana,GUY,2000,931.796651718955
High income,HIC,2000,22374.3254750161
"Hong Kong SAR, China",HKG,2000,25756.7728723704
Honduras,HND,2000,1092.56400746252
Heavily indebted poor countries (HIPC),HPC,2000,377.459385908018
Croatia,HRV,2000,4953.65158789022
Haiti,HTI,2000,820.600046761464
Hungary,HUN,2000,4629.91760812548
IBRD only,IBD,2000,1477.69257780304
IDA & IBRD total,IBT,2000,1251.80798458527
IDA total,IDA,2000,458.298938832863
IDA blend,IDB,2000,619.821306002405
Indonesia,IDN,2000,763.711124950924
IDA only,IDX,2000,372.859415968736
Isle of Man,IMN,2000,21161.3963073772
India,IND,2000,442.750218937263
Ireland,IRL,2000,26334.5672050501
"Iran, Islamic Rep.",IRN,2000,1650.01385833785
Iraq,IRQ,2000,1980.18916038782
Iceland,ISL,2000,32503.578963236
Israel,ISR,2000,21706.5194056329
Italy,ITA,2000,20190.0035636084
Jamaica,JAM,2000,3453.09252800226
Jordan,JOR,2000,1570.61002940477
Japan,JPN,2000,39169.3595701504
Kazakhstan,KAZ,2000,1180.0444563226
Kenya,KEN,2000,414.626365130846
Kyrgyz Republic,KGZ,2000,279.621738464365
Cambodia,KHM,2000,296.426687526334
Kiribati,KIR,2000,845.367240231973
St. Kitts and Nevis,KNA,2000,9319.65545093525
"Korea, Rep.",KOR,2000,12710.2995795579
Kuwait,KWT,2000,19296.3471698729
Latin America & Caribbean (excluding high income),LAC,2000,4290.89542947118
Lao PDR,LAO,2000,318.749852236965
Lebanon,LBN,2000,3986.83513941026
Liberia,LBR,2000,298.485340578945
Libya,LBY,2000,7214.10040377084
St. Lucia,LCA,2000,5879.56191426207
Latin America & Caribbean,LCN,2000,4472.58404552831
Least developed countries: UN classification,LDC,2000,333.363886094901
Low income,LIC,2000,361.877753824032
Liechtenstein,LIE,2000,76087.911114202
Sri Lanka,LKA,2000,860.199884304769
Lower middle income,LMC,2000,559.072816607957
Low & middle income,LMY,2000,1178.01096453065
Lesotho,LSO,2000,442.779545779081
Late-demographic dividend,LTE,2000,1677.20655312269
Lithuania,LTU,2000,3300.63634928559
Luxembourg,LUX,2000,48659.5988753233
Latvia,LVA,2000,3278.17896440803
"Macao SAR, China",MAC,2000,15731.4081633771
Morocco,MAR,2000,1499.107421875
Monaco,MCO,2000,81789.0206522549
Moldova,MDA,2000,440.538683980372
Madagascar,MDG,2000,280.282905559649
Maldives,MDV,2000,2213.81235053178
"Middle East, North Africa, Afghanistan & Pakistan",MEA,2000,2220.38439290516
Mexico,MEX,2000,7524.0271380091
Marshall Islands,MHL,2000,2264.79114897645
Middle income,MIC,2000,1237.10225471924
North Macedonia,MKD,2000,1861.89899780644
Mali,MLI,2000,304.652870194271
Malta,MLT,2000,10348.4858902403
Myanmar,MMR,2000,196.619580625284
"Middle East, North Africa, Afghanistan & Pakistan (excluding high income)",MNA,2000,1247.47238123443
Montenegro,MNE,2000,1627.06511911987
Mongolia,MNG,2000,476.02755082717
Mozambique,MOZ,2000,327.12623979157
Mauritania,MRT,2000,680.911061879778
Mauritius,MUS,2000,3981.98343249582
Malawi,MWI,2000,224.22415918428
Malaysia,MYS,2000,4083.52874483605
North America,NAC,2000,35151.3613936987
Namibia,NAM,2000,2156.67590512714
New Caledonia,NCL,2000,15329.7297200058
Niger,NER,2000,194.771959898935
Nigeria,NGA,2000,547.318298903379
Nicaragua,NIC,2000,1017.3124434882
Netherlands,NLD,2000,26225.1697734149
Norway,NOR,2000,38178.2368777076
Nepal,NPL,2000,223.830289183078
Nauru,NRU,2000,2648.60152860938
New Zealand,NZL,2000,13641.1027183822
OECD members,OED,2000,23049.6329362256
Oman,OMN,2000,9753.84755185404
Other small states,OSS,2000,4847.45033301194
Pakistan,PAK,2000,642.338346499898
Panama,PAN,2000,3975.09310275544
Peru,PER,2000,1945.41338451698
Philippines,PHL,2000,1050.79273107952
Palau,PLW,2000,7798.07504193852
Papua New Guinea,PNG,2000,635.957919047725
Poland,POL,2000,4520.64100449111
Pre-demographic dividend,PRE,2000,503.562641272677
Puerto Rico (US),PRI,2000,16192.1269719638
Portugal,PRT,2000,11526.3720667968
Paraguay,PRY,2000,1736.11729210765
West Bank and Gaza,PSE,2000,1476.17185000238
Pacific island small states,PSS,2000,1686.60570445369
Post-demographic dividend,PST,2000,25890.8986396573
French Polynesia,PYF,2000,14978.324104668
Qatar,QAT,2000,27535.182940934
Romania,ROU,2000,1659.92904910528
Russian Federation,RUS,2000,1771.59411621094
Rwanda,RWA,2000,251.86926386091
South Asia,SAS,2000,440.467918910931
Saudi Arabia,SAU,2000,11714.5623675159
Sudan,SDN,2000,362.116882324219
Senegal,SEN,2000,603.233162455158
Singapore,SGP,2000,23852.8389514753
Solomon Islands,SLB,2000,953.17190137706
Sierra Leone,SLE,2000,143.743743239644
El Salvador,SLV,2000,1982.87093542615
San Marino,SMR,2000,37600.7077379601
"Somalia, Fed. Rep.",SOM,2000,386.119274401275
Serbia,SRB,2000,974.725469278615
Sub-Saharan Africa (excluding high income),SSA,2000,684.279233995118
Sub-Saharan Africa,SSF,2000,629.529731613317
Small states,SST,2000,4846.98212617811
Sao Tome and Principe,STP,2000,529.089383412262
Suriname,SUR,2000,1988.22172925433
Slovak Republic,SVK,2000,5421.6448441887
Slovenia,SVN,2000,10135.7219109212
Sweden,SWE,2000,29632.5890811623
Eswatini,SWZ,2000,1629.67038842815
Seychelles,SYC,2000,8063.65500575169
Syrian Arab Republic,SYR,2000,1138.1884854278
Chad,TCD,2000,163.121663683369
East Asia & Pacific (IDA & IBRD countries),TEA,2000,972.833173916046
Europe & Central Asia (IDA & IBRD countries),TEC,2000,2044.35074576548
Togo,TGO,2000,409.889802792768
Thailand,THA,2000,2005.97694514234
Tajikistan,TJK,2000,136.925716400723
Turkmenistan,TKM,2000,633.835487638011
Latin America & the Caribbean (IDA & IBRD countries),TLA,2000,4388.92611014216
Timor-Leste,TLS,2000,492.457637913906
"Middle East, North Africa, Afghanistan & Pakistan (IDA & IBRD)",TMN,2000,1246.01975069059
Tonga,TON,2000,1995.07667546271
South Asia (IDA & IBRD),TSA,2000,440.467918910931
Sub-Saharan Africa (IDA & IBRD countries),TSS,2000,629.529731613317
Trinidad and Tobago,TTO,2000,6178.58975559687
Tunisia,TUN,2000,2199.04465936314
Turkiye,TUR,2000,4199.3798635759
Tuvalu,TUV,2000,1579.41906275542
Tanzania,TZA,2000,401.698150634766
Uganda,UGA,2000,258.050338731086
Ukraine,UKR,2000,653.294311523438
Upper middle income,UMC,2000,1846.75293360867
Uruguay,URY,2000,6987.70098766257
United States,USA,2000,36329.9560727102
Uzbekistan,UZB,2000,555.149231099186
St. Vincent and the Grenadines,VCT,2000,3768.95536604022
"Venezuela, RB",VEN,2000,4776.2816763938
Viet Nam,VNM,2000,404.029784055118
Vanuatu,VUT,2000,1460.23817692229
World,WLD,2000,5501.26421816454
Samoa,WSM,2000,1424.75240002471
"Yemen, Rep.",YEM,2000,493.235182634814
South Africa,ZAF,2000,3217.84693448467
Zambia,ZMB,2000,359.429500988221
Zimbabwe,ZWE,2000,562.833757496076
Aruba,ABW,2001,20740.1325828172
Africa Eastern and Southern,AFE,2001,625.82781544115
Afghanistan,AFG,2001,138.706821676113
Africa Western and Central,AFW,2001,532.972787221754
Angola,AGO,2001,533.586202412447
Albania,ALB,2001,1326.41652388077
Andorra,AND,2001,23511.2969500881
Arab World,ARB,2001,2536.69232600737
United Arab Emirates,ARE,2001,27745.1708087672
Argentina,ARG,2001,7141.47507662826
Armenia,ARM,2001,659.588988535629
Antigua and Barbuda,ATG,2001,11539.1825063308
Australia,AUS,2001,19733.6510102645
Austria,AUT,2001,24430.495982841
Azerbaijan,AZE,2001,703.670998584686
Burundi,BDI,2001,132.159554541932
Belgium,BEL,2001,23015.0712632462
Benin,BEN,2001,492.401499509072
Burkina Faso,BFA,2001,259.485223380436
Bangladesh,BGD,2001,394.65641001891
Bulgaria,BGR,2001,1770.90704918691
Bahrain,BHR,2001,13573.2339887597
"Bahamas, The",BHS,2001,25371.9237667614
Bosnia and Herzegovina,BIH,2001,1387.89362942121
Belarus,BLR,2001,1244.37318523431
Belize,BLZ,2001,4718.77715104739
Bermuda,BMU,2001,59490.2452034202
Bolivia,BOL,2001,930.168227214313
Brazil,BRA,2001,3176.28975052524
Barbados,BRB,2001,11639.5160522054
Brunei Darussalam,BRN,2001,18287.8272281914
Bhutan,BTN,2001,812.238210772056
Botswana,BWA,2001,3206.07123689853
Central African Republic,CAF,2001,237.951702544735
Canada,CAN,2001,23822.096210932
Central Europe and the Baltics,CEB,2001,4360.9626352209
Switzerland,CHE,2001,39638.7911061864
Channel Islands,CHI,2001,41873.7406146127
Chile,CHL,2001,4563.5952986689
China,CHN,2001,1065.40597574519
Cote d'Ivoire,CIV,2001,924.727294962066
Cameroon,CMR,2001,715.470296470585
"Congo, Dem. Rep.",COD,2001,142.678142604412
"Congo, Rep.",COG,2001,854.598314408095
Colombia,COL,2001,2472.99084035833
Comoros,COM,2001,681.163857619963
Cabo Verde,CPV,2001,1223.33055331575
Costa Rica,CRI,2001,3985.12984506207
Caribbean small states,CSS,2001,6647.62547849072
Cuba,CUB,2001,2842.96704310394
Curacao,CUW,2001,16609.8454536485
Cyprus,CYP,2001,14821.44921875
Czechia,CZE,2001,6669.07494847497
Germany,DEU,2001,23878.3641471651
Djibouti,DJI,2001,742.133791107063
Dominica,DMA,2001,5527.51527300496
Denmark,DNK,2001,30768.4775471112
Dominican Republic,DOM,2001,2935.89367312668
Algeria,DZA,2001,1896.30020878013
East Asia & Pacific (excluding high income),EAP,2001,1014.52467003618
Early-demographic dividend,EAR,2001,1311.18270829395
East Asia & Pacific,EAS,2001,3783.30921974687
Europe & Central Asia (excluding high income),ECA,2001,1529.60615620796
Europe & Central Asia,ECS,2001,11757.603659314
Ecuador,ECU,2001,1791.30359685037
"Egypt, Arab Rep.",EGY,2001,1295.1374184163
Euro area,EMU,2001,20289.6505275093
Eritrea,ERI,2001,325.409161513593
Spain,ESP,2001,15368.2337984435
Estonia,EST,2001,4502.66614992392
Ethiopia,ETH,2001,118.457204255261
European Union,EUU,2001,17230.6480095869
Fragile and conflict affected situations,FCS,2001,719.215886038336
Finland,FIN,2001,24965.202996776
Fiji,FJI,2001,1944.997414609
France,FRA,2001,22331.7948343036
Faroe Islands,FRO,2001,24879.7729617864
"Micronesia, Fed. Sts.",FSM,2001,2103.74859460914
Gabon,GAB,2001,3835.75718279727
United Kingdom,GBR,2001,28013.8729635508
Georgia,GEO,2001,801.98383707929
Ghana,GHA,2001,263.542156494853
Guinea,GIN,2001,483.085120214741
"Gambia, The",GMB,2001,459.803068381399
Guinea-Bissau,GNB,2001,327.138431972397
Equatorial Guinea,GNQ,2001,1948.61145907844
Greece,GRC,2001,12156.9572824221
Grenada,GRD,2001,4819.50776653843
Greenland,GRL,2001,19265.5191468738
Guatemala,GTM,2001,1537.68663578252
Guyana,GUY,2001,931.574723847673
High income,HIC,2001,22083.4201672758
"Hong Kong SAR, China",HKG,2001,25230.3780910304
Honduras,HND,2001,1132.1648753329
Heavily indebted poor countries (HIPC),HPC,2001,355.171230947666
Croatia,HRV,2001,5364.83824691607
Haiti,HTI,2001,748.821159844528
Hungary,HUN,2001,5280.94887987063
IBRD only,IBD,2001,1481.39193527337
IDA & IBRD total,IBT,2001,1248.91735602024
IDA total,IDA,2001,442.14518343609
IDA blend,IDB,2001,602.892871654224
Indonesia,IDN,2001,732.307093405708
IDA only,IDX,2001,356.727000119663
Isle of Man,IMN,2001,21819.7123825606
India,IND,2001,450.357900514128
Ireland,IRL,2001,28282.409882073
"Iran, Islamic Rep.",IRN,2001,1881.02266635283
Iraq,IRQ,2001,1435.695683789
Iceland,ISL,2001,29208.1981853568
Israel,ISR,2001,20966.3052667971
Italy,ITA,2001,20570.4385917862
Jamaica,JAM,2001,3503.55026688858
Jordan,JOR,2001,1632.29454010563
Japan,JPN,2001,34406.1824638092
Kazakhstan,KAZ,2001,1422.27331810957
Kenya,KEN,2001,410.700452474814
Kyrgyz Republic,KGZ,2001,308.41129550148
Cambodia,KHM,2001,327.500984314444
Kiribati,KIR,2001,718.833787096781
St. Kitts and Nevis,KNA,2001,10022.5919235637
"Korea, Rep.",KOR,2001,11981.4828218758
Kuwait,KWT,2001,17374.2318664227
Latin America & Caribbean (excluding high income),LAC,2001,4122.79587535484
Lao PDR,LAO,2001,320.316005439568
Lebanon,LBN,2001,4009.55929751102
Liberia,LBR,2001,300.463828598983
Libya,LBY,2001,6312.80030498965
St. Lucia,LCA,2001,5570.45247098106
Latin America & Caribbean,LCN,2001,4326.64007042641
Least developed countries: UN classification,LDC,2001,313.947863828234
Low income,LIC,2001,332.003849693568
Liechtenstein,LIE,2001,75067.8001680043
Sri Lanka,LKA,2001,803.544026627385
Lower middle income,LMC,2001,553.497178396773
Low & middle income,LMY,2001,1162.27956492439
Lesotho,LSO,2001,412.677473676821
Late-demographic dividend,LTE,2001,1722.30765767874
Lithuania,LTU,2001,3532.52787363242
Luxembourg,LUX,2001,48440.1420151355
Latvia,LVA,2001,3504.61829462397
"Macao SAR, China",MAC,2001,15810.7227666562
Morocco,MAR,2001,1506.24523925781
Monaco,MCO,2001,82402.7809570189
Moldova,MDA,2001,507.404076252819
Madagascar,MDG,2001,319.283278235657
Maldives,MDV,2001,3033.93234507036
"Middle East, North Africa, Afghanistan & Pakistan",MEA,2001,2153.19332542263
Mexico,MEX,2001,7952.76479510706
Marshall Islands,MHL,2001,2394.34501105178
Middle income,MIC,2001,1222.94251438049
North Macedonia,MKD,2001,1823.02267682636
Mali,MLI,2001,346.224554251022
Malta,MLT,2001,10357.7025891731
Myanmar,MMR,2001,141.525660705722
"Middle East, North Africa, Afghanistan & Pakistan (excluding high income)",MNA,2001,1226.50991412098
Montenegro,MNE,2001,1909.59870186179
Mongolia,MNG,2001,524.453483552485
Mozambique,MOZ,2001,304.792138621913
Mauritania,MRT,2001,651.817840199777
Mauritius,MUS,2001,3908.55694927435
Malawi,MWI,2001,215.474524898357
Malaysia,MYS,2001,3943.79943910239
North America,NAC,2001,35831.4569213799
Namibia,NAM,2001,1915.58926594875
New Caledonia,NCL,2001,14482.3606263602
Niger,NER,2001,205.417936120931
Nigeria,NGA,2001,566.428231812933
Nicaragua,NIC,2001,1051.874235891
Netherlands,NLD,2001,26955.7128032278
Norway,NOR,2001,38601.897639231
Nepal,NPL,2001,240.795114544664
Nauru,NRU,2001,2232.30874026726
New Zealand,NZL,2001,13882.8568268586
OECD members,OED,2001,22671.1632008523
Oman,OMN,2001,9611.96360191054
Other small states,OSS,2001,4780.95492978974
Pakistan,PAK,2001,609.939506905073
Panama,PAN,2001,3991.77672094655
Peru,PER,2001,1929.57273038846
Philippines,PHL,2001,969.530611744453
Palau,PLW,2001,8239.26354006532
Papua New Guinea,PNG,2001,537.847459634131
Poland,POL,2001,5015.23790036613
Pre-demographic dividend,PRE,2001,465.954902190537
Puerto Rico (US),PRI,2001,18123.1987019918
Portugal,PRT,2001,11734.7649743954
Paraguay,PRY,2001,1637.68615122932
West Bank and Gaza,PSE,2001,1335.55319529359
Pacific island small states,PSS,2001,1637.06349284566
Post-demographic dividend,PST,2001,25517.8708554
French Polynesia,PYF,2001,14640.9360062298
Qatar,QAT,2001,25870.7991864314
Romania,ROU,2001,1825.19299373184
Russian Federation,RUS,2001,2100.3525390625
Rwanda,RWA,2001,237.308846200901
South Asia,SAS,2001,446.418919348871
Saudi Arabia,SAU,2001,10805.311325122
Sudan,SDN,2001,451.293304443359
Senegal,SEN,2001,637.213530563724
Singapore,SGP,2001,21699.7414868907
Solomon Islands,SLB,2001,911.791935385411
Sierra Leone,SLE,2001,358.315716051546
El Salvador,SLV,2001,2058.04459070452
San Marino,SMR,2001,39035.1034290445
"Somalia, Fed. Rep.",SOM,2001,244.914842538455
Serbia,SRB,2001,1812.42088281393
Sub-Saharan Africa (excluding high income),SSA,2001,638.142786998755
Sub-Saharan Africa,SSF,2001,587.39704857074
Small states,SST,2001,4839.48717828642
Sao Tome and Principe,STP,2001,518.88050130005
Suriname,SUR,2001,1714.64846637242
Slovak Republic,SVK,2001,5712.47802761654
Slovenia,SVN,2001,10375.6255869861
Sweden,SWE,2001,27259.3174300217
Eswatini,SWZ,2001,1429.85630359447
Seychelles,SYC,2001,8153.2986369879
Syrian Arab Republic,SYR,2001,1186.82913474027
Turks and Caicos Islands,TCA,2001,18325.7458111974
Chad,TCD,2001,194.32295331156
East Asia & Pacific (IDA & IBRD countries),TEA,2001,1026.6492096959
Europe & Central Asia (IDA & IBRD countries),TEC,2001,2080.98419116363
Togo,TGO,2001,396.692654520135
Thailand,THA,2001,1889.93432467144
Tajikistan,TJK,2001,168.676285365186
Turkmenistan,TKM,2001,756.034976276398
Latin America & the Caribbean (IDA & IBRD countries),TLA,2001,4222.97461927511
Timor-Leste,TLS,2001,587.700634429079
"Middle East, North Africa, Afghanistan & Pakistan (IDA & IBRD)",TMN,2001,1225.81474139888
Tonga,TON,2001,1753.51667576626
South Asia (IDA & IBRD),TSA,2001,446.418919348871
Sub-Saharan Africa (IDA & IBRD countries),TSS,2001,587.39704857074
Trinidad and Tobago,TTO,2001,6657.41466937221
Tunisia,TUN,2001,2235.71981624751
Turkiye,TUR,2001,3052.2256706793
Tuvalu,TUV,2001,1456.78409421177
Tanzania,TZA,2001,396.638732910156
Uganda,UGA,2001,236.021188853993
Ukraine,UKR,2001,800.49072265625
Upper middle income,UMC,2001,1831.16075225617
Uruguay,URY,2001,6382.76104740859
United States,USA,2001,37133.623113437
Uzbekistan,UZB,2001,454.415812256778
St. Vincent and the Grenadines,VCT,2001,4071.08601098962
"Venezuela, RB",VEN,2001,4920.39313600453
Viet Nam,VNM,2001,419.205677580901
Vanuatu,VUT,2001,1350.18338238522
World,WLD,2001,5394.68512526725
Samoa,WSM,2001,1453.87021324606
"Yemen, Rep.",YEM,2001,487.141257946318
South Africa,ZAF,2001,2847.15191945908
Zambia,ZMB,2001,396.548952993504
Zimbabwe,ZWE,2001,566.388746448872
Aruba,ABW,2002,21307.2482505267
Africa Eastern and Southern,AFE,2002,630.512327648462
Afghanistan,AFG,2002,178.954088379235
Africa Western and Central,AFW,2002,619.337335030759
Angola,AGO,2002,999.065855913758
Albania,ALB,2002,1479.83884572006
Andorra,AND,2002,26528.1300628236
Arab World,ARB,2002,2483.11187485029
United Arab Emirates,ARE,2002,27753.6089526346
Argentina,ARG,2002,2569.69963519124
Armenia,ARM,2002,742.651118319819
American Samoa,ASM,2002,8972.69636535698
Antigua and Barbuda,ATG,2002,11658.6949915956
Australia,AUS,2002,20335.0960191023
Austria,AUT,2002,26334.862215032
Azerbaijan,AZE,2002,763.108895463487
Burundi,BDI,2002,120.952308575468
Belgium,BEL,2002,25006.191397109
Benin,BEN,2002,546.463829658159
Burkina Faso,BFA,2002,285.654087637533
Bangladesh,BGD,2002,393.886422327628
Bulgaria,BGR,2002,2092.98288625558
Bahrain,BHR,2002,13501.4708801425
"Bahamas, The",BHS,2002,26781.6195938652
Bosnia and Herzegovina,BIH,2002,1606.5467454132
Belarus,BLR,2002,1479.38066337175
Belize,BLZ,2002,4858.86062599362
Bermuda,BMU,2002,63358.5658652763
Bolivia,BOL,2002,888.221328974352
Brazil,BRA,2002,2855.94017137049
Barbados,BRB,2002,11760.4524736133
Brunei Darussalam,BRN,2002,18621.2922577525
Bhutan,BTN,2002,895.799489930972
Botswana,BWA,2002,3117.25087183011
Central African Republic,CAF,2002,248.639290978403
Canada,CAN,2002,24256.0192337185
Central Europe and the Baltics,CEB,2002,4941.34251407648
Switzerland,CHE,2002,42458.7384679187
Channel Islands,CHI,2002,44459.7318188977
Chile,CHL,2002,4430.84741157984
China,CHN,2002,1163.55957673426
Cote d'Ivoire,CIV,2002,967.815864415991
Cameroon,CMR,2002,789.623811072554
"Congo, Dem. Rep.",COD,2002,162.38052907429
"Congo, Rep.",COG,2002,905.538135544704
Colombia,COL,2002,2428.92969771584
Comoros,COM,2002,764.61349832543
Cabo Verde,CPV,2002,1328.57874270666
Costa Rica,CRI,2002,4067.71851429092
Caribbean small states,CSS,2002,6903.07418576198
Cuba,CUB,2002,3005.21104247868
Curacao,CUW,2002,16723.6925253468
Cyprus,CYP,2002,16093.2158203125
Czechia,CZE,2002,8101.26018588111
Germany,DEU,2002,25486.5942008748
Djibouti,DJI,2002,743.013270420348
Dominica,DMA,2002,5488.02784969357
Denmark,DNK,2002,33257.1622586509
Dominican Republic,DOM,2002,3065.60329524196
Algeria,DZA,2002,1937.46411413019
East Asia & Pacific (excluding high income),EAP,2002,1113.99915249896
Early-demographic dividend,EAR,2002,1251.30296598532
East Asia & Pacific,EAS,2002,3813.81685560294
Europe & Central Asia (excluding high income),ECA,2002,1771.9219856658
Europe & Central Asia,ECS,2002,12849.7232593553
Ecuador,ECU,2002,2059.1585535974
"Egypt, Arab Rep.",EGY,2002,1116.82884626213
Euro area,EMU,2002,22047.2795660791
Eritrea,ERI,2002,304.775756465092
Spain,ESP,2002,17111.0685058941
Estonia,EST,2002,5343.18310760735
Ethiopia,ETH,2002,109.593813612988
European Union,EUU,2002,18797.8116316074
Fragile and conflict affected situations,FCS,2002,684.998396992158
Finland,FIN,2002,26989.389260959
Fiji,FJI,2002,2136.56794118683
France,FRA,2002,24144.5727019529
Faroe Islands,FRO,2002,26937.6505602847
"Micronesia, Fed. Sts.",FSM,2002,2113.45987332485
Gabon,GAB,2002,3966.48001864663
United Kingdom,GBR,2002,30158.7017807858
Georgia,GEO,2002,853.526171868939
Ghana,GHA,2002,297.46164468774
Guinea,GIN,2002,495.916073559269
"Gambia, The",GMB,2002,376.531026962584
Guinea-Bissau,GNB,2002,362.034574570354
Equatorial Guinea,GNQ,2002,2264.21065580365
Greece,GRC,2002,13782.195640943
Grenada,GRD,2002,4984.47405931447
Greenland,GRL,2002,20657.9506323097
Guatemala,GTM,2002,1669.33517469705
Guam,GUM,2002,20909.9590302806
Guyana,GUY,2002,950.866932470993
High income,HIC,2002,22929.756695357
"Hong Kong SAR, China",HKG,2002,24665.8362318216
Honduras,HND,2002,1132.49965345317
Heavily indebted poor countries (HIPC),HPC,2002,374.531772057964
Croatia,HRV,2002,6219.58164143945
Haiti,HTI,2002,720.969568042522
Hungary,HUN,2002,6658.04494326809
IBRD only,IBD,2002,1487.7220754011
IDA & IBRD total,IBT,2002,1256.62539530548
IDA total,IDA,2002,465.333742769282
IDA blend,IDB,2002,644.972024005813
Indonesia,IDN,2002,881.002913569131
IDA only,IDX,2002,369.569993774013
Isle of Man,IMN,2002,24471.0798814847
India,IND,2002,469.149928973927
Ireland,IRL,2002,32705.4345565698
"Iran, Islamic Rep.",IRN,2002,1891.25756091033
Iraq,IRQ,2002,1266.15961275094
Iceland,ISL,2002,32749.379004627
Israel,ISR,2002,19076.4584298321
Italy,ITA,2002,22451.3964379368
Jamaica,JAM,2002,3680.64551727724
Jordan,JOR,2002,1706.26744384401
Japan,JPN,2002,32820.7936433254
Kazakhstan,KAZ,2002,1573.55219932325
Kenya,KEN,2002,402.936385605382
Kyrgyz Republic,KGZ,2002,321.726775366804
Cambodia,KHM,2002,350.147276634294
Kiribati,KIR,2002,810.10870037444
St. Kitts and Nevis,KNA,2002,10453.6587064313
"Korea, Rep.",KOR,2002,13642.9424537101
Kuwait,KWT,2002,18512.7523035862
Latin America & Caribbean (excluding high income),LAC,2002,3658.15950641339
Lao PDR,LAO,2002,313.350817148131
Lebanon,LBN,2002,4290.85283803266
Liberia,LBR,2002,299.536445539621
Libya,LBY,2002,3718.29434696755
St. Lucia,LCA,2002,5567.89428424719
Latin America & Caribbean,LCN,2002,3839.19615833069
Least developed countries: UN classification,LDC,2002,337.91579001411
Low income,LIC,2002,358.708085875866
Liechtenstein,LIE,2002,79795.1785891101
Sri Lanka,LKA,2002,834.936014905338
Lower middle income,LMC,2002,573.648227115116
Low & middle income,LMY,2002,1168.21008818899
Lesotho,LSO,2002,388.92334985135
Late-demographic dividend,LTE,2002,1814.54824372473
Lithuania,LTU,2002,4148.13091485015
Luxembourg,LUX,2002,53005.7339209179
Latvia,LVA,2002,4003.60935783538
"Macao SAR, China",MAC,2002,16814.9926424134
Morocco,MAR,2002,1596.02062988281
Monaco,MCO,2002,90051.4459877468
Moldova,MDA,2002,570.799866188293
Madagascar,MDG,2002,304.941777398445
Maldives,MDV,2002,3076.07007160101
"Middle East, North Africa, Afghanistan & Pakistan",MEA,2002,2092.42427637017
Mexico,MEX,2002,7983.03398381759
Marshall Islands,MHL,2002,2566.06708799222
Middle income,MIC,2002,1228.47350986789
North Macedonia,MKD,2002,1989.13537265159
Mali,MLI,2002,378.191678628285
Malta,MLT,2002,11251.2025296416
Myanmar,MMR,2002,146.598390364449
"Middle East, North Africa, Afghanistan & Pakistan (excluding high income)",MNA,2002,1168.28204981285
Montenegro,MNE,2002,2106.6350684523
Mongolia,MNG,2002,570.249213248399
Northern Mariana Islands,MNP,2002,19227.8894246608
Mozambique,MOZ,2002,313.886661721198
Mauritania,MRT,2002,648.879643934862
Mauritius,MUS,2002,4073.06053055903
Malawi,MWI,2002,428.210439838398
Malaysia,MYS,2002,4184.03163773539
North America,NAC,2002,36652.0186585008
Namibia,NAM,2002,1772.07565537493
New Caledonia,NCL,2002,16104.5520406819
Niger,NER,2002,225.294391147438
Nigeria,NGA,2002,712.164852077686
Nicaragua,NIC,2002,1014.3339042591
Netherlands,NLD,2002,29446.5330872868
Norway,NOR,2002,43170.557174499
Nepal,NPL,2002,238.89140296106
Nauru,NRU,2002,2084.64824520971
New Zealand,NZL,2002,16874.1874918196
OECD members,OED,2002,23479.8118974849
Oman,OMN,2002,9869.13050219438
Other small states,OSS,2002,5142.08694078179
Pakistan,PAK,2002,599.937345723927
Panama,PAN,2002,4090.58616456082
Peru,PER,2002,2007.37019626753
Philippines,PHL,2002,1014.90879320106
Palau,PLW,2002,8340.18981304558
Papua New Guinea,PNG,2002,506.331789534482
Poland,POL,2002,5223.45178967082
Pre-demographic dividend,PRE,2002,523.615860228603
Puerto Rico (US),PRI,2002,18731.4593897378
Portugal,PRT,2002,12936.6928204482
Paraguay,PRY,2002,1367.76506935997
West Bank and Gaza,PSE,2002,1156.21747345769
Pacific island small states,PSS,2002,1695.01149741751
Post-demographic dividend,PST,2002,26484.3378337689
French Polynesia,PYF,2002,16004.0583292112
Qatar,QAT,2002,27226.6593510117
Romania,ROU,2002,2119.85509684554
Russian Federation,RUS,2002,2377.52954101563
Rwanda,RWA,2002,234.043016755733
South Asia,SAS,2002,462.898836496672
Saudi Arabia,SAU,2002,10586.0543471363
Sudan,SDN,2002,506.262634277344
Senegal,SEN,2002,669.430447319209
Singapore,SGP,2002,22159.8373710639
Solomon Islands,SLB,2002,756.890296490792
Sierra Leone,SLE,2002,388.995111216836
El Salvador,SLV,2002,2115.41187355626
San Marino,SMR,2002,41790.8432718184
"Somalia, Fed. Rep.",SOM,2002,229.598918310039
Serbia,SRB,2002,2390.73459447107
Sub-Saharan Africa (excluding high income),SSA,2002,681.544934837755
Sub-Saharan Africa,SSF,2002,625.468994411853
Small states,SST,2002,5133.13224592248
Sao Tome and Principe,STP,2002,568.10257252271
Suriname,SUR,2002,2202.340682196
Slovak Republic,SVK,2002,6554.62808369461
Slovenia,SVN,2002,11639.1297780477
Sweden,SWE,2002,29957.7776664916
Eswatini,SWZ,2002,1315.73634647994
Seychelles,SYC,2002,8864.16919495467
Syrian Arab Republic,SYR,2002,1183.2473451033
Turks and Caicos Islands,TCA,2002,17803.9471767733
Chad,TCD,2002,219.061391951349
East Asia & Pacific (IDA & IBRD countries),TEA,2002,1127.25093374819
Europe & Central Asia (IDA & IBRD countries),TEC,2002,2340.82503908743
Togo,TGO,2002,445.238691488925
Thailand,THA,2002,2089.75183111554
Tajikistan,TJK,2002,186.951638285222
Turkmenistan,TKM,2002,935.540801478466
Latin America & the Caribbean (IDA & IBRD countries),TLA,2002,3714.3747812476
Timor-Leste,TLS,2002,533.982465942154
"Middle East, North Africa, Afghanistan & Pakistan (IDA & IBRD)",TMN,2002,1168.35927304729
Tonga,TON,2002,1759.4805324576
South Asia (IDA & IBRD),TSA,2002,462.898836496672
Sub-Saharan Africa (IDA & IBRD countries),TSS,2002,625.468994411853
Trinidad and Tobago,TTO,2002,6762.93080808096
Tunisia,TUN,2002,2320.7723805785
Turkiye,TUR,2002,3591.08628982587
Tuvalu,TUV,2002,1750.25175052348
Tanzania,TZA,2002,402.649047851563
Uganda,UGA,2002,241.984688408335
Ukraine,UKR,2002,903.011901855469
Upper middle income,UMC,2002,1829.51821405556
Uruguay,URY,2002,4149.76140312687
United States,USA,2002,37997.7596573051
Uzbekistan,UZB,2002,381.409296889283
St. Vincent and the Grenadines,VCT,2002,4303.27976789727
"Venezuela, RB",VEN,2002,3652.09896501865
Virgin Islands (U.S.),VIR,2002,30062.0225050457
Viet Nam,VNM,2002,445.132861817313
Vanuatu,VUT,2002,1340.71537528287
World,WLD,2002,5530.02104262965
Samoa,WSM,2002,1527.55790455937
"Yemen, Rep.",YEM,2002,513.241486570603
South Africa,ZAF,2002,2688.23676032806
Zambia,ZMB,2002,393.864625518616
Zimbabwe,ZWE,2002,524.936478570323
Aruba,ABW,2003,21949.4859960868
Africa Eastern and Southern,AFE,2003,815.432296267735
Afghanistan,AFG,2003,198.871115728727
Africa Western and Central,AFW,2003,697.481256337088
Angola,AGO,2003,1133.66331960607
Albania,ALB,2003,1908.69900687608
Andorra,AND,2003,34063.575598394
Arab World,ARB,2003,2696.67212547749
United Arab Emirates,ARE,2003,29659.5428567811
Argentina,ARG,2003,3320.47775133903
Armenia,ARM,2003,882.030167695474
American Samoa,ASM,2003,9197.66196836987
Antigua and Barbuda,ATG,2003,12173.2319860305
Australia,AUS,2003,23757.5898471684
Austria,AUT,2003,32110.1159661425
Azerbaijan,AZE,2003,883.692580745256
Burundi,BDI,2003,111.406682804391
Belgium,BEL,2003,30655.2092679024
Benin,BEN,2003,676.002878084282
Burkina Faso,BFA,2003,362.373899996953
Bangladesh,BGD,2003,426.74880754362
Bulgaria,BGR,2003,2719.49436859287
Bahrain,BHR,2003,14486.0269029822
"Bahamas, The",BHS,2003,26429.1247787663
Bosnia and Herzegovina,BIH,2003,2033.94700935864
Belarus,BLR,2003,1819.52653114699
Belize,BLZ,2003,4959.74012434605
Bermuda,BMU,2003,67106.8028083224
Bolivia,BOL,2003,893.013760211149
Brazil,BRA,2003,3090.6068907839
Barbados,BRB,2003,12075.9587020649
Brunei Darussalam,BRN,2003,20677.9001143188
Bhutan,BTN,2003,1022.38240311018
Botswana,BWA,2003,4230.12326909926
Central African Republic,CAF,2003,278.403992150941
Canada,CAN,2003,28301.8645937428
Central Europe and the Baltics,CEB,2003,5948.84961048536
Switzerland,CHE,2003,49335.7456291067
Channel Islands,CHI,2003,48570.7796632166
Chile,CHL,2003,4773.40177520754
China,CHN,2003,1306.97245408557
Cote d'Ivoire,CIV,2003,1111.17135087887
Cameroon,CMR,2003,988.241276791846
"Congo, Dem. Rep.",COD,2003,161.491553524396
"Congo, Rep.",COG,2003,1016.82363412143
Colombia,COL,2003,2311.94218760291
Comoros,COM,2003,959.691049354812
Cabo Verde,CPV,2003,1717.97565369655
Costa Rica,CRI,2003,4173.14856415514
Caribbean small states,CSS,2003,7551.08983381761
Cuba,CUB,2003,3202.78109865637
Curacao,CUW,2003,16695.7351137757
Cyprus,CYP,2003,20252.24609375
Czechia,CZE,2003,9852.45677945801
Germany,DEU,2003,30711.1022511331
Djibouti,DJI,2003,764.634465224597
Dominica,DMA,2003,5447.44011496284
Denmark,DNK,2003,40519.0974905924
Dominican Republic,DOM,2003,2383.26171780393
Algeria,DZA,2003,2283.77299346126
East Asia & Pacific (excluding high income),EAP,2003,1251.27771535816
Early-demographic dividend,EAR,2003,1368.47911219559
East Asia & Pacific,EAS,2003,4162.83398166818
Europe & Central Asia (excluding high income),ECA,2003,2249.74301490831
Europe & Central Asia,ECS,2003,15584.8646461506
Ecuador,ECU,2003,2315.62215223014
"Egypt, Arab Rep.",EGY,2003,1031.27556291284
Euro area,EMU,2003,27010.5876151819
Eritrea,ERI,2003,348.950327077742
Spain,ESP,2003,21522.0170990262
Estonia,EST,2003,7205.40703313243
Ethiopia,ETH,2003,116.800491132777
European Union,EUU,2003,23020.9558032659
Fragile and conflict affected situations,FCS,2003,703.739369790737
Finland,FIN,2003,32920.0857192568
Fiji,FJI,2003,2655.58079586044
France,FRA,2003,29479.5222101175
Faroe Islands,FRO,2003,31269.6031997217
"Micronesia, Fed. Sts.",FSM,2003,2145.87755337517
Gabon,GAB,2003,4710.74862768151
United Kingdom,GBR,2003,34556.7726095905
Georgia,GEO,2003,1010.03151630868
Ghana,GHA,2003,358.39927142073
Guinea,GIN,2003,566.48540588068
"Gambia, The",GMB,2003,308.719123437587
Guinea-Bissau,GNB,2003,419.78486611807
Equatorial Guinea,GNQ,2003,2930.60183743733
Greece,GRC,2003,18020.612039764
Grenada,GRD,2003,5427.96377252312
Greenland,GRL,2003,27466.6494525504
Guatemala,GTM,2003,1722.54701910774
Guam,GUM,2003,21877.3178371553
Guyana,GUY,2003,973.742598054188
High income,HIC,2003,25606.6766440821
"Hong Kong SAR, China",HKG,2003,23977.1734120477
Honduras,HND,2003,1156.08162681357
Heavily indebted poor countries (HIPC),HPC,2003,412.76823992883
Croatia,HRV,2003,8190.11135193887
Haiti,HTI,2003,578.995291079709
Hungary,HUN,2003,8410.09248198479
IBRD only,IBD,2003,1652.80701731861
IDA & IBRD total,IBT,2003,1392.4121168826
IDA total,IDA,2003,512.41649453404
IDA blend,IDB,2003,712.27750643014
Indonesia,IDN,2003,1043.2105838671
IDA only,IDX,2003,405.748336914012
Isle of Man,IMN,2003,28861.6178062918
India,IND,2003,544.143133545002
Ireland,IRL,2003,41203.5295847568
"Iran, Islamic Rep.",IRN,2003,2208.99636552406
Iraq,IRQ,2003,817.887862499622
Iceland,ISL,2003,39944.2104095591
Israel,ISR,2003,19643.4690380742
Italy,ITA,2003,27577.5700319855
Jamaica,JAM,2003,3549.70758394618
Jordan,JOR,2003,1775.67625581432
Japan,JPN,2003,35387.0374203599
Kazakhstan,KAZ,2003,1958.02050246511
Kenya,KEN,2003,442.898457253405
Kyrgyz Republic,KGZ,2003,380.505828812441
Cambodia,KHM,2003,386.691123931778
Kiribati,KIR,2003,1020.50033851394
St. Kitts and Nevis,KNA,2003,10175.6295449989
"Korea, Rep.",KOR,2003,15211.5483770422
Kuwait,KWT,2003,22690.655175144
Latin America & Caribbean (excluding high income),LAC,2003,3686.28727046314
Lao PDR,LAO,2003,355.097216151461
Lebanon,LBN,2003,4437.71588507526
Liberia,LBR,2003,239.779556677091
Libya,LBY,2003,4674.09943200321
St. Lucia,LCA,2003,6058.60622059326
Latin America & Caribbean,LCN,2003,3862.13747257956
Least developed countries: UN classification,LDC,2003,373.651845746871
Low income,LIC,2003,389.594478375983
Liechtenstein,LIE,2003,90108.3673647008
Sri Lanka,LKA,2003,946.382255128072
Lower middle income,LMC,2003,639.329708425509
Low & middle income,LMY,2003,1289.04927474147
Lesotho,LSO,2003,583.270036200288
Late-demographic dividend,LTE,2003,2054.82227278492
Lithuania,LTU,2003,5507.47434187652
Luxembourg,LUX,2003,65689.3214536911
Latvia,LVA,2003,4914.57992829302
"Macao SAR, China",MAC,2003,18589.8998330534
Morocco,MAR,2003,1941.87255859375
Monaco,MCO,2003,111110.451312249
Moldova,MDA,2003,682.319095965299
Madagascar,MDG,2003,352.620095849925
Maldives,MDV,2003,3548.5767011056
"Middle East, North Africa, Afghanistan & Pakistan",MEA,2003,2279.51886072397
Mexico,MEX,2003,7434.0746485155
Marshall Islands,MHL,2003,2539.3307383954
Middle income,MIC,2003,1357.07541063235
North Macedonia,MKD,2003,2445.36286400013
Mali,MLI,2003,441.910358475095
Malta,MLT,2003,13593.9787155682
Myanmar,MMR,2003,224.292688912409
"Middle East, North Africa, Afghanistan & Pakistan (excluding high income)",MNA,2003,1263.87606211705
Montenegro,MNE,2003,2789.15906483509
Mongolia,MNG,2003,643.168068921658
Northern Mariana Islands,MNP,2003,18938.8728389967
Mozambique,MOZ,2003,339.488737800648
Mauritania,MRT,2003,732.017820812675
Mauritius,MUS,2003,4858.26575549747
Malawi,MWI,2003,383.348596852642
Malaysia,MYS,2003,4465.32194567208
North America,NAC,2003,38395.5205652019
Namibia,NAM,2003,2569.24739317883
New Caledonia,NCL,2003,20768.1061488848
Niger,NER,2003,265.225363452469
Nigeria,NGA,2003,763.388745367223
Nicaragua,NIC,2003,1021.35216668794
Netherlands,NLD,2003,35896.7504630706
Norway,NOR,2003,50250.3298214345
Nepal,NPL,2003,246.429706587633
Nauru,NRU,2003,2463.28259078079
New Zealand,NZL,2003,21913.7081719961
OECD members,OED,2003,26073.4116073956
Oman,OMN,2003,10463.5425832141
Other small states,OSS,2003,6311.76435003034
Pakistan,PAK,2003,672.44178669894
Panama,PAN,2003,4264.66428949623
Peru,PER,2003,2129.44114197634
Philippines,PHL,2003,1027.2301192843
Palau,PLW,2003,7862.3931898737
Papua New Guinea,PNG,2003,577.467922387259
Poland,POL,2003,5720.81366178104
Pre-demographic dividend,PRE,2003,554.26625446439
Puerto Rico (US),PRI,2003,19557.1202492358
Portugal,PRT,2003,15797.7821340276
Paraguay,PRY,2003,1443.99885236205
West Bank and Gaza,PSE,2003,1257.69857009689
Pacific island small states,PSS,2003,1997.28052538689
Post-demographic dividend,PST,2003,29550.1857442906
French Polynesia,PYF,2003,19582.8936395312
Qatar,QAT,2003,31602.470865136
Romania,ROU,2003,2679.40626016154
Russian Federation,RUS,2003,2975.123046875
Rwanda,RWA,2003,249.012274982252
South Asia,SAS,2003,532.66154684429
Saudi Arabia,SAU,2003,11487.220410693
Sudan,SDN,2003,580.320251464844
Senegal,SEN,2003,817.888034221442
Singapore,SGP,2003,23730.3840054566
Solomon Islands,SLB,2003,895.984242546501
Sierra Leone,SLE,2003,413.817607346927
El Salvador,SLV,2003,2207.83089518069
San Marino,SMR,2003,52529.9093701059
"Somalia, Fed. Rep.",SOM,2003,286.273025198975
Serbia,SRB,2003,3153.9011312754
Sub-Saharan Africa (excluding high income),SSA,2003,837.714582574766
Sub-Saharan Africa,SSF,2003,766.500842930002
Small states,SST,2003,6060.64034085427
Sao Tome and Principe,STP,2003,663.696211810494
Suriname,SUR,2003,2516.10404020956
Slovak Republic,SVK,2003,8675.39633696465
Slovenia,SVN,2003,14711.674874253
Sweden,SWE,2003,37292.2419727801
Eswatini,SWZ,2003,2015.21743065251
Seychelles,SYC,2003,9070.28460757013
Syrian Arab Republic,SYR,2003,1220.179077256
Turks and Caicos Islands,TCA,2003,18859.1890274773
Chad,TCD,2003,289.087621122168
East Asia & Pacific (IDA & IBRD countries),TEA,2003,1266.10778867241
Europe & Central Asia (IDA & IBRD countries),TEC,2003,2879.65363440365
Togo,TGO,2003,538.16537776929
Thailand,THA,2003,2347.54001286066
Tajikistan,TJK,2003,233.58124845289
Turkmenistan,TKM,2003,1228.94870289404
Latin America & the Caribbean (IDA & IBRD countries),TLA,2003,3728.72739078731
Timor-Leste,TLS,2003,534.901171348385
"Middle East, North Africa, Afghanistan & Pakistan (IDA & IBRD)",TMN,2003,1263.9157454015
Tonga,TON,2003,1936.04104012389
South Asia (IDA & IBRD),TSA,2003,532.66154684429
Sub-Saharan Africa (IDA & IBRD countries),TSS,2003,766.500842930002
Trinidad and Tobago,TTO,2003,8445.04653518298
Tunisia,TUN,2003,2725.8643148859
Turkiye,TUR,2003,4649.63668068586
Tuvalu,TUV,2003,2006.84249941442
Tanzania,TZA,2003,422.18359375
Uganda,UGA,2003,250.71543664681
Ukraine,UKR,2003,1076.48156738281
Upper middle income,UMC,2003,2022.46978917982
Uruguay,URY,2003,3671.12329256883
United States,USA,2003,39490.2749557007
Uzbekistan,UZB,2003,394.164028897235
St. Vincent and the Grenadines,VCT,2003,4499.61454193342
"Venezuela, RB",VEN,2003,3229.50557082079
Virgin Islands (U.S.),VIR,2003,31731.2566241187
Viet Nam,VNM,2003,497.117089249256
Vanuatu,VUT,2003,1566.51396790858
World,WLD,2003,6122.43446098028
Samoa,WSM,2003,1798.12429714048
"Yemen, Rep.",YEM,2003,548.905883049973
South Africa,ZAF,2003,4062.21755993786
Zambia,ZMB,2003,446.290104839041
Zimbabwe,ZWE,2003,468.471932927213
Aruba,ABW,2004,23700.6319899197
Africa Eastern and Southern,AFE,2004,989.015463629244
Afghanistan,AFG,2004,221.763653873013
Africa Western and Central,AFW,2004,838.213391665852
Angola,AGO,2004,1451.47117872493
Albania,ALB,2004,2446.90949947798
Andorra,AND,2004,39021.1107100919
Arab World,ARB,2004,3133.70187873975
United Arab Emirates,ARE,2004,33376.7152295209
Argentina,ARG,2004,4242.02099089422
Armenia,ARM,2004,1130.08791444158
American Samoa,ASM,2004,8958.42866697173
Antigua and Barbuda,ATG,2004,13037.8895772257
Australia,AUS,2004,30886.0500949401
Austria,AUT,2004,36614.2506533707
Azerbaijan,AZE,2004,1045.0136328106
Burundi,BDI,2004,125.194965184533
Belgium,BEL,2004,35429.4077933344
Benin,BEN,2004,758.695803786371
Burkina Faso,BFA,2004,403.81283743461
Bangladesh,BGD,2004,455.614016909798
Bulgaria,BGR,2004,3389.68743360274
Bahrain,BHR,2004,15963.9493171617
"Bahamas, The",BHS,2004,26650.2934234303
Bosnia and Herzegovina,BIH,2004,2452.6860917386
Belarus,BLR,2004,2378.33700470129
Belize,BLZ,2004,5153.71308265363
Bermuda,BMU,2004,71692.1589001679
Bolivia,BOL,2004,953.191893246277
Brazil,BRA,2004,3663.82262497811
Barbados,BRB,2004,12886.3665272467
Brunei Darussalam,BRN,2004,24423.0946995548
Bhutan,BTN,2004,1130.35934606796
Botswana,BWA,2004,4956.69287735214
Central African Republic,CAF,2004,303.461321152782
Canada,CAN,2004,32145.5412620217
Central Europe and the Baltics,CEB,2004,7180.27037029658
Switzerland,CHE,2004,54659.4571488233
Channel Islands,CHI,2004,56259.5344226334
Chile,CHL,2004,6120.59152055344
China,CHN,2004,1530.92726215723
Cote d'Ivoire,CIV,2004,1199.82524528546
Cameroon,CMR,2004,1133.39326749673
"Congo, Dem. Rep.",COD,2004,180.664764963633
"Congo, Rep.",COG,2004,1306.10136324599
Colombia,COL,2004,2818.57195413044
Comoros,COM,2004,1072.28409029621
Cabo Verde,CPV,2004,1929.49081468781
Costa Rica,CRI,2004,4431.0117207843
Caribbean small states,CSS,2004,8233.61082543875
Cuba,CUB,2004,3399.21962893402
Curacao,CUW,2004,16671.3403391655
Cyprus,CYP,2004,23792.619140625
Czechia,CZE,2004,11782.5546676117
Germany,DEU,2004,34566.7359143735
Djibouti,DJI,2004,806.261652944964
Dominica,DMA,2004,5778.83306546506
Denmark,DNK,2004,46625.050098011
Dominican Republic,DOM,2004,2451.69161616569
Algeria,DZA,2004,2816.99384960555
East Asia & Pacific (excluding high income),EAP,2004,1439.93214543391
Early-demographic dividend,EAR,2004,1563.10591131168
East Asia & Pacific,EAS,2004,4634.6623943391
Europe & Central Asia (excluding high income),ECA,2004,2883.55689723687
Europe & Central Asia,ECS,2004,18114.0702003259
Ecuador,ECU,2004,2586.20914663347
"Egypt, Arab Rep.",EGY,2004,991.255689145253
Euro area,EMU,2004,30803.286099919
Eritrea,ERI,2004,426.840947887032
Spain,ESP,2004,24925.0267844576
Estonia,EST,2004,8916.0728274602
Ethiopia,ETH,2004,133.169812538096
European Union,EUU,2004,26368.6780464334
Fragile and conflict affected situations,FCS,2004,871.15501215152
Finland,FIN,2004,37768.1334202029
Fiji,FJI,2004,3097.19096651759
France,FRA,2004,33644.9282220364
Faroe Islands,FRO,2004,35647.5440400531
"Micronesia, Fed. Sts.",FSM,2004,2104.42804750084
Gabon,GAB,2004,5465.79193590708
United Kingdom,GBR,2004,40504.4118103928
Georgia,GEO,2004,1305.04748557208
Ghana,GHA,2004,406.132105329565
Guinea,GIN,2004,584.897740538081
"Gambia, The",GMB,2004,593.285346326581
Guinea-Bissau,GNB,2004,431.376557669634
Equatorial Guinea,GNQ,2004,4901.30127408119
Greece,GRC,2004,21449.2552764245
Grenada,GRD,2004,5480.26117644588
Greenland,GRL,2004,32030.9987915109
Guatemala,GTM,2004,1840.91184884
Guam,GUM,2004,23618.8266894573
Guyana,GUY,2004,1033.31030902188
High income,HIC,2004,28451.5065479041
"Hong Kong SAR, China",HKG,2004,24928.1003722551
Honduras,HND,2004,1215.13995412761
Heavily indebted poor countries (HIPC),HPC,2004,462.336970473255
Croatia,HRV,2004,9718.97322801967
Haiti,HTI,2004,683.185298155273
Hungary,HUN,2004,10291.2694721409
IBRD only,IBD,2004,1947.23386392599
IDA & IBRD total,IBT,2004,1633.14212751517
IDA total,IDA,2004,584.965672067294
IDA blend,IDB,2004,837.139763701924
Indonesia,IDN,2004,1126.84004447173
IDA only,IDX,2004,449.659876396915
Isle of Man,IMN,2004,35564.6023910146
India,IND,2004,624.258826510066
Ireland,IRL,2004,47754.2023194244
"Iran, Islamic Rep.",IRN,2004,2672.4226651404
Iraq,IRQ,2004,1328.37157628292
Iceland,ISL,2004,47809.6073050042
Israel,ISR,2004,20568.0694088834
Italy,ITA,2004,31348.1901841445
Jamaica,JAM,2004,3807.56293124552
Jordan,JOR,2004,1940.08641342805
Japan,JPN,2004,38298.9801712303
Kazakhstan,KAZ,2004,2722.47407755402
Kenya,KEN,2004,463.662781300121
Kyrgyz Republic,KGZ,2004,433.233873286
Cambodia,KHM,2004,444.199067529081
Kiribati,KIR,2004,1083.2688987175
St. Kitts and Nevis,KNA,2004,10944.6183741768
"Korea, Rep.",KOR,2004,17121.6301633201
Kuwait,KWT,2004,27552.2827399787
Latin America & Caribbean (excluding high income),LAC,2004,4149.53705480589
Lao PDR,LAO,2004,409.296298284117
Lebanon,LBN,2004,4600.68371412993
Liberia,LBR,2004,284.140223992458
Libya,LBY,2004,5773.76333234281
St. Lucia,LCA,2004,6494.60034867886
Latin America & Caribbean,LCN,2004,4385.89813693868
Least developed countries: UN classification,LDC,2004,419.798333896443
Low income,LIC,2004,442.426324281659
Liechtenstein,LIE,2004,100280.831356705
Sri Lanka,LKA,2004,1028.62068132555
Lower middle income,LMC,2004,722.628943297013
Low & middle income,LMY,2004,1490.85593705627
Lesotho,LSO,2004,766.685820928242
Late-demographic dividend,LTE,2004,2453.98769875258
Lithuania,LTU,2004,6734.57487061946
Luxembourg,LUX,2004,76544.9170868473
Latvia,LVA,2004,6109.73265186817
"Macao SAR, China",MAC,2004,23407.1993692194
Morocco,MAR,2004,2183.55541992188
Monaco,MCO,2004,125160.228087598
Moldova,MDA,2004,897.178494749468
Madagascar,MDG,2004,272.20074858856
Maldives,MDV,2004,4070.2609459446
"Middle East, North Africa, Afghanistan & Pakistan",MEA,2004,2624.1893550003
Mexico,MEX,2004,7849.66759649565
Marshall Islands,MHL,2004,2566.08291015814
Middle income,MIC,2004,1571.30392795214
North Macedonia,MKD,2004,2818.5814561242
Mali,MLI,2004,495.006294680645
Malta,MLT,2004,15212.1313438497
Myanmar,MMR,2004,224.508811413327
"Middle East, North Africa, Afghanistan & Pakistan (excluding high income)",MNA,2004,1463.04148806759
Montenegro,MNE,2004,3380.16512135859
Mongolia,MNG,2004,794.154552001815
Northern Mariana Islands,MNP,2004,18924.5831899653
Mozambique,MOZ,2004,400.056973161545
Mauritania,MRT,2004,823.554457141893
Mauritius,MUS,2004,5460.60800184198
Malawi,MWI,2004,404.674248445428
Malaysia,MYS,2004,4939.24851854427
North America,NAC,2004,40788.4744089861
Namibia,NAM,2004,3403.15496192955
New Caledonia,NCL,2004,24475.6488547037
Niger,NER,2004,283.468281798296
Nigeria,NGA,2004,962.48104194733
Nicaragua,NIC,2004,1098.62118662335
Netherlands,NLD,2004,40611.3414353091
Norway,NOR,2004,57768.6980958462
Nepal,NPL,2004,279.587750044428
Nauru,NRU,2004,3040.51349889
New Zealand,NZL,2004,25420.234882944
OECD members,OED,2004,28822.9827767557
Oman,OMN,2004,11800.8507411171
Other small states,OSS,2004,7419.39387365304
Pakistan,PAK,2004,771.902247348954
Panama,PAN,2004,4644.56581177581
Peru,PER,2004,2397.25147277714
Philippines,PHL,2004,1099.63013023758
Palau,PLW,2004,8393.73052541231
Papua New Guinea,PNG,2004,620.596147680561
Poland,POL,2004,6711.72715262967
Pre-demographic dividend,PRE,2004,670.783711150831
Puerto Rico (US),PRI,2004,20988.9923326534
Portugal,PRT,2004,18064.1580932987
Paraguay,PRY,2004,1786.21533938543
West Bank and Gaza,PSE,2004,1422.19088643544
Pacific island small states,PSS,2004,2270.72657843606
Post-demographic dividend,PST,2004,32671.0834694674
French Polynesia,PYF,2004,21764.2203208782
Qatar,QAT,2004,41035.5008380177
Romania,ROU,2004,3494.99056448955
Russian Federation,RUS,2004,4102.36474609375
Rwanda,RWA,2004,269.540446333402
South Asia,SAS,2004,606.478041696258
Saudi Arabia,SAU,2004,13154.4978989446
Sudan,SDN,2004,705.113342285156
Senegal,SEN,2004,918.102079522155
Singapore,SGP,2004,27608.080013423
Solomon Islands,SLB,2004,986.070953503889
Sierra Leone,SLE,2004,417.749983329227
El Salvador,SLV,2004,2285.68907438892
San Marino,SMR,2004,58232.0176184948
"Somalia, Fed. Rep.",SOM,2004,375.410326225387
Serbia,SRB,2004,3597.08798057009
Sub-Saharan Africa (excluding high income),SSA,2004,1013.73402157662
Sub-Saharan Africa,SSF,2004,926.435499820006
Small states,SST,2004,6954.01090826418
Sao Tome and Principe,STP,2004,726.560882130444
Suriname,SUR,2004,2887.7721728844
Slovak Republic,SVK,2004,10650.1290097126
Slovenia,SVN,2004,17103.8297783905
Sweden,SWE,2004,42758.0048564929
Eswatini,SWZ,2004,2525.5640452625
Seychelles,SYC,2004,10827.671636033
Syrian Arab Republic,SYR,2004,1368.1148230028
Turks and Caicos Islands,TCA,2004,21246.00980049
Chad,TCD,2004,445.850767157087
East Asia & Pacific (IDA & IBRD countries),TEA,2004,1456.96694694124
Europe & Central Asia (IDA & IBRD countries),TEC,2004,3723.43803208933
Togo,TGO,2004,560.266308533382
Thailand,THA,2004,2641.56268717857
Tajikistan,TJK,2004,305.745158587502
Turkmenistan,TKM,2004,1379.23009682692
Latin America & the Caribbean (IDA & IBRD countries),TLA,2004,4252.838254593
Timor-Leste,TLS,2004,474.420726695663
"Middle East, North Africa, Afghanistan & Pakistan (IDA & IBRD)",TMN,2004,1463.3046705277
Tonga,TON,2004,2195.44890047673
South Asia (IDA & IBRD),TSA,2004,606.478041696258
Sub-Saharan Africa (IDA & IBRD countries),TSS,2004,926.435499820007
Trinidad and Tobago,TTO,2004,9871.03419820086
Tunisia,TUN,2004,3067.41936376975
Turkiye,TUR,2004,5979.6054216148
Tuvalu,TUV,2004,2322.56265072892
Tanzania,TZA,2004,450.385284423828
Uganda,UGA,2004,292.38185796262
Ukraine,UKR,2004,1401.01806640625
Upper middle income,UMC,2004,2365.83446249947
Uruguay,URY,2004,4168.66065438387
United States,USA,2004,41724.6316287624
Uzbekistan,UZB,2004,462.171492867885
St. Vincent and the Grenadines,VCT,2004,4873.48947742443
"Venezuela, RB",VEN,2004,4269.08970872392
Virgin Islands (U.S.),VIR,2004,35006.3614404514
Viet Nam,VNM,2004,565.452284586212
Vanuatu,VUT,2004,1774.31867585894
World,WLD,2004,6811.48195762271
Samoa,WSM,2004,2189.26042607992
"Yemen, Rep.",YEM,2004,627.632023395762
South Africa,ZAF,2004,5221.46333731721
Zambia,ZMB,2004,548.685974566277
Zimbabwe,ZWE,2004,469.719298949304
Aruba,ABW,2005,24171.8371325422
Africa Eastern and Southern,AFE,2005,1126.2973233912
Afghanistan,AFG,2005,254.184249149336
Africa Western and Central,AFW,2005,999.770023047319
Angola,AGO,2005,2145.88621096327
Albania,ALB,2005,2741.72136549578
Andorra,AND,2005,40829.8116399538
Arab World,ARB,2005,3750.69825886818
United Arab Emirates,ARE,2005,38719.3138307623
Argentina,ARG,2005,5067.65342293276
Armenia,ARM,2005,1557.48458908655
American Samoa,ASM,2005,8831.26975996609
Antigua and Barbuda,ATG,2005,14368.5708796058
Australia,AUS,2005,34535.20727091
Austria,AUT,2005,38157.37022862
Azerbaijan,AZE,2005,1578.36733030667
Burundi,BDI,2005,147.234619294225
Belgium,BEL,2005,36809.7013403619
Benin,BEN,2005,779.437777753268
Burkina Faso,BFA,2005,441.164148016012
Bangladesh,BGD,2005,480.08585075452
Bulgaria,BGR,2005,3899.82596332878
Bahrain,BHR,2005,17966.1657837625
"Bahamas, The",BHS,2005,28602.4181869995
Bosnia and Herzegovina,BIH,2005,2739.61076866057
Belarus,BLR,2005,3126.07176665248
Belize,BLZ,2005,5270.41479135312
Bermuda,BMU,2005,77628.103522508
Bolivia,BOL,2005,1020.12326200737
Brazil,BRA,2005,4827.78165890291
Barbados,BRB,2005,14214.4202213572
Brunei Darussalam,BRN,2005,29386.2703822862
Bhutan,BTN,2005,1299.94938578359
Botswana,BWA,2005,5391.07076619634
Central African Republic,CAF,2005,311.950023138687
Canada,CAN,2005,36383.6600068095
Central Europe and the Baltics,CEB,2005,8352.50713208298
Switzerland,CHE,2005,56242.8933645639
Channel Islands,CHI,2005,57647.1188908006
Chile,CHL,2005,7480.32330998636
China,CHN,2005,1777.64496828464
Cote d'Ivoire,CIV,2005,1197.74616979415
Cameroon,CMR,2005,1142.62466252106
"Congo, Dem. Rep.",COD,2005,214.539740473519
"Congo, Rep.",COG,2005,1799.05158366154
Colombia,COL,2005,3456.06610874512
Comoros,COM,2005,1105.78796866788
Cabo Verde,CPV,2005,2004.14680417563
Costa Rica,CRI,2005,4703.00721784778
Caribbean small states,CSS,2005,9439.33720644986
Cuba,CUB,2005,3786.33799225291
Curacao,CUW,2005,17032.3356620744
Cyprus,CYP,2005,24959.26171875
Czechia,CZE,2005,13442.4916284309
Germany,DEU,2005,35084.4363546269
Djibouti,DJI,2005,844.4483573908
Dominica,DMA,2005,5695.22442394675
Denmark,DNK,2005,48925.8076698784
Dominican Republic,DOM,2005,3878.31206735244
Algeria,DZA,2005,3233.13339634212
East Asia & Pacific (excluding high income),EAP,2005,1653.6791360518
Early-demographic dividend,EAR,2005,1788.28350980842
East Asia & Pacific,EAS,2005,4910.91472643792
Europe & Central Asia (excluding high income),ECA,2005,3576.72283332319
Europe & Central Asia,ECS,2005,19227.6221679028
Ecuador,ECU,2005,2909.02606014388
"Egypt, Arab Rep.",EGY,2005,1105.53920713903
Euro area,EMU,2005,31781.6618833533
Eritrea,ERI,2005,412.753079199423
Spain,ESP,2005,26450.9530130382
Estonia,EST,2005,10414.6381183565
Ethiopia,ETH,2005,158.243458082465
European Union,EUU,2005,27431.4991030834
Fragile and conflict affected situations,FCS,2005,1079.24067613473
Finland,FIN,2005,39049.8703780223
Fiji,FJI,2005,3377.69126953493
France,FRA,2005,34696.3718316971
Faroe Islands,FRO,2005,36389.081644098
"Micronesia, Fed. Sts.",FSM,2005,2207.16844533875
Gabon,GAB,2005,6547.87613955186
United Kingdom,GBR,2005,42240.2462987547
Georgia,GEO,2005,1642.78359414797
Ghana,GHA,2005,478.611909191028
Guinea,GIN,2005,463.17768685098
"Gambia, The",GMB,2005,616.483657865348
Guinea-Bissau,GNB,2005,463.073962650452
Equatorial Guinea,GNQ,2005,8673.9026086535
Greece,GRC,2005,22054.1315756886
Grenada,GRD,2005,6338.56011405358
Greenland,GRL,2005,32489.7277309899
Guatemala,GTM,2005,2046.46611650758
Guam,GUM,2005,25631.9776108052
Guyana,GUY,2005,1084.06541388904
High income,HIC,2005,30051.3459550589
"Hong Kong SAR, China",HKG,2005,26649.637724155
Honduras,HND,2005,1304.70039153826
Heavily indebted poor countries (HIPC),HPC,2005,519.647933058567
Croatia,HRV,2005,10443.5278353294
Haiti,HTI,2005,775.845704056916
Hungary,HUN,2005,11212.2046968994
IBRD only,IBD,2005,2300.5592081511
IDA & IBRD total,IBT,2005,1919.70312051472
IDA total,IDA,2005,664.73305755977
IDA blend,IDB,2005,957.94448356121
Indonesia,IDN,2005,1238.21447629488
IDA only,IDX,2005,507.001767833477
Isle of Man,IMN,2005,38135.8597885858
India,IND,2005,710.488080408949
Ireland,IRL,2005,50933.0216095589
"Iran, Islamic Rep.",IRN,2005,3132.0508192007
Iraq,IRQ,2005,1762.39360423421
Iceland,ISL,2005,57783.7745608117
Israel,ISR,2005,21286.8388636595
Italy,ITA,2005,32062.723833669
Jamaica,JAM,2005,4184.43974867497
Jordan,JOR,2005,2087.87079273635
Japan,JPN,2005,37812.8950199948
Kazakhstan,KAZ,2005,3577.35804001782
Kenya,KEN,2005,523.456312433863
Kyrgyz Republic,KGZ,2005,476.548193640077
Cambodia,KHM,2005,525.797325120926
Kiribati,KIR,2005,1161.78341739977
St. Kitts and Nevis,KNA,2005,11783.7867154145
"Korea, Rep.",KOR,2005,20167.0474902506
Kuwait,KWT,2005,36122.6142741227
Latin America & Caribbean (excluding high income),LAC,2005,4960.44969790137
Lao PDR,LAO,2005,466.061506997741
Lebanon,LBN,2005,4602.19804637945
Liberia,LBR,2005,287.487333441381
Libya,LBY,2005,8079.24957329001
St. Lucia,LCA,2005,6863.43641919345
Latin America & Caribbean,LCN,2005,5229.89898425288
Least developed countries: UN classification,LDC,2005,487.199978520551
Low income,LIC,2005,520.301355916657
Liechtenstein,LIE,2005,105295.057027611
Sri Lanka,LKA,2005,1207.21994764165
Lower middle income,LMC,2005,817.846092888275
Low & middle income,LMY,2005,1736.10100020162
Lesotho,LSO,2005,861.381496414995
Late-demographic dividend,LTE,2005,2939.98271894785
Lithuania,LTU,2005,7857.03148786492
Luxembourg,LUX,2005,80988.1376230858
Latvia,LVA,2005,7283.78738127622
"Macao SAR, China",MAC,2005,25681.2167315221
Morocco,MAR,2005,2242.98828125
Monaco,MCO,2005,130538.742587117
Moldova,MDA,2005,1034.39197746993
Madagascar,MDG,2005,305.812074924388
Maldives,MDV,2005,3796.51546524644
"Middle East, North Africa, Afghanistan & Pakistan",MEA,2005,3050.86086272731
Mexico,MEX,2005,8671.75891885163
Marshall Islands,MHL,2005,2658.65217893885
Middle income,MIC,2005,1830.92630559246
North Macedonia,MKD,2005,3120.98401394233
Mali,MLI,2005,548.730382842725
Malta,MLT,2005,15831.344048672
Myanmar,MMR,2005,252.685193060728
"Middle East, North Africa, Afghanistan & Pakistan (excluding high income)",MNA,2005,1657.11024431574
Montenegro,MNE,2005,3674.6179242797
Mongolia,MNG,2005,994.90010913241
Northern Mariana Islands,MNP,2005,17015.7487891715
Mozambique,MOZ,2005,436.773856167384
Mauritania,MRT,2005,998.96583416747
Mauritius,MUS,2005,5354.02974260642
Malawi,MWI,2005,414.361121984475
Malaysia,MYS,2005,5555.58179951206
North America,NAC,2005,43368.5783940626
Namibia,NAM,2005,3685.77299991587
New Caledonia,NCL,2005,25528.2918353444
Niger,NER,2005,318.643121918273
Nigeria,NGA,2005,1211.37703504386
Nicaragua,NIC,2005,1183.30214010175
Netherlands,NLD,2005,42165.396168388
Norway,NOR,2005,67047.1704558264
Nepal,NPL,2005,309.024168339372
Nauru,NRU,2005,2992.40382776926
New Zealand,NZL,2005,27751.0654708859
OECD members,OED,2005,30274.0543423729
Oman,OMN,2005,14434.8577924647
Other small states,OSS,2005,8233.33980947954
Pakistan,PAK,2005,827.619861189926
Panama,PAN,2005,5017.74110414832
Peru,PER,2005,2706.66947297608
Philippines,PHL,2005,1220.46018559867
Palau,PLW,2005,9635.28357539048
Papua New Guinea,PNG,2005,744.486489977433
Poland,POL,2005,8043.92332253757
Pre-demographic dividend,PRE,2005,815.454464076119
Puerto Rico (US),PRI,2005,21959.322696986
Portugal,PRT,2005,18780.12751241
Paraguay,PRY,2005,1970.87169852378
West Bank and Gaza,PSE,2005,1543.70141392774
Pacific island small states,PSS,2005,2492.38724073066
Post-demographic dividend,PST,2005,34219.0204237417
French Polynesia,PYF,2005,21984.1936230719
Qatar,QAT,2005,53949.6764091147
Romania,ROU,2005,4618.00350802913
Russian Federation,RUS,2005,5323.455078125
Rwanda,RWA,2005,324.016863847189
South Asia,SAS,2005,686.338193475473
Saudi Arabia,SAU,2005,15975.7473782258
Sudan,SDN,2005,905.543640136719
Senegal,SEN,2005,979.846101520171
Singapore,SGP,2005,29961.3172812732
Solomon Islands,SLB,2005,1144.49233397681
Sierra Leone,SLE,2005,462.633324427945
El Salvador,SLV,2005,2447.39140845394
San Marino,SMR,2005,59877.8005839737
"Somalia, Fed. Rep.",SOM,2005,439.979907805478
Serbia,SRB,2005,3807.97417321786
Sub-Saharan Africa (excluding high income),SSA,2005,1174.63116054875
Sub-Saharan Africa,SSF,2005,1073.52977403181
Small states,SST,2005,7779.765881341
Sao Tome and Principe,STP,2005,844.169181884274
Suriname,SUR,2005,3453.42865937765
Slovak Republic,SVK,2005,11641.5410321763
Slovenia,SVN,2005,17969.7095907161
Sweden,SWE,2005,43378.4077394363
Eswatini,SWZ,2005,2871.06877437449
Seychelles,SYC,2005,11802.1118276833
Syrian Arab Republic,SYR,2005,1533.90166536568
Turks and Caicos Islands,TCA,2005,24122.3028180757
Chad,TCD,2005,838.092107712557
East Asia & Pacific (IDA & IBRD countries),TEA,2005,1673.19096529507
Europe & Central Asia (IDA & IBRD countries),TEC,2005,4660.80836930066
Togo,TGO,2005,551.259850017077
Thailand,THA,2005,2867.70383436062
Tajikistan,TJK,2005,333.927150941684
Turkmenistan,TKM,2005,1604.01618452312
Latin America & the Caribbean (IDA & IBRD countries),TLA,2005,5103.97068943224
Timor-Leste,TLS,2005,487.464506929223
"Middle East, North Africa, Afghanistan & Pakistan (IDA & IBRD)",TMN,2005,1657.84296915154
Tonga,TON,2005,2477.72620144825
South Asia (IDA & IBRD),TSA,2005,686.338193475473
Sub-Saharan Africa (IDA & IBRD countries),TSS,2005,1073.52977403181
Trinidad and Tobago,TTO,2005,12346.4373094075
Tunisia,TUN,2005,3146.8260743927
Turkiye,TUR,2005,7331.85429430255
Tuvalu,TUV,2005,2304.82694329052
Tanzania,TZA,2005,483.334869384766
Uganda,UGA,2005,330.405402707025
Ukraine,UKR,2005,1875.33508300781
Upper middle income,UMC,2005,2788.28442311953
Uruguay,URY,2005,5284.25677987129
United States,USA,2005,44123.4070679055
Uzbekistan,UZB,2005,542.835808692209
St. Vincent and the Grenadines,VCT,2005,5157.39373878102
"Venezuela, RB",VEN,2005,5432.4854184654
Virgin Islands (U.S.),VIR,2005,40828.7460927775
Viet Nam,VNM,2005,710.746759994861
Vanuatu,VUT,2005,1873.99142640619
World,WLD,2005,7284.31331023763
Samoa,WSM,2005,2550.04221437511
"Yemen, Rep.",YEM,2005,734.159908450927
South Africa,ZAF,2005,5836.87663325127
Zambia,ZMB,2005,710.982068171696
Zimbabwe,ZWE,2005,461.271387547912
Aruba,ABW,2006,24845.65848362
Africa Eastern and Southern,AFE,2006,1235.26660811771
Afghanistan,AFG,2006,274.218553561575
Africa Western and Central,AFW,2006,1234.64185574403
Angola,AGO,2006,2930.4442860732
Albania,ALB,2006,3057.77257038113
Andorra,AND,2006,43467.1963063068
Arab World,ARB,2006,4355.05756933724
United Arab Emirates,ARE,2006,44342.6048322482
Argentina,ARG,2006,5869.38028970204
Armenia,ARM,2006,2041.65267068997
American Samoa,ASM,2006,8745.16621137404
Antigua and Barbuda,ATG,2006,16173.8136329968
Australia,AUS,2006,36658.8243476122
Austria,AUT,2006,40382.2078298575
Azerbaijan,AZE,2006,2472.95725732287
Burundi,BDI,2006,161.892755640319
Belgium,BEL,2006,38705.1067959147
Benin,BEN,2006,809.147072506221
Burkina Faso,BFA,2006,455.513655620024
Bangladesh,BGD,2006,490.388026533289
Bulgaria,BGR,2006,4523.1465578805
Bahrain,BHR,2006,19267.282615072
"Bahamas, The",BHS,2006,29184.7865087908
Bosnia and Herzegovina,BIH,2006,3166.12865344833
Belarus,BLR,2006,3848.22350300163
Belize,BLZ,2006,5524.78167834986
Bermuda,BMU,2006,97781.4558996721
Bolivia,BOL,2006,1202.71150446327
Brazil,BRA,2006,5934.14561857454
Barbados,BRB,2006,15619.6005955511
Brunei Darussalam,BRN,2006,34674.7995236452
Bhutan,BTN,2006,1405.6071618158
Botswana,BWA,2006,5291.58379144849
Central African Republic,CAF,2006,333.942519903031
Canada,CAN,2006,40504.0370977806
Central Europe and the Baltics,CEB,2006,9466.68526162196
Switzerland,CHE,2006,59011.0324592016
Channel Islands,CHI,2006,62745.1006593557
Chile,CHL,2006,9318.65655296121
China,CHN,2006,2129.25696999613
Cote d'Ivoire,CIV,2006,1230.43056838584
Cameroon,CMR,2006,1191.45458990968
"Congo, Dem. Rep.",COD,2006,255.445229568751
"Congo, Rep.",COG,2006,2103.5821381211
Colombia,COL,2006,3789.85361217027
Comoros,COM,2006,1138.47908404345
Cabo Verde,CPV,2006,2256.99666191075
Costa Rica,CRI,2006,5256.59640859159
Caribbean small states,CSS,2006,10883.0475520742
Cuba,CUB,2006,4329.98265964383
Curacao,CUW,2006,17400.1637780186
Cayman Islands,CYM,2006,87085.0945866141
Cyprus,CYP,2006,26729.28125
Czechia,CZE,2006,15259.0788162004
Germany,DEU,2006,36980.3349948954
Djibouti,DJI,2006,898.464628136774
Dominica,DMA,2006,6055.78109574854
Denmark,DNK,2006,52119.1787984282
Dominican Republic,DOM,2006,4055.14270347371
Algeria,DZA,2006,3660.66104745322
East Asia & Pacific (excluding high income),EAP,2006,1976.63130651455
Early-demographic dividend,EAR,2006,2011.10903452871
East Asia & Pacific,EAS,2006,5170.318905428
Europe & Central Asia (excluding high income),ECA,2006,4142.44695498675
Europe & Central Asia,ECS,2006,20766.9170925859
Ecuador,ECU,2006,3243.67010359339
"Egypt, Arab Rep.",EGY,2006,1298.97900203124
Euro area,EMU,2006,33646.2303491169
Eritrea,ERI,2006,447.997404727201
Spain,ESP,2006,28421.686527407
Estonia,EST,2006,12641.4800976473
Ethiopia,ETH,2006,189.345737521418
European Union,EUU,2006,29200.5809467343
Fragile and conflict affected situations,FCS,2006,1319.3385305318
Finland,FIN,2006,41214.0187765069
Fiji,FJI,2006,3455.10599907349
France,FRA,2006,36431.5658906555
Faroe Islands,FRO,2006,41743.6812847661
"Micronesia, Fed. Sts.",FSM,2006,2244.97227274486
Gabon,GAB,2006,6847.00985685394
United Kingdom,GBR,2006,44695.161023424
Georgia,GEO,2006,1996.02013272284
Ghana,GHA,2006,906.441027564887
Guinea,GIN,2006,446.980554135013
"Gambia, The",GMB,2006,614.544307904464
Guinea-Bissau,GNB,2006,448.513075469701
Equatorial Guinea,GNQ,2006,10184.8841248541
Greece,GRC,2006,24416.0232970275
Grenada,GRD,2006,6344.0383771432
Greenland,GRL,2006,35457.6297578214
Guatemala,GTM,2006,2225.1234753878
Guam,GUM,2006,25709.9351488422
Guyana,GUY,2006,3135.60553528326
High income,HIC,2006,31710.7967236991
"Hong Kong SAR, China",HKG,2006,28224.0951563146
Honduras,HND,2006,1425.84780051892
Heavily indebted poor countries (HIPC),HPC,2006,593.211178044594
Croatia,HRV,2006,11501.2099669894
Haiti,HTI,2006,828.805700289589
Hungary,HUN,2006,11478.4891640501
IBRD only,IBD,2006,2700.5582098436
IDA & IBRD total,IBT,2006,2247.71696802584
IDA total,IDA,2006,775.4811759604
IDA blend,IDB,2006,1148.89181904758
Indonesia,IDN,2006,1558.31562847163
IDA only,IDX,2006,573.825446583335
Isle of Man,IMN,2006,42627.5089352891
India,IND,2006,801.668353659022
Ireland,IRL,2006,54329.1618599624
"Iran, Islamic Rep.",IRN,2006,3618.91601364428
Iraq,IRQ,2006,2276.55435744086
Iceland,ISL,2006,58172.1426656622
Israel,ISR,2006,22527.2619795719
Italy,ITA,2006,33537.1286994269
Jamaica,JAM,2006,4417.00127135363
Jordan,JOR,2006,2342.63459574933
Japan,JPN,2006,35991.546002862
Kazakhstan,KAZ,2006,5030.13494711519
Kenya,KEN,2006,699.80237063381
Kyrgyz Republic,KGZ,2006,543.113512472219
Cambodia,KHM,2006,612.252648550727
Kiribati,KIR,2006,1123.19258990684
St. Kitts and Nevis,KNA,2006,13837.8495311219
"Korea, Rep.",KOR,2006,22609.7059431449
Kuwait,KWT,2006,42946.6374104066
Latin America & Caribbean (excluding high income),LAC,2006,5717.84447760414
Lao PDR,LAO,2006,579.391947440719
Lebanon,LBN,2006,4635.2514117486
Liberia,LBR,2006,320.55808618515
Libya,LBY,2006,10048.8480434289
St. Lucia,LCA,2006,7611.17856675319
Latin America & Caribbean,LCN,2006,6047.73425729833
Least developed countries: UN classification,LDC,2006,552.743616465105
Low income,LIC,2006,586.100552264911
Liechtenstein,LIE,2006,114167.939211301
Sri Lanka,LKA,2006,1388.89739119932
Lower middle income,LMC,2006,941.244764118773
Low & middle income,LMY,2006,2015.80026970912
Lesotho,LSO,2006,925.467485502842
Late-demographic dividend,LTE,2006,3525.67817486105
Lithuania,LTU,2006,9210.10118229413
Luxembourg,LUX,2006,90788.8004876145
Latvia,LVA,2006,9211.7374468148
"Macao SAR, China",MAC,2006,29813.7877167933
Morocco,MAR,2006,2438.12646484375
Monaco,MCO,2006,143083.461107202
Moldova,MDA,2006,1183.02481442894
Madagascar,MDG,2006,324.146874882604
Maldives,MDV,2006,5018.94335409159
"Middle East, North Africa, Afghanistan & Pakistan",MEA,2006,3482.47657906214
Mexico,MEX,2006,9512.63575346699
Marshall Islands,MHL,2006,2754.26988767503
Middle income,MIC,2006,2129.12103739521
North Macedonia,MKD,2006,3440.4411057968
Mali,MLI,2006,586.985415515264
Malta,MLT,2006,16653.6036929688
Myanmar,MMR,2006,303.495087119254
"Middle East, North Africa, Afghanistan & Pakistan (excluding high income)",MNA,2006,1883.1206783718
Montenegro,MNE,2006,4418.84951521682
Mongolia,MNG,2006,1329.89179579053
Northern Mariana Islands,MNP,2006,16314.5578590027
Mozambique,MOZ,2006,457.487647833183
Mauritania,MRT,2006,1300.60367988659
Mauritius,MUS,2006,5784.22491883026
Malawi,MWI,2006,440.822149023873
Malaysia,MYS,2006,6158.40785533236
North America,NAC,2006,45741.2633538401
Namibia,NAM,2006,4017.1834716928
New Caledonia,NCL,2006,28193.2537573387
Niger,NER,2006,333.345078419447
Nigeria,NGA,2006,1599.53891556365
Nicaragua,NIC,2006,1248.17371577788
Netherlands,NLD,2006,45123.5432406426
Norway,NOR,2006,74434.4996835671
Nepal,NPL,2006,340.431796437968
Nauru,NRU,2006,2910.14145794684
New Zealand,NZL,2006,26654.5932018985
OECD members,OED,2006,31719.3360872902
Oman,OMN,2006,16930.8565071853
Other small states,OSS,2006,9046.58680529661
Pakistan,PAK,2006,900.873564984808
Panama,PAN,2006,5528.76705854901
Peru,PER,2006,3129.55996496982
Philippines,PHL,2006,1426.14649179546
Palau,PLW,2006,9881.65970716981
Papua New Guinea,PNG,2006,1238.18282926706
Poland,POL,2006,9068.85528307627
Pre-demographic dividend,PRE,2006,997.421514005206
Puerto Rico (US),PRI,2006,22935.9411586313
Portugal,PRT,2006,19839.4540499032
Paraguay,PRY,2006,2439.43124694576
West Bank and Gaza,PSE,2006,1570.10439962728
Pacific island small states,PSS,2006,2586.87375078468
Post-demographic dividend,PST,2006,35820.4258144709
French Polynesia,PYF,2006,22330.8676659055
Qatar,QAT,2006,62582.4453138755
Romania,ROU,2006,5757.53127301178
Russian Federation,RUS,2006,6920.19970703125
Rwanda,RWA,2006,356.995022901154
South Asia,SAS,2006,769.378704313512
Saudi Arabia,SAU,2006,17563.6145370639
Sudan,SDN,2006,1132.474609375
Senegal,SEN,2006,1017.20196747987
Singapore,SGP,2006,33768.4528234651
Solomon Islands,SLB,2006,1255.62447417684
Sierra Leone,SLE,2006,580.26796974773
El Salvador,SLV,2006,2665.61807194853
San Marino,SMR,2006,63270.7780755157
"Somalia, Fed. Rep.",SOM,2006,457.996662206659
Serbia,SRB,2006,4492.7136699046
Sub-Saharan Africa (excluding high income),SSA,2006,1349.88715192875
Sub-Saharan Africa,SSF,2006,1234.13340009531
Small states,SST,2006,8649.72106282857
Sao Tome and Principe,STP,2006,861.970707697664
Suriname,SUR,2006,5002.65798695759
Slovak Republic,SVK,2006,13167.8954730379
Slovenia,SVN,2006,19563.005059144
Sweden,SWE,2006,46531.3762240485
Eswatini,SWZ,2006,2964.95865200682
Seychelles,SYC,2006,12782.9938926475
Syrian Arab Republic,SYR,2006,1718.78347217338
Turks and Caicos Islands,TCA,2006,28734.2873064523
Chad,TCD,2006,906.897260572747
East Asia & Pacific (IDA & IBRD countries),TEA,2006,1999.86070779606
Europe & Central Asia (IDA & IBRD countries),TEC,2006,5632.99003233827
Togo,TGO,2006,552.50227125256
Thailand,THA,2006,3331.32043511773
Tajikistan,TJK,2006,401.018403316427
Turkmenistan,TKM,2006,1996.59310717308
Latin America & the Caribbean (IDA & IBRD countries),TLA,2006,5926.88266865218
Timor-Leste,TLS,2006,464.667016791076
"Middle East, North Africa, Afghanistan & Pakistan (IDA & IBRD)",TMN,2006,1885.14870247669
Tonga,TON,2006,2750.34778600857
South Asia (IDA & IBRD),TSA,2006,769.378704313512
Sub-Saharan Africa (IDA & IBRD countries),TSS,2006,1234.13340009531
Trinidad and Tobago,TTO,2006,14152.6607422113
Tunisia,TUN,2006,3322.56933570096
Turkiye,TUR,2006,7990.08251407245
Tuvalu,TUV,2006,2396.26844307702
Tanzania,TZA,2006,475.746734619141
Uganda,UGA,2006,346.518255310647
Ukraine,UKR,2006,2366.494140625
Upper middle income,UMC,2006,3262.39559875801
Uruguay,URY,2006,6001.33294783172
United States,USA,2006,46302.0008800056
Uzbekistan,UZB,2006,649.118167003925
St. Vincent and the Grenadines,VCT,2006,5744.8278621257
"Venezuela, RB",VEN,2006,6739.38065342218
Virgin Islands (U.S.),VIR,2006,41377.1466009652
Viet Nam,VNM,2006,807.756645117054
Vanuatu,VUT,2006,2034.79289624351
World,WLD,2006,7796.34931015336
Samoa,WSM,2006,2663.29135939532
"Yemen, Rep.",YEM,2006,809.713127624703
South Africa,ZAF,2006,6077.38293388876
Zambia,ZMB,2006,1051.71714895686
Zimbabwe,ZWE,2006,431.034994414964
Aruba,ABW,2007,26736.3089444046
Africa Eastern and Southern,AFE,2007,1381.5525968929
Afghanistan,AFG,2007,376.223152003876
Africa Western and Central,AFW,2007,1405.88018847409
Angola,AGO,2007,3515.05678986535
Albania,ALB,2007,3743.05529896187
Andorra,AND,2007,48336.2548304926
Arab World,ARB,2007,4940.70226511719
United Arab Emirates,ARE,2007,45854.7325158162
Argentina,ARG,2007,7185.25155147027
Armenia,ARM,2007,2962.70234594569
American Samoa,ASM,2007,9231.37240924563
Antigua and Barbuda,ATG,2007,18204.5124043068
Australia,AUS,2007,41128.2476618402
Austria,AUT,2007,46622.9622913635
Azerbaijan,AZE,2007,3851.33015175141
Burundi,BDI,2007,166.162744906755
Belgium,BEL,2007,44319.165448813
Benin,BEN,2007,912.338247188342
Burkina Faso,BFA,2007,514.684451177238
Bangladesh,BGD,2007,537.955492792911
Bulgaria,BGR,2007,5888.57081403932
Bahrain,BHR,2007,20908.4042548073
"Bahamas, The",BHS,2007,30051.8489587756
Bosnia and Herzegovina,BIH,2007,3931.48948737505
Belarus,BLR,2007,4735.48107556066
Belize,BLZ,2007,5762.21023302938
Bermuda,BMU,2007,107395.651483891
Bolivia,BOL,2007,1354.54905949929
Brazil,BRA,2007,7409.69003822861
Barbados,BRB,2007,17235.4396434785
Brunei Darussalam,BRN,2007,36217.3290706015
Bhutan,BTN,2007,1850.41570433398
Botswana,BWA,2007,5529.12574632532
Central African Republic,CAF,2007,380.887048839475
Canada,CAN,2007,44660.0838892281
Central Europe and the Baltics,CEB,2007,11997.2743828359
Switzerland,CHE,2007,64989.1553256031
Channel Islands,CHI,2007,74139.97799443
Chile,CHL,2007,10346.4138184533
China,CHN,2007,2734.72709877693
Cote d'Ivoire,CIV,2007,1367.53817722326
Cameroon,CMR,2007,1325.67248215933
"Congo, Dem. Rep.",COD,2007,294.101615124419
"Congo, Rep.",COG,2007,2206.47101863414
Colombia,COL,2007,4769.926147194
Comoros,COM,2007,1289.73631056361
Cabo Verde,CPV,2007,3324.57675212498
Costa Rica,CRI,2007,6137.71199925542
Caribbean small states,CSS,2007,12134.9066978741
Cuba,CUB,2007,4807.43888960684
Curacao,CUW,2007,18005.7165850772
Cayman Islands,CYM,2007,89888.2611264853
Cyprus,CYP,2007,31244.87890625
Czechia,CZE,2007,18452.6532812196
Germany,DEU,2007,42350.9217211489
Djibouti,DJI,2007,969.573220191902
Dominica,DMA,2007,6459.03503689609
Denmark,DNK,2007,58631.6566433635
Dominican Republic,DOM,2007,4649.64558875814
Algeria,DZA,2007,4167.45169937531
East Asia & Pacific (excluding high income),EAP,2007,2481.38704492063
Early-demographic dividend,EAR,2007,2342.68810678142
East Asia & Pacific,EAS,2007,5739.38750773872
Europe & Central Asia (excluding high income),ECA,2007,5206.48238815828
Europe & Central Asia,ECS,2007,24195.9334256766
Ecuador,ECU,2007,3478.92488770671
"Egypt, Arab Rep.",EGY,2007,1547.74170735909
Euro area,EMU,2007,38544.2258256115
Eritrea,ERI,2007,480.44762365456
Spain,ESP,2007,32652.015594702
Estonia,EST,2007,16745.4308011148
Ethiopia,ETH,2007,237.146255996319
European Union,EUU,2007,33704.6636441399
Fragile and conflict affected situations,FCS,2007,1578.9042249996
Finland,FIN,2007,48473.0240091455
Fiji,FJI,2007,3762.74692789299
France,FRA,2007,41486.1907828787
Faroe Islands,FRO,2007,48348.7393711011
"Micronesia, Fed. Sts.",FSM,2007,2293.51341684075
Gabon,GAB,2007,8003.54289696049
United Kingdom,GBR,2007,50629.0799172887
Georgia,GEO,2007,2635.36650276116
Ghana,GHA,2007,1050.12461524926
Guinea,GIN,2007,650.148575304743
"Gambia, The",GMB,2007,724.726407242432
Guinea-Bissau,GNB,2007,519.069789794741
Equatorial Guinea,GNQ,2007,12616.9532942011
Greece,GRC,2007,28440.7625328955
Grenada,GRD,2007,6864.54816771858
Greenland,GRL,2007,39780.9441368721
Guatemala,GTM,2007,2458.81573919384
Guam,GUM,2007,26605.4324214756
Guyana,GUY,2007,3608.28685240188
High income,HIC,2007,34666.0451564196
"Hong Kong SAR, China",HKG,2007,30593.9511738646
Honduras,HND,2007,1577.73789197407
Heavily indebted poor countries (HIPC),HPC,2007,688.372468350697
Croatia,HRV,2007,13755.8321073292
Haiti,HTI,2007,984.566983448521
Hungary,HUN,2007,13934.605460375
IBRD only,IBD,2007,3321.08117407742
IDA & IBRD total,IBT,2007,2742.68959561751
IDA total,IDA,2007,887.832604344602
IDA blend,IDB,2007,1296.21736128505
Indonesia,IDN,2007,1823.21976255073
IDA only,IDX,2007,666.895329303624
Isle of Man,IMN,2007,55040.2437046236
India,IND,2007,1021.88707706826
Ireland,IRL,2007,61396.417461176
"Iran, Islamic Rep.",IRN,2007,4687.99166260718
Iraq,IRQ,2007,3128.99010329066
Iceland,ISL,2007,70483.0117228535
Israel,ISR,2007,25721.2594077311
Italy,ITA,2007,37826.1754554823
Jamaica,JAM,2007,4716.48612542727
Jordan,JOR,2007,2506.20599484139
Japan,JPN,2007,35779.0245416427
Kazakhstan,KAZ,2007,6449.43931096532
Kenya,KEN,2007,840.201439476765
Kyrgyz Republic,KGZ,2007,721.771577544361
Cambodia,KHM,2007,731.692295125426
Kiribati,KIR,2007,1352.57814048911
St. Kitts and Nevis,KNA,2007,14757.9579751035
"Korea, Rep.",KOR,2007,25078.4853957105
Kuwait,KWT,2007,45709.4132876371
Latin America & Caribbean (excluding high income),LAC,2007,6672.17705130306
Lao PDR,LAO,2007,697.323013673925
Lebanon,LBN,2007,5125.25809960149
Liberia,LBR,2007,374.211308104278
Libya,LBY,2007,11144.9448413435
St. Lucia,LCA,2007,7964.38211480117
Latin America & Caribbean,LCN,2007,7035.79917204558
Least developed countries: UN classification,LDC,2007,648.581446944078
Low income,LIC,2007,689.11060676483
Liechtenstein,LIE,2007,130492.595349517
Sri Lanka,LKA,2007,1578.63451125392
Lower middle income,LMC,2007,1131.22988752611
Low & middle income,LMY,2007,2442.09195354366
Lesotho,LSO,2007,861.188420899563
Late-demographic dividend,LTE,2007,4413.77838972074
Lithuania,LTU,2007,12295.1212779366
Luxembourg,LUX,2007,107475.320297978
Latvia,LVA,2007,13370.9789452508
"Macao SAR, China",MAC,2007,35400.2334659409
Morocco,MAR,2007,2755.5859375
Monaco,MCO,2007,184558.556593338
Moldova,MDA,2007,1531.21618590748
Madagascar,MDG,2007,419.548001431865
Maldives,MDV,2007,5758.10286933053
"Middle East, North Africa, Afghanistan & Pakistan",MEA,2007,4010.05228061244
Mexico,MEX,2007,10134.3327138119
Marshall Islands,MHL,2007,2892.28403958874
Middle income,MIC,2007,2583.28146959331
North Macedonia,MKD,2007,4204.11328760452
Mali,MLI,2007,670.853394973479
Malta,MLT,2007,19444.1741958382
Myanmar,MMR,2007,419.375780725042
"Middle East, North Africa, Afghanistan & Pakistan (excluding high income)",MNA,2007,2237.26188319836
Montenegro,MNE,2007,5971.84638953467
Mongolia,MNG,2007,1627.68787743359
Northern Mariana Islands,MNP,2007,15914.2193040498
Mozambique,MOZ,2007,507.874923914304
Mauritania,MRT,2007,1405.15016203368
Mauritius,MUS,2007,6677.34962448608
Malawi,MWI,2007,475.180261659331
Malaysia,MYS,2007,7168.93031942508
North America,NAC,2007,47727.7701044725
Namibia,NAM,2007,4379.04313682732
New Caledonia,NCL,2007,35177.6535261448
Niger,NER,2007,387.168065883301
Nigeria,NGA,2007,1815.52697545827
Nicaragua,NIC,2007,1350.38145753377
Netherlands,NLD,2007,52100.7996285947
Norway,NOR,2007,85502.2677087731
Nepal,NPL,2007,385.449767660642
Nauru,NRU,2007,2272.15291307045
New Zealand,NZL,2007,32479.9817381467
OECD members,OED,2007,34485.4326856798
Oman,OMN,2007,18792.653772482
Other small states,OSS,2007,10758.3750236866
Pakistan,PAK,2007,998.090114197524
Panama,PAN,2007,6317.8173051466
Peru,PER,2007,3581.0893081917
Philippines,PHL,2007,1712.65543282793
Palau,PLW,2007,10402.5367528907
Papua New Guinea,PNG,2007,1370.753415829
Poland,POL,2007,11272.5293683383
Pre-demographic dividend,PRE,2007,1173.40020441153
Puerto Rico (US),PRI,2007,23664.8823485096
Portugal,PRT,2007,22811.0564844365
Paraguay,PRY,2007,3211.93621659546
West Bank and Gaza,PSE,2007,1664.24571669276
Pacific island small states,PSS,2007,2819.69749738645
Post-demographic dividend,PST,2007,38870.3636110318
French Polynesia,PYF,2007,24888.1781337361
Qatar,QAT,2007,65954.3419525051
Romania,ROU,2007,8360.33775916596
Russian Federation,RUS,2007,9101.2392578125
Rwanda,RWA,2007,426.234183487629
South Asia,SAS,2007,967.697911561283
Saudi Arabia,SAU,2007,18596.1502627898
Sudan,SDN,2007,1444.37219238281
Senegal,SEN,2007,1188.93877808175
Singapore,SGP,2007,39432.8860198877
Solomon Islands,SLB,2007,1390.14870956707
Sierra Leone,SLE,2007,631.889926264998
El Salvador,SLV,2007,2830.65693770733
San Marino,SMR,2007,70124.4634385624
"Somalia, Fed. Rep.",SOM,2007,479.635628065289
Serbia,SRB,2007,6081.08765700202
Sub-Saharan Africa (excluding high income),SSA,2007,1518.8219699939
Sub-Saharan Africa,SSF,2007,1390.58865074962
Small states,SST,2007,10056.3574835992
Sao Tome and Principe,STP,2007,878.885791918745
Suriname,SUR,2007,5530.17615638309
Slovak Republic,SVK,2007,16110.4817265237
Slovenia,SVN,2007,23725.1596001515
Sweden,SWE,2007,53568.3057787832
Eswatini,SWZ,2007,3109.11097608864
Seychelles,SYC,2007,12669.3026687222
Syrian Arab Republic,SYR,2007,1937.61138578027
Turks and Caicos Islands,TCA,2007,29443.8523030072
Chad,TCD,2007,980.483531485103
East Asia & Pacific (IDA & IBRD countries),TEA,2007,2510.42261993326
Europe & Central Asia (IDA & IBRD countries),TEC,2007,7247.02729943285
Togo,TGO,2007,607.587886721352
Thailand,THA,2007,3918.52817434581
Tajikistan,TJK,2007,516.997210618914
Turkmenistan,TKM,2007,2414.96071986964
Latin America & the Caribbean (IDA & IBRD countries),TLA,2007,6927.88249936995
Timor-Leste,TLS,2007,540.154630518785
"Middle East, North Africa, Afghanistan & Pakistan (IDA & IBRD)",TMN,2007,2240.98836783175
Tonga,TON,2007,2797.06560109144
South Asia (IDA & IBRD),TSA,2007,967.697911561283
Sub-Saharan Africa (IDA & IBRD countries),TSS,2007,1390.58865074962
Trinidad and Tobago,TTO,2007,16606.675360681
Tunisia,TUN,2007,3726.91672935667
Turkiye,TUR,2007,9766.91734545294
Tuvalu,TUV,2007,2794.16310084119
Tanzania,TZA,2007,543.198303222656
Uganda,UGA,2007,401.389130865581
Ukraine,UKR,2007,3160.32763671875
Upper middle income,UMC,2007,3982.92205517928
Uruguay,URY,2007,7222.05403645877
United States,USA,2007,48050.2237771135
Uzbekistan,UZB,2007,824.028192334768
St. Vincent and the Grenadines,VCT,2007,6398.19123532172
"Venezuela, RB",VEN,2007,8331.62096991844
Virgin Islands (U.S.),VIR,2007,44158.5054044325
Viet Nam,VNM,2007,925.640338348717
Vanuatu,VUT,2007,2333.70506748914
World,WLD,2007,8677.57102707632
Samoa,WSM,2007,3038.61904093377
"Yemen, Rep.",YEM,2007,890.305768114988
South Africa,ZAF,2007,6591.85535960564
Zambia,ZMB,2007,1118.73162626953
Zimbabwe,ZWE,2007,413.521244592925
Aruba,ABW,2008,28171.9094008501
Africa Eastern and Southern,AFE,2008,1447.54575437552
Afghanistan,AFG,2008,381.73323802844
Africa Western and Central,AFW,2008,1666.52048270501
Angola,AGO,2008,4578.15526451517
Albania,ALB,2008,4498.50486763601
Andorra,AND,2008,49132.4925840057
Arab World,ARB,2008,6091.93206445672
United Arab Emirates,ARE,2008,50054.1700681803
Argentina,ARG,2008,8944.1102657357
Armenia,ARM,2008,3777.66859313767
American Samoa,ASM,2008,10030.8089130902
Antigua and Barbuda,ATG,2008,18786.6743142216
Australia,AUS,2008,49811.2067218988
Austria,AUT,2008,51581.3982361071
Azerbaijan,AZE,2008,5574.46810432575
Burundi,BDI,2008,189.502074570768
Belgium,BEL,2008,48303.397956286
Benin,BEN,2008,1060.60254502099
Burkina Faso,BFA,2008,619.437533256264
Bangladesh,BGD,2008,613.06204104124
Bulgaria,BGR,2008,7271.30338858025
Bahrain,BHR,2008,23299.4992780392
"Bahamas, The",BHS,2008,29392.3824416397
Bosnia and Herzegovina,BIH,2008,4841.69311934649
Belarus,BLR,2008,6376.17569162063
Belize,BLZ,2008,5711.81458859709
Bermuda,BMU,2008,110268.562401264
Bolivia,BOL,2008,1692.67248455876
Brazil,BRA,2008,8908.33338467948
Barbados,BRB,2008,17565.6929970592
Brunei Darussalam,BRN,2008,42156.5685838672
Bhutan,BTN,2008,1919.59774896395
Botswana,BWA,2008,5503.07395314313
Central African Republic,CAF,2008,437.24827472489
Canada,CAN,2008,46710.2526864484
Central Europe and the Baltics,CEB,2008,14573.6892707791
Switzerland,CHE,2008,74175.1927898555
Chile,CHL,2008,10683.2188772511
China,CHN,2008,3523.44302065213
Cote d'Ivoire,CIV,2008,1583.97066701372
Cameroon,CMR,2008,1492.14269801453
"Congo, Dem. Rep.",COD,2008,352.900363371995
"Congo, Rep.",COG,2008,2832.09177777643
Colombia,COL,2008,5541.83629665898
Comoros,COM,2008,1455.02768595586
Cabo Verde,CPV,2008,3908.64885822576
Costa Rica,CRI,2008,6937.24261596055
Caribbean small states,CSS,2008,13890.1303094208
Cuba,CUB,2008,4986.12436479175
Curacao,CUW,2008,19423.3352430175
Cayman Islands,CYM,2008,89655.1185574521
Cyprus,CYP,2008,35397.296875
Czechia,CZE,2008,22774.7045076205
Germany,DEU,2008,46379.1647953479
Djibouti,DJI,2008,1119.15233346969
Dominica,DMA,2008,6971.32633839289
Denmark,DNK,2008,64616.6657583663
Dominican Republic,DOM,2008,5023.58513403515
Algeria,DZA,2008,5180.91881514686
East Asia & Pacific (excluding high income),EAP,2008,3117.83131105355
Early-demographic dividend,EAR,2008,2594.55632797992
East Asia & Pacific,EAS,2008,6569.11576512158
Europe & Central Asia (excluding high income),ECA,2008,6191.07369718277
Europe & Central Asia,ECS,2008,26524.5115468839
Ecuador,ECU,2008,4194.75750661981
"Egypt, Arab Rep.",EGY,2008,1896.21594269779
Euro area,EMU,2008,42172.9388150163
Eritrea,ERI,2008,490.066956003333
Spain,ESP,2008,35603.248328071
Estonia,EST,2008,18205.9064113446
Ethiopia,ETH,2008,316.410475118075
European Union,EUU,2008,37169.0746850842
Fragile and conflict affected situations,FCS,2008,1971.04693971359
Finland,FIN,2008,53769.4726240385
Fiji,FJI,2008,3899.92231512129
France,FRA,2008,45464.8181385158
Faroe Islands,FRO,2008,51287.8911081663
"Micronesia, Fed. Sts.",FSM,2008,2369.50811741318
Gabon,GAB,2008,9688.64519690633
United Kingdom,GBR,2008,47652.4030691881
Georgia,GEO,2008,3324.7537205015
Ghana,GHA,2008,1182.65761256016
Guinea,GIN,2008,703.532825784369
"Gambia, The",GMB,2008,859.127671411226
Guinea-Bissau,GNB,2008,640.210331101753
Equatorial Guinea,GNQ,2008,18210.5552970599
Greece,GRC,2008,31695.8331092209
Grenada,GRD,2008,7448.2040563865
Greenland,GRL,2008,44366.7858688175
Guatemala,GTM,2008,2763.05988172926
Guam,GUM,2008,28112.2316573422
Guyana,GUY,2008,4008.9628671603
High income,HIC,2008,36900.1405697144
"Hong Kong SAR, China",HKG,2008,31515.5292103443
Honduras,HND,2008,1732.49062702803
Heavily indebted poor countries (HIPC),HPC,2008,797.380456091108
Croatia,HRV,2008,15888.0606949392
Haiti,HTI,2008,1094.66058421644
Hungary,HUN,2008,15762.6322515113
IBRD only,IBD,2008,3944.6530416302
IDA & IBRD total,IBT,2008,3245.39485060629
IDA total,IDA,2008,1033.2321035618
IDA blend,IDB,2008,1479.93269649198
Indonesia,IDN,2008,2124.55483920618
IDA only,IDX,2008,791.054232494495
Isle of Man,IMN,2008,72276.7741329461
India,IND,2008,992.519584923828
Ireland,IRL,2008,61353.1065629523
"Iran, Islamic Rep.",IRN,2008,5377.4115072957
Iraq,IRQ,2008,4542.96609046032
Iceland,ISL,2008,57489.3399795216
Israel,ISR,2008,30269.217773489
Italy,ITA,2008,40828.5795580937
Jamaica,JAM,2008,5029.80095281745
Jordan,JOR,2008,3241.6524135556
Japan,JPN,2008,39876.3039685725
Kazakhstan,KAZ,2008,8123.54705891736
Kenya,KEN,2008,915.54435473604
Kyrgyz Republic,KGZ,2008,966.388569370494
Cambodia,KHM,2008,866.283999789749
Kiribati,KIR,2008,1410.62246914058
St. Kitts and Nevis,KNA,2008,16604.9448615905
"Korea, Rep.",KOR,2008,22252.3125108061
Kuwait,KWT,2008,55585.1889344442
Latin America & Caribbean (excluding high income),LAC,2008,7623.43840731336
Lao PDR,LAO,2008,885.747376088762
Lebanon,LBN,2008,5912.04532820842
Liberia,LBR,2008,451.713856283285
Libya,LBY,2008,13906.1407818125
St. Lucia,LCA,2008,8516.96075488787
Latin America & Caribbean,LCN,2008,8077.9658893562
Least developed countries: UN classification,LDC,2008,778.614114766785
Low income,LIC,2008,799.484016576029
Liechtenstein,LIE,2008,143249.227302093
Sri Lanka,LKA,2008,1973.58476901287
Lower middle income,LMC,2008,1229.9549188542
Low & middle income,LMY,2008,2860.66030359115
Lesotho,LSO,2008,898.482517882593
Late-demographic dividend,LTE,2008,5455.12758700264
Lithuania,LTU,2008,14955.5345462921
Luxembourg,LUX,2008,120422.137934157
Latvia,LVA,2008,15677.6080864506
"Macao SAR, China",MAC,2008,38888.5118044503
Morocco,MAR,2008,3183.20043945313
Monaco,MCO,2008,204263.797114294
Moldova,MDA,2008,2110.55305353857
Madagascar,MDG,2008,512.579800058444
Maldives,MDV,2008,6757.43280929292
"Middle East, North Africa, Afghanistan & Pakistan",MEA,2008,4834.32204392542
Mexico,MEX,2008,10523.7685403244
Marshall Islands,MHL,2008,2817.60522775322
Middle income,MIC,2008,3029.34246580388
North Macedonia,MKD,2008,5026.4202989873
Mali,MLI,2008,767.19483895009
Malta,MLT,2008,22315.3104212988
Myanmar,MMR,2008,658.442487229705
"Middle East, North Africa, Afghanistan & Pakistan (excluding high income)",MNA,2008,2652.79039146265
Montenegro,MNE,2008,7359.95118960869
Mongolia,MNG,2008,2127.42678594737
Northern Mariana Islands,MNP,2008,16430.4461942257
Mozambique,MOZ,2008,592.159111184122
Mauritania,MRT,2008,1635.5630623124
Mauritius,MUS,2008,8140.50808595895
Malawi,MWI,2008,554.048820396119
Malaysia,MYS,2008,8371.82156086005
North America,NAC,2008,48398.3601410965
Namibia,NAM,2008,4204.78555422749
New Caledonia,NCL,2008,35723.9033194947
Niger,NER,2008,475.044955398162
Nigeria,NGA,2008,2154.10543545364
Nicaragua,NIC,2008,1523.68437086409
Netherlands,NLD,2008,58246.7026905874
Norway,NOR,2008,97503.5407803783
Nepal,NPL,2008,464.817391891529
Nauru,NRU,2008,3756.84531228766
New Zealand,NZL,2008,31324.7397977102
OECD members,OED,2008,36330.0253989704
Oman,OMN,2008,26576.779241509
Other small states,OSS,2008,11515.1421303682
Pakistan,PAK,2008,1067.04324565284
Panama,PAN,2008,7347.59049046839
Peru,PER,2008,4197.58444634142
Philippines,PHL,2008,1959.29233534978
Palau,PLW,2008,10577.501907762
Papua New Guinea,PNG,2008,1624.79319935188
Poland,POL,2008,14048.5604672654
Pre-demographic dividend,PRE,2008,1423.20106621059
Puerto Rico (US),PRI,2008,24898.3345857045
Portugal,PRT,2008,24949.0413566739
Paraguay,PRY,2008,4384.95469437803
West Bank and Gaza,PSE,2008,2035.20234121766
Pacific island small states,PSS,2008,2989.2238467677
Post-demographic dividend,PST,2008,40922.2537544049
French Polynesia,PYF,2008,26592.0262835732
Qatar,QAT,2008,80781.4039187792
Romania,ROU,2008,10435.1561230787
Russian Federation,RUS,2008,11635.2841796875
Rwanda,RWA,2008,528.326391755502
South Asia,SAS,2008,958.275511460297
Saudi Arabia,SAU,2008,22320.4888964331
Sudan,SDN,2008,1527.58239746094
Senegal,SEN,2008,1398.79218010021
Singapore,SGP,2008,40008.5720489092
Solomon Islands,SLB,2008,1525.84666261203
Sierra Leone,SLE,2008,705.359014080005
El Salvador,SLV,2008,2983.24829577976
San Marino,SMR,2008,75902.1320521765
"Somalia, Fed. Rep.",SOM,2008,507.03744334738
Serbia,SRB,2008,7376.73517910716
Sub-Saharan Africa (excluding high income),SSA,2008,1672.71983508686
South Sudan,SSD,2008,1654.21153546555
Sub-Saharan Africa,SSF,2008,1536.66763137174
Small states,SST,2008,10974.8922038731
Sao Tome and Principe,STP,2008,1081.8684584729
Suriname,SUR,2008,6576.08546307249
Slovak Republic,SVK,2008,18744.3192278346
Slovenia,SVN,2008,27461.9764165315
Sweden,SWE,2008,55817.1759726485
Eswatini,SWZ,2008,2946.8606613746
Seychelles,SYC,2008,11265.4376270005
Syrian Arab Republic,SYR,2008,2429.12477087189
Turks and Caicos Islands,TCA,2008,31453.8228752689
Chad,TCD,2008,1166.36883453841
East Asia & Pacific (IDA & IBRD countries),TEA,2008,3154.16872851062
Europe & Central Asia (IDA & IBRD countries),TEC,2008,8951.25356376805
Togo,TGO,2008,718.948386717473
Thailand,THA,2008,4309.13509292986
Tajikistan,TJK,2008,703.327375898643
Turkmenistan,TKM,2008,3605.50395120549
Latin America & the Caribbean (IDA & IBRD countries),TLA,2008,7989.38067187903
Timor-Leste,TLS,2008,628.153191495026
"Middle East, North Africa, Afghanistan & Pakistan (IDA & IBRD)",TMN,2008,2656.83046140986
Tonga,TON,2008,3218.45303993196
South Asia (IDA & IBRD),TSA,2008,958.275511460297
Sub-Saharan Africa (IDA & IBRD countries),TSS,2008,1536.66763137174
Trinidad and Tobago,TTO,2008,21298.9945258063
Tunisia,TUN,2008,4255.05008019523
Turkiye,TUR,2008,10913.4079047769
Tuvalu,TUV,2008,3088.30877413836
Tanzania,TZA,2008,675.977233886719
Uganda,UGA,2008,472.842681495852
Ukraine,UKR,2008,4017.806640625
Upper middle income,UMC,2008,4780.19249304455
Uruguay,URY,2008,9423.96562595893
United States,USA,2008,48570.0459804586
Uzbekistan,UZB,2008,1074.72928796701
St. Vincent and the Grenadines,VCT,2008,6598.90531450859
"Venezuela, RB",VEN,2008,11262.4514256759
Virgin Islands (U.S.),VIR,2008,39152.3750657306
Viet Nam,VNM,2008,1163.83195772873
Vanuatu,VUT,2008,2603.60883136724
World,WLD,2008,9415.35786125182
Samoa,WSM,2008,3373.60639884263
Kosovo,XKX,2008,2877.39331402724
"Yemen, Rep.",YEM,2008,1071.63583282105
South Africa,ZAF,2008,6184.75474328399
Zambia,ZMB,2008,1375.50211006997
Zimbabwe,ZWE,2008,340.917447588572
Aruba,ABW,2009,25134.7712303589
Africa Eastern and Southern,AFE,2009,1408.75346659428
Afghanistan,AFG,2009,452.053705477043
Africa Western and Central,AFW,2009,1453.4952836253
Angola,AGO,2009,3645.14846562976
Albania,ALB,2009,4213.65007574693
Andorra,AND,2009,43975.0000888133
Arab World,ARB,2009,5134.45006055159
United Arab Emirates,ARE,2009,37803.0663738777
Argentina,ARG,2009,8150.23527028221
Armenia,ARM,2009,2820.5926553347
American Samoa,ASM,2009,12156.0293905777
Antigua and Barbuda,ATG,2009,16472.2478528568
Australia,AUS,2009,42954.8494884573
Austria,AUT,2009,47857.4446635266
Azerbaijan,AZE,2009,4950.39949009423
Burundi,BDI,2009,198.431524048225
Belgium,BEL,2009,44923.3400135081
Benin,BEN,2009,1024.10277858112
Burkina Faso,BFA,2009,601.569520671859
Bangladesh,BGD,2009,679.211477428056
Bulgaria,BGR,2009,6988.27316296465
Bahrain,BHR,2009,19465.3140745038
"Bahamas, The",BHS,2009,27512.9130950084
Bosnia and Herzegovina,BIH,2009,4539.91863774968
Belarus,BLR,2009,5352.48809190697
Belize,BLZ,2009,5399.67100001919
Bermuda,BMU,2009,104711.712420357
Bolivia,BOL,2009,1731.18172112209
Brazil,BRA,2009,8678.6584730653
Barbados,BRB,2009,16294.9099491834
Brunei Darussalam,BRN,2009,30946.4673773828
Bhutan,BTN,2009,1918.39599211093
Botswana,BWA,2009,5082.93388332404
Central African Republic,CAF,2009,456.471673898404
Canada,CAN,2009,40874.8831932903
Central Europe and the Baltics,CEB,2009,12302.0391574104
Switzerland,CHE,2009,71568.3123885672
Channel Islands,CHI,2009,57778.5407063052
Chile,CHL,2009,10098.8017167286
China,CHN,2009,3898.24459158811
Cote d'Ivoire,CIV,2009,1540.45393569596
Cameroon,CMR,2009,1461.38999232337
"Congo, Dem. Rep.",COD,2009,280.178991035792
"Congo, Rep.",COG,2009,2271.15219175966
Colombia,COL,2009,5250.97292433518
Comoros,COM,2009,1410.30516959473
Cabo Verde,CPV,2009,3659.72046361628
Costa Rica,CRI,2009,6832.69829924138
Caribbean small states,CSS,2009,11554.0589194758
Cuba,CUB,2009,5089.23519757167
Curacao,CUW,2009,19540.2476579348
Cayman Islands,CYM,2009,81373.5721242232
Cyprus,CYP,2009,32236.44921875
Czechia,CZE,2009,19817.4215836554
Germany,DEU,2009,42471.8868625226
Djibouti,DJI,2009,1150.9375857489
Dominica,DMA,2009,7487.49010395154
Denmark,DNK,2009,58412.7472358513
Dominican Republic,DOM,2009,4973.95186999952
Algeria,DZA,2009,4235.42990456612
East Asia & Pacific (excluding high income),EAP,2009,3359.51721584875
Early-demographic dividend,EAR,2009,2457.28657966372
East Asia & Pacific,EAS,2009,6713.65045131004
Europe & Central Asia (excluding high income),ECA,2009,5125.12331489484
Europe & Central Asia,ECS,2009,23259.5334613272
Ecuador,ECU,2009,4053.36331139298
"Egypt, Arab Rep.",EGY,2009,2161.63964573927
Euro area,EMU,2009,38464.1586390033
Eritrea,ERI,2009,642.92572288007
Spain,ESP,2009,32279.8208476151
Estonia,EST,2009,14712.4494217916
Ethiopia,ETH,2009,368.574712267445
European Union,EUU,2009,33632.0748456258
Fragile and conflict affected situations,FCS,2009,1739.10283567866
Finland,FIN,2009,47478.3495310999
Fiji,FJI,2009,3164.13275408169
France,FRA,2009,41728.0884164132
Faroe Islands,FRO,2009,47059.1947296738
"Micronesia, Fed. Sts.",FSM,2009,2544.11114550961
Gabon,GAB,2009,7290.57526093114
United Kingdom,GBR,2009,39009.3715547821
Georgia,GEO,2009,2822.68939668797
Ghana,GHA,2009,1047.70430093586
Guinea,GIN,2009,662.185914665575
"Gambia, The",GMB,2009,774.888030908091
Guinea-Bissau,GNB,2009,583.190020139094
Equatorial Guinea,GNQ,2009,13232.5019378102
Greece,GRC,2009,29425.4573200263
Grenada,GRD,2009,6932.56472176781
Greenland,GRL,2009,44918.8413832155
Guatemala,GTM,2009,2611.64632773352
Guam,GUM,2009,29054.0581201519
Guyana,GUY,2009,4209.13230624565
High income,HIC,2009,34111.8446047683
"Hong Kong SAR, China",HKG,2009,30697.5383861641
Honduras,HND,2009,1781.15703614674
Heavily indebted poor countries (HIPC),HPC,2009,764.823758486232
Croatia,HRV,2009,14474.6519774194
Haiti,HTI,2009,1196.8528706018
Hungary,HUN,2009,13051.1831777184
IBRD only,IBD,2009,3790.0835825848
IDA & IBRD total,IBT,2009,3109.25120385232
IDA total,IDA,2009,983.70747485615
IDA blend,IDB,2009,1350.16810903148
Indonesia,IDN,2009,2218.48541852977
IDA only,IDX,2009,784.340956107062
Isle of Man,IMN,2009,66156.105656847
India,IND,2009,1094.94974598436
Ireland,IRL,2009,52133.0906162544
"Iran, Islamic Rep.",IRN,2009,5415.52280553446
Iraq,IRQ,2009,3714.71205987194
Iceland,ISL,2009,41483.7843682814
Israel,ISR,2009,28508.4938886475
Italy,ITA,2009,37099.6133958219
Jamaica,JAM,2009,4428.38153333557
Jordan,JOR,2009,3435.8337590698
Japan,JPN,2009,41308.9968370512
Kazakhstan,KAZ,2009,6938.01175663001
Kenya,KEN,2009,1047.9678324485
Kyrgyz Republic,KGZ,2009,870.198894546917
Cambodia,KHM,2009,875.748936193569
Kiribati,KIR,2009,1316.62753853678
St. Kitts and Nevis,KNA,2009,16503.4119292794
"Korea, Rep.",KOR,2009,19937.3029137734
Kuwait,KWT,2009,37907.1001320042
Latin America & Caribbean (excluding high income),LAC,2009,6981.206567743
Lao PDR,LAO,2009,935.03237283283
Lebanon,LBN,2009,7090.85493856621
Liberia,LBR,2009,448.386367025545
Libya,LBY,2009,9551.05403869755
St. Lucia,LCA,2009,8250.52180732734
Latin America & Caribbean,LCN,2009,7495.05944025108
Least developed countries: UN classification,LDC,2009,751.671383860855
Low income,LIC,2009,752.635927287489
Liechtenstein,LIE,2009,126024.714567466
Sri Lanka,LKA,2009,2026.65939950702
Lower middle income,LMC,2009,1260.98799326347
Low & middle income,LMY,2009,2829.0413443136
Lesotho,LSO,2009,878.847950537772
Late-demographic dividend,LTE,2009,5245.33524774178
Lithuania,LTU,2009,11854.3711053096
Luxembourg,LUX,2009,109419.746953106
Latvia,LVA,2009,11996.0322729773
"Macao SAR, China",MAC,2009,40354.2810293673
Morocco,MAR,2009,3119.58862304688
Monaco,MCO,2009,169150.267344616
Moldova,MDA,2009,1898.43975710988
Madagascar,MDG,2009,446.315238370592
Maldives,MDV,2009,6734.03165601895
"Middle East, North Africa, Afghanistan & Pakistan",MEA,2009,4256.64048356928
Mexico,MEX,2009,8423.56933214711
Marshall Islands,MHL,2009,2906.63026970914
Middle income,MIC,2009,3001.53141895573
North Macedonia,MKD,2009,4799.78722768888
Mali,MLI,2009,787.482564287398
Malta,MLT,2009,21176.3218262672
Myanmar,MMR,2009,758.442935789255
"Middle East, North Africa, Afghanistan & Pakistan (excluding high income)",MNA,2009,2510.74762666028
Montenegro,MNE,2009,6700.11405052395
Mongolia,MNG,2009,1703.32756790019
Northern Mariana Islands,MNP,2009,14369.6339810212
Mozambique,MOZ,2009,547.697144193651
Mauritania,MRT,2009,1435.43010811893
Mauritius,MUS,2009,7426.88645617593
Malawi,MWI,2009,625.869729869625
Malaysia,MYS,2009,7191.43287234626
North America,NAC,2009,46581.4062631638
Namibia,NAM,2009,4302.91374148376
New Caledonia,NCL,2009,33836.494080472
Niger,NER,2009,461.131533961487
Nigeria,NGA,2009,1820.48633854782
Nicaragua,NIC,2009,1467.08288052845
Netherlands,NLD,2009,53172.0261581418
Norway,NOR,2009,80347.5700665184
Nepal,NPL,2009,473.078751198621
Nauru,NRU,2009,4410.56764668962
New Zealand,NZL,2009,28276.7255416225
OECD members,OED,2009,33747.3871210811
Oman,OMN,2009,20655.9180249218
Other small states,OSS,2009,9809.38880958963
Pakistan,PAK,2009,963.788066395225
Panama,PAN,2009,7796.92618363433
Peru,PER,2009,4181.18755462253
Philippines,PHL,2009,1864.45043406471
Palau,PLW,2009,10147.7741092815
Papua New Guinea,PNG,2009,1568.83193368607
Poland,POL,2009,11556.3026866026
Pre-demographic dividend,PRE,2009,1252.32925493054
Puerto Rico (US),PRI,2009,25768.7258883384
Portugal,PRT,2009,23151.2154130712
Paraguay,PRY,2009,3941.84815479431
West Bank and Gaza,PSE,2009,2191.78178736868
Pacific island small states,PSS,2009,2668.40106360978
Post-demographic dividend,PST,2009,38339.4065630367
French Polynesia,PYF,2009,24434.2197555208
Qatar,QAT,2009,60785.7351551657
Romania,ROU,2009,8548.4543409242
Russian Federation,RUS,2009,8562.82421875
Rwanda,RWA,2009,564.039095842449
South Asia,SAS,2009,1054.43555885745
Saudi Arabia,SAU,2009,17718.3911648365
Sudan,SDN,2009,1178.22180175781
Senegal,SEN,2009,1308.69404336205
Singapore,SGP,2009,38926.8054365453
Solomon Islands,SLB,2009,1554.70671006386
Sierra Leone,SLE,2009,652.845806767943
El Salvador,SLV,2009,2910.18651752011
San Marino,SMR,2009,62428.9943269418
"Somalia, Fed. Rep.",SOM,2009,246.513251675105
Serbia,SRB,2009,6414.0448463847
Sub-Saharan Africa (excluding high income),SSA,2009,1545.11577892078
South Sudan,SSD,2009,1323.22068747862
Sub-Saharan Africa,SSF,2009,1426.96916919949
Small states,SST,2009,9296.64440865481
Sao Tome and Principe,STP,2009,1128.28046213305
Suriname,SUR,2009,7129.5768626291
Slovak Republic,SVK,2009,16586.7527805228
Slovenia,SVN,2009,24501.7897290425
Sweden,SWE,2009,46707.6425044751
Eswatini,SWZ,2009,3189.79679956637
Sint Maarten (Dutch part),SXM,2009,25528.412619483
Seychelles,SYC,2009,9747.09180546291
Syrian Arab Republic,SYR,2009,2462.20193643202
Turks and Caicos Islands,TCA,2009,24596.8938015951
Chad,TCD,2009,1035.63719694254
East Asia & Pacific (IDA & IBRD countries),TEA,2009,3398.52989667846
Europe & Central Asia (IDA & IBRD countries),TEC,2009,7074.02354262313
Togo,TGO,2009,720.693768151415
Thailand,THA,2009,4135.43986952819
Tajikistan,TJK,2009,664.795655734657
Turkmenistan,TKM,2009,3707.97850699617
Latin America & the Caribbean (IDA & IBRD countries),TLA,2009,7386.60018995035
Timor-Leste,TLS,2009,686.579329690731
"Middle East, North Africa, Afghanistan & Pakistan (IDA & IBRD)",TMN,2009,2512.84382036535
Tonga,TON,2009,2914.23774004564
South Asia (IDA & IBRD),TSA,2009,1054.43555885745
Sub-Saharan Africa (IDA & IBRD countries),TSS,2009,1426.96916919949
Trinidad and Tobago,TTO,2009,14634.0565003912
Tunisia,TUN,2009,4080.09032448781
Turkiye,TUR,2009,9076.92472236977
Tuvalu,TUV,2009,2683.96749549583
Tanzania,TZA,2009,693.823547363281
Uganda,UGA,2009,798.947089938247
Ukraine,UKR,2009,2607.08764648438
Upper middle income,UMC,2009,4710.56351783068
Uruguay,URY,2009,9881.39573127081
United States,USA,2009,47194.9433547336
Uzbekistan,UZB,2009,1205.7993547038
St. Vincent and the Grenadines,VCT,2009,6463.78777336717
"Venezuela, RB",VEN,2009,11596.6021921731
Virgin Islands (U.S.),VIR,2009,38753.1825393897
Viet Nam,VNM,2009,1226.16976051536
Vanuatu,VUT,2009,2546.38324565986
World,WLD,2009,8816.8105604156
Samoa,WSM,2009,3279.18269477295
Kosovo,XKX,2009,2794.86699473069
"Yemen, Rep.",YEM,2009,969.243509864478
South Africa,ZAF,2009,6374.70560042992
Zambia,ZMB,2009,1136.24168316848
Zimbabwe,ZWE,2009,735.821693871697
Aruba,ABW,2010,24093.1401510626
Africa Eastern and Southern,AFE,2010,1628.90524793139
Afghanistan,AFG,2010,560.621505463146
Africa Western and Central,AFW,2010,1662.63365844147
Angola,AGO,2010,4101.63715566712
Albania,ALB,2010,4149.14469936847
Andorra,AND,2010,42746.830391567
Arab World,ARB,2010,5944.95217290432
United Arab Emirates,ARE,2010,44795.2949302268
Argentina,ARG,2010,10260.1313108254
Armenia,ARM,2010,3041.34450723339
American Samoa,ASM,2010,10375.1720141957
Antigua and Barbuda,ATG,2010,15217.3950790922
Australia,AUS,2010,52313.8939041213
Austria,AUT,2010,46611.1393420232
Azerbaijan,AZE,2010,5843.5337683582
Burundi,BDI,2010,216.727705301976
Belgium,BEL,2010,44197.393671162
Benin,BEN,2010,973.244254931526
Burkina Faso,BFA,2010,624.957252224766
Bangladesh,BGD,2010,757.385280361508
Bulgaria,BGR,2010,6853.94805511171
Bahrain,BHR,2010,21819.3291098099
"Bahamas, The",BHS,2010,27473.100430502
Bosnia and Herzegovina,BIH,2010,4506.47828548389
Belarus,BLR,2010,6034.67885177216
Belize,BLZ,2010,5461.40735999001
Bermuda,BMU,2010,104111.824244802
Bolivia,BOL,2010,1929.78373077158
Brazil,BRA,2010,11403.2840038694
Barbados,BRB,2010,20610.5150721363
Brunei Darussalam,BRN,2010,34937.5555357155
Bhutan,BTN,2010,2435.5798056672
Botswana,BWA,2010,6215.73216077919
Central African Republic,CAF,2010,476.873786950728
Canada,CAN,2010,47560.6666009406
Central Europe and the Baltics,CEB,2010,12635.7541209869
Switzerland,CHE,2010,76531.3729407691
Channel Islands,CHI,2010,56123.4597963451
Chile,CHL,2010,12632.8704724192
China,CHN,2010,4629.24551710077
Cote d'Ivoire,CIV,2010,1553.54887048143
Cameroon,CMR,2010,1398.58702025047
"Congo, Dem. Rep.",COD,2010,352.400398754692
"Congo, Rep.",COG,2010,2946.55798067708
Colombia,COL,2010,6398.2958447102
Comoros,COM,2010,1386.5742428453
Cabo Verde,CPV,2010,3579.46006137809
Costa Rica,CRI,2010,8265.78820275582
Caribbean small states,CSS,2010,12711.087492863
Cuba,CUB,2010,5272.26755824835
Curacao,CUW,2010,19847.2310127979
Cayman Islands,CYM,2010,76837.6710064442
Cyprus,CYP,2010,31105.02734375
Czechia,CZE,2010,20160.4355077059
Germany,DEU,2010,42396.9665976293
Djibouti,DJI,2010,1213.23352553429
Dominica,DMA,2010,7549.61964680375
Denmark,DNK,2010,58104.5445594981
Dominican Republic,DOM,2010,5478.62470398954
Algeria,DZA,2010,4912.78585503672
East Asia & Pacific (excluding high income),EAP,2010,4057.86521472833
Early-demographic dividend,EAR,2010,2938.79859415379
East Asia & Pacific,EAS,2010,7784.344658223
Europe & Central Asia (excluding high income),ECA,2010,6019.29491137959
Europe & Central Asia,ECS,2010,23702.4750230082
Ecuador,ECU,2010,4520.30959039763
"Egypt, Arab Rep.",EGY,2010,2455.08194645282
Euro area,EMU,2010,37491.6114073082
Eritrea,ERI,2010,539.699512069686
Spain,ESP,2010,30658.7422282912
Estonia,EST,2010,14663.7041018705
Ethiopia,ETH,2010,330.619412798644
European Union,EUU,2010,33119.5673211775
Fragile and conflict affected situations,FCS,2010,2017.56741418682
Finland,FIN,2010,46506.2919016566
Fiji,FJI,2010,3449.14452883369
France,FRA,2010,40694.8211697025
Faroe Islands,FRO,2010,47923.1515374991
"Micronesia, Fed. Sts.",FSM,2010,2702.61165204772
Gabon,GAB,2010,8356.74662013345
United Kingdom,GBR,2010,39778.3220528565
Georgia,GEO,2010,3281.72930937343
Ghana,GHA,2010,1263.89251760539
Guinea,GIN,2010,659.235326211315
"Gambia, The",GMB,2010,801.033372714536
Guinea-Bissau,GNB,2010,600.194298540768
Equatorial Guinea,GNQ,2010,13720.1658723222
Greece,GRC,2010,26653.0488008626
Grenada,GRD,2010,6909.60169568597
Greenland,GRL,2010,44277.1993400972
Guatemala,GTM,2010,2805.25960237322
Guam,GUM,2010,29719.7967836082
Guyana,GUY,2010,4581.76179693492
High income,HIC,2010,35778.2487328682
"Hong Kong SAR, China",HKG,2010,32550.136489179
Honduras,HND,2010,1893.32722662035
Heavily indebted poor countries (HIPC),HPC,2010,812.08054988398
Croatia,HRV,2010,13729.7654965022
Haiti,HTI,2010,1209.72733503094
Hungary,HUN,2010,13189.8433874768
IBRD only,IBD,2010,4561.25191754242
IDA & IBRD total,IBT,2010,3715.56679095123
IDA total,IDA,2010,1109.84138279455
IDA blend,IDB,2010,1535.29922315138
Indonesia,IDN,2010,3065.68348377765
IDA only,IDX,2010,877.624039786351
Isle of Man,IMN,2010,70587.3140283741
India,IND,2010,1347.51939071367
Ireland,IRL,2010,48623.9666422487
"Iran, Islamic Rep.",IRN,2010,6291.19443655454
Iraq,IRQ,2010,4461.75196161555
Iceland,ISL,2010,43776.4677400475
Israel,ISR,2010,31439.0887027614
Italy,ITA,2010,35856.8625485539
Jamaica,JAM,2010,4809.977380312
Jordan,JOR,2010,3718.46571622945
Japan,JPN,2010,44968.1562349739
Kazakhstan,KAZ,2010,8793.07589980782
Kenya,KEN,2010,1091.51873101194
Kyrgyz Republic,KGZ,2010,876.954476440354
Cambodia,KHM,2010,952.274616324008
Kiribati,KIR,2010,1522.10068744154
St. Kitts and Nevis,KNA,2010,16622.9457908577
"Korea, Rep.",KOR,2010,24071.2620526362
Kuwait,KWT,2010,39212.252220155
Latin America & Caribbean (excluding high income),LAC,2010,8637.63171485475
Lao PDR,LAO,2010,1125.91610151261
Lebanon,LBN,2010,7625.81051551165
Liberia,LBR,2010,492.252808033724
Libya,LBY,2010,11600.9068649472
St. Lucia,LCA,2010,8673.68720340529
Latin America & Caribbean,LCN,2010,9183.9687871441
Least developed countries: UN classification,LDC,2010,831.532954611079
Low income,LIC,2010,825.735188857174
Liechtenstein,LIE,2010,141089.812849014
Sri Lanka,LKA,2010,2808.36244503709
Lower middle income,LMC,2010,1491.30888839804
Low & middle income,LMY,2010,3394.26296887076
Lesotho,LSO,2010,1119.47557793042
Late-demographic dividend,LTE,2010,6276.4619904196
Lithuania,LTU,2010,11829.122609457
Luxembourg,LUX,2010,110885.991378721
Latvia,LVA,2010,11188.4191700977
"Macao SAR, China",MAC,2010,52596.2250160214
Morocco,MAR,2010,3067.9853515625
Monaco,MCO,2010,161853.920622244
Moldova,MDA,2010,2436.79935102421
Madagascar,MDG,2010,450.009391645726
Maldives,MDV,2010,7173.59601844692
"Middle East, North Africa, Afghanistan & Pakistan",MEA,2010,4867.92943497015
Mexico,MEX,2010,9728.80078377082
Marshall Islands,MHL,2010,3095.45768964722
Middle income,MIC,2010,3610.66323367037
North Macedonia,MKD,2010,4833.36586759968
Mali,MLI,2010,797.151541135109
Malta,MLT,2010,21946.6069636029
Myanmar,MMR,2010,1010.53417343401
"Middle East, North Africa, Afghanistan & Pakistan (excluding high income)",MNA,2010,2816.19347268465
Montenegro,MNE,2010,6678.63930800758
Mongolia,MNG,2010,2625.21881402433
Northern Mariana Islands,MNP,2010,14771.4037455399
Mozambique,MOZ,2010,496.185839392659
Mauritania,MRT,2010,1659.96369705455
Mauritius,MUS,2010,8113.17670740212
Malawi,MWI,2010,683.124694716799
Malaysia,MYS,2010,8899.34505544675
North America,NAC,2010,48545.7752706944
Namibia,NAM,2010,5418.21633365814
New Caledonia,NCL,2010,35798.9084757829
Niger,NER,2010,474.425692340831
Nigeria,NGA,2010,2202.25672957344
Nicaragua,NIC,2010,1526.56706951408
Netherlands,NLD,2010,51305.7338533973
Norway,NOR,2010,88163.2085931423
Nepal,NPL,2010,585.278491984574
Nauru,NRU,2010,4735.92000502092
New Zealand,NZL,2010,33761.9009639947
OECD members,OED,2010,35162.1991743522
Oman,OMN,2010,23570.1798147325
Other small states,OSS,2010,10149.5632621314
Pakistan,PAK,2010,987.304571124485
Panama,PAN,2010,8331.46422259967
Peru,PER,2010,5072.11494019615
Philippines,PHL,2010,2162.91375885614
Palau,PLW,2010,10221.9163762354
Papua New Guinea,PNG,2010,1866.86889851208
Poland,POL,2010,12567.7317676382
Pre-demographic dividend,PRE,2010,1421.48905142231
Puerto Rico (US),PRI,2010,26414.8810634548
Portugal,PRT,2010,22551.935098809
Paraguay,PRY,2010,4750.96273669458
West Bank and Gaza,PSE,2010,2557.07562356699
Pacific island small states,PSS,2010,2900.92919415648
Post-demographic dividend,PST,2010,39801.8641147794
French Polynesia,PYF,2010,22494.806706186
Qatar,QAT,2010,76462.6119486736
Romania,ROU,2010,8399.5374234284
Russian Federation,RUS,2010,10674.990234375
Rwanda,RWA,2010,593.624927744346
South Asia,SAS,2010,1294.02734404973
Saudi Arabia,SAU,2010,22028.3901426586
Sudan,SDN,2010,1305.63598632813
Senegal,SEN,2010,1275.88357492357
Singapore,SGP,2010,47236.683084953
Solomon Islands,SLB,2010,1685.14535823757
Sierra Leone,SLE,2010,685.039673490948
El Salvador,SLV,2010,3040.07300952878
San Marino,SMR,2010,56543.1898204098
"Somalia, Fed. Rep.",SOM,2010,219.202453852397
Serbia,SRB,2010,5970.92660940072
Sub-Saharan Africa (excluding high income),SSA,2010,1789.34374213402
South Sudan,SSD,2010,1498.27034985194
Sub-Saharan Africa,SSF,2010,1642.64134193596
Small states,SST,2010,9813.58319583758
Sao Tome and Principe,STP,2010,1045.20958234528
Suriname,SUR,2010,7943.60482816915
Slovak Republic,SVK,2010,16899.448680529
Slovenia,SVN,2010,23329.8417691156
Sweden,SWE,2010,52542.5759090299
Eswatini,SWZ,2010,3922.74039390733
Sint Maarten (Dutch part),SXM,2010,26403.8143692163
Seychelles,SYC,2010,10934.79494629
Syrian Arab Republic,SYR,2010,2730.61477118949
Turks and Caicos Islands,TCA,2010,23093.8498268267
Chad,TCD,2010,1141.80069268412
East Asia & Pacific (IDA & IBRD countries),TEA,2010,4104.80262362259
Europe & Central Asia (IDA & IBRD countries),TEC,2010,8280.72343768265
Togo,TGO,2010,704.986772286079
Thailand,THA,2010,4973.86288823778
Tajikistan,TJK,2010,737.338883219356
Turkmenistan,TKM,2010,4058.53937000739
Latin America & the Caribbean (IDA & IBRD countries),TLA,2010,9115.80144590362
Timor-Leste,TLS,2010,813.060220670369
"Middle East, North Africa, Afghanistan & Pakistan (IDA & IBRD)",TMN,2010,2817.90380218571
Tonga,TON,2010,3416.08356601207
South Asia (IDA & IBRD),TSA,2010,1294.02734404973
Sub-Saharan Africa (IDA & IBRD countries),TSS,2010,1642.64134193596
Trinidad and Tobago,TTO,2010,16815.424737361
Tunisia,TUN,2010,4291.86120891575
Turkiye,TUR,2010,10698.9699409757
Tuvalu,TUV,2010,3024.8170790571
Tanzania,TZA,2010,736.530151367188
Uganda,UGA,2010,823.488144282
Ukraine,UKR,2010,3039.63232421875
Upper middle income,UMC,2010,5710.9010671794
Uruguay,URY,2010,12641.0576849008
United States,USA,2010,48642.6100179312
Uzbekistan,UZB,2010,1753.20730243278
St. Vincent and the Grenadines,VCT,2010,6551.96835992405
"Venezuela, RB",VEN,2010,13646.3046622664
Virgin Islands (U.S.),VIR,2010,39905.1284180994
Viet Nam,VNM,2010,1683.16182443979
Vanuatu,VUT,2010,2815.18828985779
World,WLD,2010,9542.72886249208
Samoa,WSM,2010,3524.2479246203
Kosovo,XKX,2010,2987.54519574464
"Yemen, Rep.",YEM,2010,1155.20305261418
South Africa,ZAF,2010,7973.47195771517
Zambia,ZMB,2010,1451.10616017155
Zimbabwe,ZWE,2010,902.010759067388
Aruba,ABW,2011,25712.3843015186
Africa Eastern and Southern,AFE,2011,1761.98926096159
Afghanistan,AFG,2011,606.694676337726
Africa Western and Central,AFW,2011,1844.05436728177
Angola,AGO,2011,5184.15269149912
Albania,ALB,2011,4465.70914328865
Andorra,AND,2011,46657.1495384811
Arab World,ARB,2011,6915.82768123695
United Arab Emirates,ARE,2011,51921.904511613
Argentina,ARG,2011,12704.2831819684
Armenia,ARM,2011,3349.55309771906
American Samoa,ASM,2011,10383.459331451
Antigua and Barbuda,ATG,2011,14911.7275084471
Australia,AUS,2011,62799.3895017032
Austria,AUT,2011,51116.8953522042
Azerbaijan,AZE,2011,7189.81869211976
Burundi,BDI,2011,230.069761381132
Belgium,BEL,2011,47760.8298776546
Benin,BEN,2011,1059.41358852588
Burkina Faso,BFA,2011,725.024767725475
Bangladesh,BGD,2011,837.336944695647
Bulgaria,BGR,2011,7849.58061302818
Bahrain,BHR,2011,25032.7867743333
"Bahamas, The",BHS,2011,27090.8376801379
Bosnia and Herzegovina,BIH,2011,4982.69375768263
Belarus,BLR,2011,6527.6593428786
Belize,BLZ,2011,5596.05222152289
Bermuda,BMU,2011,99049.0169927667
Bolivia,BOL,2011,2315.52121930607
Brazil,BRA,2011,13396.6263158041
Barbados,BRB,2011,20508.1498810382
Brunei Darussalam,BRN,2011,46382.8274255349
Bhutan,BTN,2011,2787.97967608562
Botswana,BWA,2011,7287.38295334919
Central African Republic,CAF,2011,534.057281471636
Canada,CAN,2011,52223.8588398531
Central Europe and the Baltics,CEB,2011,13997.3000771488
Switzerland,CHE,2011,90476.7589651577
Channel Islands,CHI,2011,60415.2632075658
Chile,CHL,2011,14487.3927832032
China,CHN,2011,5703.76027973346
Cote d'Ivoire,CIV,2011,1596.62826565998
Cameroon,CMR,2011,1513.96056994878
"Congo, Dem. Rep.",COD,2011,372.514273875789
"Congo, Rep.",COG,2011,3396.16505817952
Colombia,COL,2011,7400.9940695669
Comoros,COM,2011,1531.43789372951
Cabo Verde,CPV,2011,4002.01386888785
Costa Rica,CRI,2011,9276.39107511347
Caribbean small states,CSS,2011,13526.9467561999
Cuba,CUB,2011,6104.46105236166
Curacao,CUW,2011,19426.3264002202
Cayman Islands,CYM,2011,75280.9617699986
Cyprus,CYP,2011,32485.798828125
Czechia,CZE,2011,22049.1080788682
Germany,DEU,2011,47630.9761883572
Djibouti,DJI,2011,1306.34552844977
Dominica,DMA,2011,7705.40717248319
Denmark,DNK,2011,61809.737898222
Dominican Republic,DOM,2011,5826.51014109195
Algeria,DZA,2011,5916.31364364343
East Asia & Pacific (excluding high income),EAP,2011,4913.89394942906
Early-demographic dividend,EAR,2011,3262.90999134968
East Asia & Pacific,EAS,2011,8955.7486981995
Europe & Central Asia (excluding high income),ECA,2011,6785.87680428259
Europe & Central Asia,ECS,2011,26239.3600613076
Ecuador,ECU,2011,5153.6916424375
"Egypt, Arab Rep.",EGY,2011,2590.64384891965
Euro area,EMU,2011,40569.5862836129
Eritrea,ERI,2011,688.68165957684
Spain,ESP,2011,31824.6219134777
Estonia,EST,2011,17555.5455239426
Ethiopia,ETH,2011,343.024942351887
European Union,EUU,2011,35963.3147849808
Fragile and conflict affected situations,FCS,2011,2053.715805371
Finland,FIN,2011,51060.3242589767
Fiji,FJI,2011,4139.60288609702
France,FRA,2011,43929.7840873812
Faroe Islands,FRO,2011,51618.9907766392
"Micronesia, Fed. Sts.",FSM,2011,2848.70077003105
Gabon,GAB,2011,10219.1139339454
United Kingdom,GBR,2011,42295.9273835322
Georgia,GEO,2011,4119.66818307193
Ghana,GHA,2011,1507.43573198753
Guinea,GIN,2011,636.694958747648
"Gambia, The",GMB,2011,710.608411468152
Guinea-Bissau,GNB,2011,719.539573498937
Equatorial Guinea,GNQ,2011,17198.2136668275
Greece,GRC,2011,25504.7866510124
Grenada,GRD,2011,6947.38136096464
Greenland,GRL,2011,47186.8759969388
Guatemala,GTM,2011,3168.98370607705
Guam,GUM,2011,29926.2052442913
Guyana,GUY,2011,4947.22170589917
High income,HIC,2011,38785.8817355705
"Hong Kong SAR, China",HKG,2011,35142.4879344543
Honduras,HND,2011,2073.66121088074
Heavily indebted poor countries (HIPC),HPC,2011,873.222093086024
Croatia,HRV,2011,14691.558296292
Haiti,HTI,2011,1312.03953552013
Hungary,HUN,2011,14211.460557822
IBRD only,IBD,2011,5342.86138124845
IDA & IBRD total,IBT,2011,4324.06826881192
IDA total,IDA,2011,1224.50986155293
IDA blend,IDB,2011,1705.64443688917
Indonesia,IDN,2011,3579.46442466152
IDA only,IDX,2011,961.368579226082
Isle of Man,IMN,2011,77808.8579649376
India,IND,2011,1445.46127486037
Ireland,IRL,2011,52613.8540355689
"Iran, Islamic Rep.",IRN,2011,8025.68743364356
Iraq,IRQ,2011,5775.54229080293
Iceland,ISL,2011,48254.953927254
Israel,ISR,2011,34522.5215979073
Italy,ITA,2011,38432.3742820019
Jamaica,JAM,2011,5232.63644918132
Jordan,JOR,2011,3946.85503855525
Japan,JPN,2011,48760.0789494211
Kazakhstan,KAZ,2011,11287.1464926039
Kenya,KEN,2011,1096.14499807675
Kyrgyz Republic,KGZ,2011,1117.40174350185
Cambodia,KHM,2011,1088.98152823081
Kiribati,KIR,2011,1771.12926848792
St. Kitts and Nevis,KNA,2011,17832.4572919975
"Korea, Rep.",KOR,2011,26175.2398553363
Kuwait,KWT,2011,49169.6063813095
Latin America & Caribbean (excluding high income),LAC,2011,9979.9897262503
Lao PDR,LAO,2011,1361.54704394913
Lebanon,LBN,2011,7834.96257108993
Liberia,LBR,2011,568.087865520004
Libya,LBY,2011,7593.8391525702
St. Lucia,LCA,2011,9128.99442011613
Latin America & Caribbean,LCN,2011,10334.20548878
Least developed countries: UN classification,LDC,2011,925.130488690388
Low income,LIC,2011,869.718827485855
Liechtenstein,LIE,2011,158066.369379163
Sri Lanka,LKA,2011,3224.95745150496
Lower middle income,LMC,2011,1636.38338498875
Low & middle income,LMY,2011,3942.65348704731
Lesotho,LSO,2011,1280.73390931581
Late-demographic dividend,LTE,2011,7598.75722812692
Lithuania,LTU,2011,14261.8433787325
Luxembourg,LUX,2011,119025.057203467
Latvia,LVA,2011,12902.574053337
"Macao SAR, China",MAC,2011,67046.7284292101
St. Martin (French part),MAF,2011,20930.5821177758
Morocco,MAR,2011,3301.98876953125
Monaco,MCO,2011,179363.984221513
Moldova,MDA,2011,2941.36224066021
Madagascar,MDG,2011,506.163691559309
Maldives,MDV,2011,7424.520410971
"Middle East, North Africa, Afghanistan & Pakistan",MEA,2011,5731.46333788345
Mexico,MEX,2011,10664.4944032313
Marshall Islands,MHL,2011,3319.39815439151
Middle income,MIC,2011,4205.16300649743
North Macedonia,MKD,2011,5416.86672931659
Mali,MLI,2011,938.292902583696
Malta,MLT,2011,23516.9691234302
Myanmar,MMR,2011,1213.62898703376
"Middle East, North Africa, Afghanistan & Pakistan (excluding high income)",MNA,2011,3232.55085445141
Montenegro,MNE,2011,7265.51668681954
Mongolia,MNG,2011,3736.04201455077
Northern Mariana Islands,MNP,2011,13598.7166094613
Mozambique,MOZ,2011,618.17649286789
Mauritania,MRT,2011,1931.19975525465
Mauritius,MUS,2011,9324.24232310496
Malawi,MWI,2011,763.061000394572
Malaysia,MYS,2011,10217.1068585031
North America,NAC,2011,50251.9815319984
Namibia,NAM,2011,5834.7917675794
New Caledonia,NCL,2011,38835.9401851385
Niger,NER,2011,510.75956176268
Nigeria,NGA,2011,2418.41316975875
Nicaragua,NIC,2011,1679.71192084633
Netherlands,NLD,2011,54701.7728030611
Norway,NOR,2011,101221.813476644
Nepal,NPL,2011,785.518656222132
Nauru,NRU,2011,6444.03642094634
New Zealand,NZL,2011,38431.7766788499
OECD members,OED,2011,37631.4111773315
Oman,OMN,2011,25188.0074151885
Other small states,OSS,2011,11469.9518928722
Pakistan,PAK,2011,1131.73513834324
Panama,PAN,2011,9662.29590911979
Peru,PER,2011,5861.35793645245
Philippines,PHL,2011,2383.91892522087
Palau,PLW,2011,10993.6038613491
Papua New Guinea,PNG,2011,2288.37591141234
Poland,POL,2011,13867.6669408192
Pre-demographic dividend,PRE,2011,1596.90914437848
Puerto Rico (US),PRI,2011,27170.0766543278
Portugal,PRT,2011,23246.5425416481
Paraguay,PRY,2011,5805.40154542925
West Bank and Gaza,PSE,2011,2880.79843707909
Pacific island small states,PSS,2011,3339.33261214487
Post-demographic dividend,PST,2011,42635.8220864603
French Polynesia,PYF,2011,22831.5185348524
Qatar,QAT,2011,103261.510293068
Romania,ROU,2011,9560.6755277458
Russian Federation,RUS,2011,14305.33203125
Rwanda,RWA,2011,651.133677964662
South Asia,SAS,2011,1397.00682550999
Saudi Arabia,SAU,2011,27126.7498747702
Sudan,SDN,2011,1332.6572265625
Senegal,SEN,2011,1374.67591873844
Singapore,SGP,2011,53891.4570264372
Solomon Islands,SLB,2011,1924.05795643133
Sierra Leone,SLE,2011,761.146365577281
El Salvador,SLV,2011,3330.60049486653
San Marino,SMR,2011,55601.3929703047
"Somalia, Fed. Rep.",SOM,2011,235.325945610434
Serbia,SRB,2011,7082.2861666075
Sub-Saharan Africa (excluding high income),SSA,2011,1958.08105419725
South Sudan,SSD,2011,1448.98435006408
Sub-Saharan Africa,SSF,2011,1795.43814856316
Small states,SST,2011,10893.6298369854
Sao Tome and Principe,STP,2011,1219.80189089671
Suriname,SUR,2011,7949.88867218383
Slovak Republic,SVK,2011,18469.4354316836
Slovenia,SVN,2011,24940.6284841605
Sweden,SWE,2011,60379.4814599322
Eswatini,SWZ,2011,4225.06049411911
Sint Maarten (Dutch part),SXM,2011,27317.5178881974
Seychelles,SYC,2011,12110.0937461973
Syrian Arab Republic,SYR,2011,2952.14349372257
Turks and Caicos Islands,TCA,2011,27327.4006354146
Chad,TCD,2011,1308.1421872538
East Asia & Pacific (IDA & IBRD countries),TEA,2011,4970.50535493565
Europe & Central Asia (IDA & IBRD countries),TEC,2011,10028.6545563598
Togo,TGO,2011,783.988944671672
Thailand,THA,2011,5373.6232832898
Tajikistan,TJK,2011,833.601978202852
Turkmenistan,TKM,2011,5143.61929334647
Latin America & the Caribbean (IDA & IBRD countries),TLA,2011,10277.6079254264
Timor-Leste,TLS,2011,939.045238884406
"Middle East, North Africa, Afghanistan & Pakistan (IDA & IBRD)",TMN,2011,3234.88259884042
Tonga,TON,2011,3849.99375750134
South Asia (IDA & IBRD),TSA,2011,1397.00682550999
Sub-Saharan Africa (IDA & IBRD countries),TSS,2011,1795.43814856316
Trinidad and Tobago,TTO,2011,19151.0870229722
Tunisia,TUN,2011,4420.64772206537
Turkiye,TUR,2011,11373.6355760885
Tuvalu,TUV,2011,3636.08139989792
Tanzania,TZA,2011,775.392761230469
Uganda,UGA,2011,835.620060555838
Ukraine,UKR,2011,3656.69799804688
Upper middle income,UMC,2011,6773.01375512825
Uruguay,URY,2011,15132.2675725587
United States,USA,2011,50024.868799398
Uzbekistan,UZB,2011,2087.86386135694
St. Vincent and the Grenadines,VCT,2011,6527.68996854448
"Venezuela, RB",VEN,2011,10843.9229703167
Virgin Islands (U.S.),VIR,2011,38997.1373164651
Viet Nam,VNM,2011,1950.92504174913
Vanuatu,VUT,2011,3163.1861645138
World,WLD,2011,10485.1771943036
Samoa,WSM,2011,3821.50678264479
Kosovo,XKX,2011,3538.94759838576
"Yemen, Rep.",YEM,2011,1186.47500581215
South Africa,ZAF,2011,8646.05571071635
Zambia,ZMB,2011,1624.86817763443
Zimbabwe,ZWE,2011,1037.77565157218
Aruba,ABW,2012,25119.6655449838
Africa Eastern and Southern,AFE,2012,1732.03802145335
Afghanistan,AFG,2012,651.417134470046
Africa Western and Central,AFW,2012,1941.11824321812
Angola,AGO,2012,5702.45306277434
Albania,ALB,2012,4280.93316338873
Andorra,AND,2012,41500.5499988288
Arab World,ARB,2012,7384.10682814613
United Arab Emirates,ARE,2012,53141.6124340099
Argentina,ARG,2012,12949.717486654
Armenia,ARM,2012,3511.56399687426
American Samoa,ASM,2012,11745.4899153958
Antigua and Barbuda,ATG,2012,15639.8078114787
Australia,AUS,2012,68301.4402512587
Austria,AUT,2012,48250.4059142637
Azerbaijan,AZE,2012,7495.86527658099
Burundi,BDI,2012,231.098787811507
Belgium,BEL,2012,44874.1709182123
Benin,BEN,2012,1071.5258366283
Burkina Faso,BFA,2012,731.470138867833
Bangladesh,BGD,2012,859.680536375497
Bulgaria,BGR,2012,7431.95789508871
Bahrain,BHR,2012,26438.6733230428
"Bahamas, The",BHS,2012,28552.0242683151
Bosnia and Herzegovina,BIH,2012,4693.78899115381
Belarus,BLR,2012,6953.21591683101
Belize,BLZ,2012,5732.66519942347
Bermuda,BMU,2012,100213.493385287
Bolivia,BOL,2012,2575.59857098084
Brazil,BRA,2012,12521.7238454434
Barbados,BRB,2012,20804.1150004694
Brunei Darussalam,BRN,2012,46968.5971164922
Bhutan,BTN,2012,2751.2128864294
Botswana,BWA,2012,6595.53845015424
Central African Republic,CAF,2012,544.395849142785
Canada,CAN,2012,52670.3447335415
Central Europe and the Baltics,CEB,2012,13104.066588243
Switzerland,CHE,2012,85836.2076767359
Channel Islands,CHI,2012,58809.5698945413
Chile,CHL,2012,15241.9069981119
China,CHN,2012,6405.0574241349
Cote d'Ivoire,CIV,2012,1546.9460184731
Cameroon,CMR,2012,1449.09874362279
"Congo, Dem. Rep.",COD,2012,409.931424783784
"Congo, Rep.",COG,2012,3732.32737320389
Colombia,COL,2012,8108.59838244229
Comoros,COM,2012,1490.31511351281
Cabo Verde,CPV,2012,3736.81517011087
Costa Rica,CRI,2012,10126.9991024177
Caribbean small states,CSS,2012,14290.6349320102
Cuba,CUB,2012,6470.83673392653
Curacao,CUW,2012,19809.8223170482
Cayman Islands,CYM,2012,75101.5906883232
Cyprus,CYP,2012,28991.935546875
Czechia,CZE,2012,20014.0354015165
Germany,DEU,2012,44718.0159214069
Djibouti,DJI,2012,1400.19357858954
Dominica,DMA,2012,7528.51001990155
Denmark,DNK,2012,58443.7747103968
Dominican Republic,DOM,2012,6013.81965002603
Algeria,DZA,2012,6033.64884689543
East Asia & Pacific (excluding high income),EAP,2012,5434.82527120289
Early-demographic dividend,EAR,2012,3359.13086538369
East Asia & Pacific,EAS,2012,9507.12974075371
Europe & Central Asia (excluding high income),ECA,2012,7093.45607745799
Europe & Central Asia,ECS,2012,25164.7626116947
Ecuador,ECU,2012,5634.08393191094
"Egypt, Arab Rep.",EGY,2012,2996.0677072015
Euro area,EMU,2012,37481.4502473034
Spain,ESP,2012,28456.4438151477
Estonia,EST,2012,17568.2137969714
Ethiopia,ETH,2012,452.101031885754
European Union,EUU,2012,33324.7709896821
Fragile and conflict affected situations,FCS,2012,2233.12675819557
Finland,FIN,2012,47551.6740841369
Fiji,FJI,2012,4341.40338748749
France,FRA,2012,40863.5814412333
Faroe Islands,FRO,2012,50261.9616267693
"Micronesia, Fed. Sts.",FSM,2012,2992.28916099077
Gabon,GAB,2012,9296.96587941088
United Kingdom,GBR,2012,42688.3263728372
Georgia,GEO,2012,4530.69533409431
Ghana,GHA,2012,1543.77524235764
Guinea,GIN,2012,699.353377212197
"Gambia, The",GMB,2012,692.579361628102
Guinea-Bissau,GNB,2012,635.461653303881
Equatorial Guinea,GNQ,2012,17308.5723924575
Greece,GRC,2012,21624.346052551
Grenada,GRD,2012,7092.71985352677
Greenland,GRL,2012,45936.9562817724
Guatemala,GTM,2012,3286.61959336267
Guam,GUM,2012,31653.7506538168
Guyana,GUY,2012,5444.39751913913
High income,HIC,2012,38693.845536167
"Hong Kong SAR, China",HKG,2012,36730.796195815
Honduras,HND,2012,2126.03474686503
Heavily indebted poor countries (HIPC),HPC,2012,881.192621901094
Croatia,HRV,2012,13507.7805260991
Haiti,HTI,2012,1361.39396587374
Hungary,HUN,2012,12950.1594488143
IBRD only,IBD,2012,5617.65268604461
IDA & IBRD total,IBT,2012,4531.17008727409
IDA total,IDA,2012,1263.41124156596
IDA blend,IDB,2012,1844.1586935183
Indonesia,IDN,2012,3632.27254030331
IDA only,IDX,2012,945.581958388053
Isle of Man,IMN,2012,79329.2034347434
India,IND,2012,1429.32199520032
Ireland,IRL,2012,49335.8408099555
"Iran, Islamic Rep.",IRN,2012,8114.08099831877
Iraq,IRQ,2012,6477.59618450955
Iceland,ISL,2012,46594.9869146614
Israel,ISR,2012,33321.4300881602
Italy,ITA,2012,34854.3949441965
Jamaica,JAM,2012,5340.83333232158
Jordan,JOR,2012,4169.50470054618
Japan,JPN,2012,49145.2804308193
Kazakhstan,KAZ,2012,12018.7966527993
Kenya,KEN,2012,1285.00536171512
Kyrgyz Republic,KGZ,2012,1168.62244675446
Cambodia,KHM,2012,1192.80263041673
Kiribati,KIR,2012,1843.55336349889
St. Kitts and Nevis,KNA,2012,17532.0559008608
"Korea, Rep.",KOR,2012,26600.5477433903
Kuwait,KWT,2012,52155.2225833921
Latin America & Caribbean (excluding high income),LAC,2012,9823.2489447351
Lao PDR,LAO,2012,1563.5650771337
Lebanon,LBN,2012,8406.98405608118
Liberia,LBR,2012,638.368751462083
Libya,LBY,2012,14975.8902795144
St. Lucia,LCA,2012,9260.30006551714
Latin America & Caribbean,LCN,2012,10330.3504679629
Least developed countries: UN classification,LDC,2012,947.489031265643
Low income,LIC,2012,773.887672422173
Liechtenstein,LIE,2012,148842.035144342
Sri Lanka,LKA,2012,3327.77613691283
Lower middle income,LMC,2012,1701.13738449151
Low & middle income,LMY,2012,4133.76162366082
Lesotho,LSO,2012,1217.93071228944
Late-demographic dividend,LTE,2012,8073.2094428812
Lithuania,LTU,2012,14288.1853493139
Luxembourg,LUX,2012,112584.676270958
Latvia,LVA,2012,13329.3499931271
"Macao SAR, China",MAC,2012,76058.0224963659
Morocco,MAR,2012,3164.17724609375
Monaco,MCO,2012,165444.651378771
Moldova,MDA,2012,3044.8084324815
Madagascar,MDG,2012,493.511162904211
Maldives,MDV,2012,7461.29703686309
"Middle East, North Africa, Afghanistan & Pakistan",MEA,2012,6048.09249990772
Mexico,MEX,2012,10744.1335242686
Marshall Islands,MHL,2012,3514.26515490383
Middle income,MIC,2012,4424.22119652774
North Macedonia,MKD,2012,5049.8265386157
Mali,MLI,2012,872.506092465564
Malta,MLT,2012,22878.3130866521
Myanmar,MMR,2012,1202.6658960055
"Middle East, North Africa, Afghanistan & Pakistan (excluding high income)",MNA,2012,3412.57302470262
Montenegro,MNE,2012,6552.48071710904
Mongolia,MNG,2012,4328.89001905655
Northern Mariana Islands,MNP,2012,14013.6003306158
Mozambique,MOZ,2012,685.685748199513
Mauritania,MRT,2012,1859.11733247641
Mauritius,MUS,2012,9421.52514098225
Malawi,MWI,2012,558.46208832772
Malaysia,MYS,2012,10600.5744240026
North America,NAC,2012,51812.8921210048
Namibia,NAM,2012,5942.64680978673
New Caledonia,NCL,2012,35559.5672006157
Niger,NER,2012,528.510104469655
Nigeria,NGA,2012,2633.19734671361
Nicaragua,NIC,2012,1784.69836017555
Netherlands,NLD,2012,50473.9442002689
Norway,NOR,2012,102175.919298374
Nepal,NPL,2012,788.202937148377
Nauru,NRU,2012,9842.77032731856
New Zealand,NZL,2012,40053.6991536369
OECD members,OED,2012,37353.4975162109
Oman,OMN,2012,24642.2978768596
Other small states,OSS,2012,11084.1020617547
Pakistan,PAK,2012,1204.36475491585
Panama,PAN,2012,11064.8063662003
Peru,PER,2012,6519.37852981527
Philippines,PHL,2012,2614.61644401308
Palau,PLW,2012,12137.1732239921
Papua New Guinea,PNG,2012,2635.0873631547
Poland,POL,2012,13087.420943321
Pre-demographic dividend,PRE,2012,1686.96007926334
Puerto Rico (US),PRI,2012,27742.024476618
Portugal,PRT,2012,20593.4274224109
Paraguay,PRY,2012,5642.16991672846
West Bank and Gaza,PSE,2012,3067.43872735614
Pacific island small states,PSS,2012,3493.08705679511
Post-demographic dividend,PST,2012,42374.8223653419
French Polynesia,PYF,2012,20846.5457478364
Qatar,QAT,2012,108470.387023229
Romania,ROU,2012,8929.95366231474
Russian Federation,RUS,2012,15401.8515625
Rwanda,RWA,2012,706.817269168561
South Asia,SAS,2012,1387.18205956625
Saudi Arabia,SAU,2012,28733.4375513452
Sudan,SDN,2012,1019.22210693359
Senegal,SEN,2012,1326.83798848379
Singapore,SGP,2012,55547.5553077786
Solomon Islands,SLB,2012,2066.25738638356
Sierra Leone,SLE,2012,937.504428180231
El Salvador,SLV,2012,3497.91256915509
San Marino,SMR,2012,47945.8991734281
"Somalia, Fed. Rep.",SOM,2012,350.261946720512
Serbia,SRB,2012,6263.04086072815
Sub-Saharan Africa (excluding high income),SSA,2012,1970.23745756606
South Sudan,SSD,2012,1109.26050083408
Sub-Saharan Africa,SSF,2012,1817.30125816633
Small states,SST,2012,10844.5207585756
Sao Tome and Principe,STP,2012,1192.0202911189
Suriname,SUR,2012,8851.24050668908
Slovak Republic,SVK,2012,17516.9691054078
Slovenia,SVN,2012,22442.1417859955
Sweden,SWE,2012,57749.5615420853
Eswatini,SWZ,2012,4224.54789174487
Sint Maarten (Dutch part),SXM,2012,28149.0997855041
Seychelles,SYC,2012,12337.1554669388
Syrian Arab Republic,SYR,2012,1897.66115018696
Turks and Caicos Islands,TCA,2012,25923.6156503875
Chad,TCD,2012,1354.34344701937
East Asia & Pacific (IDA & IBRD countries),TEA,2012,5497.15517271917
Europe & Central Asia (IDA & IBRD countries),TEC,2012,10418.3484935481
Togo,TGO,2012,762.39162379069
Thailand,THA,2012,5725.52802835463
Tajikistan,TJK,2012,952.452819695469
Turkmenistan,TKM,2012,6053.8748468749
Latin America & the Caribbean (IDA & IBRD countries),TLA,2012,10263.4820243547
Timor-Leste,TLS,2012,1022.61906675901
"Middle East, North Africa, Afghanistan & Pakistan (IDA & IBRD)",TMN,2012,3414.87165876956
Tonga,TON,2012,4384.17058724217
South Asia (IDA & IBRD),TSA,2012,1387.18205956625
Sub-Saharan Africa (IDA & IBRD countries),TSS,2012,1817.30125816633
Trinidad and Tobago,TTO,2012,20332.1389531925
Tunisia,TUN,2012,4297.26782454273
Turkiye,TUR,2012,11776.7593362033
Tuvalu,TUV,2012,3598.46163091053
Tanzania,TZA,2012,861.969909667969
Uganda,UGA,2012,795.222867553127
Ukraine,UKR,2012,3951.34228515625
Upper middle income,UMC,2012,7166.76033698733
Uruguay,URY,2012,16259.5940814256
United States,USA,2012,51708.4011556577
Uzbekistan,UZB,2012,2307.34649117185
St. Vincent and the Grenadines,VCT,2012,6713.80768643865
"Venezuela, RB",VEN,2012,12607.2361246243
Virgin Islands (U.S.),VIR,2012,37795.3192590675
Viet Nam,VNM,2012,2185.11767654291
Vanuatu,VUT,2012,3004.78416664293
World,WLD,2012,10583.9966715989
Samoa,WSM,2012,3934.60320799981
Kosovo,XKX,2012,3410.65550749316
"Yemen, Rep.",YEM,2012,1245.05068272078
South Africa,ZAF,2012,8076.97678479741
Zambia,ZMB,2012,1710.05061343728
Zimbabwe,ZWE,2012,1239.22709745709
Aruba,ABW,2013,25813.5714408438
Africa Eastern and Southern,AFE,2013,1706.02274412621
Afghanistan,AFG,2013,637.087099117099
Africa Western and Central,AFW,2013,2131.60609132899
Angola,AGO,2013,5688.57916215215
Albania,ALB,2013,4542.92903556739
Andorra,AND,2013,42470.3230369366
Arab World,ARB,2013,7376.02829575498
United Arab Emirates,ARE,2013,53247.2409495441
Argentina,ARG,2013,12963.675773326
Armenia,ARM,2013,3680.16692158886
American Samoa,ASM,2013,11813.5022034589
Antigua and Barbuda,ATG,2013,15051.5113587425
Australia,AUS,2013,68476.6788496118
Austria,AUT,2013,50305.3545774973
Azerbaijan,AZE,2013,7875.34536661549
Burundi,BDI,2013,234.844770150871
Belgium,BEL,2013,46964.5946777056
Benin,BEN,2013,1168.92699279226
Burkina Faso,BFA,2013,759.762065168498
Bangladesh,BGD,2013,958.262989798283
Bulgaria,BGR,2013,7795.98092108928
Bahrain,BHR,2013,26989.7601148469
"Bahamas, The",BHS,2013,27642.7419759179
Bosnia and Herzegovina,BIH,2013,5034.56634817068
Belarus,BLR,2013,7998.0802045456
Belize,BLZ,2013,5957.34953619006
Bermuda,BMU,2013,101704.40746217
Bolivia,BOL,2013,2870.02377000756
Brazil,BRA,2013,12458.8903396625
Barbados,BRB,2013,20410.2065438568
Brunei Darussalam,BRN,2013,44003.0644273461
Bhutan,BTN,2013,2679.95217201538
Botswana,BWA,2013,6666.91219583487
Central African Republic,CAF,2013,364.36696260838
Canada,CAN,2013,52638.1187235237
Central Europe and the Baltics,CEB,2013,13712.6744030811
Switzerland,CHE,2013,87304.3305813557
Channel Islands,CHI,2013,59308.4666588674
Chile,CHL,2013,15683.5486369155
China,CHN,2013,7147.03518622344
Cote d'Ivoire,CIV,2013,1786.15862031324
Cameroon,CMR,2013,1575.92882118897
"Congo, Dem. Rep.",COD,2013,460.370334930107
"Congo, Rep.",COG,2013,3697.41705884249
Colombia,COL,2013,8279.10255642981
Comoros,COM,2013,1603.32797107303
Cabo Verde,CPV,2013,3960.97596791345
Costa Rica,CRI,2013,10803.2401962173
Caribbean small states,CSS,2013,14577.1689272446
Cuba,CUB,2013,6828.36428245396
Curacao,CUW,2013,19721.292182955
Cayman Islands,CYM,2013,75113.7342282813
Cyprus,CYP,2013,27764.73046875
Czechia,CZE,2013,20260.4954999375
Germany,DEU,2013,47206.8353514242
Djibouti,DJI,2013,2075.94498424748
Dominica,DMA,2013,7822.21797211398
Denmark,DNK,2013,61377.5940590412
Dominican Republic,DOM,2013,6136.59429329301
Algeria,DZA,2013,5979.60138960585
East Asia & Pacific (excluding high income),EAP,2013,5952.7689297214
Early-demographic dividend,EAR,2013,3328.41752232259
East Asia & Pacific,EAS,2013,9553.8618750751
Europe & Central Asia (excluding high income),ECA,2013,7667.03397664675
Europe & Central Asia,ECS,2013,26196.108944305
Ecuador,ECU,2013,6109.29031510341
"Egypt, Arab Rep.",EGY,2013,3025.52563552448
Euro area,EMU,2013,39097.5925470426
Spain,ESP,2013,29228.846559842
Estonia,EST,2013,19310.3874900757
Ethiopia,ETH,2013,484.039833104062
European Union,EUU,2013,34804.7281200996
Fragile and conflict affected situations,FCS,2013,2144.21479332186
Finland,FIN,2013,49691.0145200739
Fiji,FJI,2013,4572.44377544245
France,FRA,2013,42669.1795111893
Faroe Islands,FRO,2013,55758.2083680611
"Micronesia, Fed. Sts.",FSM,2013,2893.13437410825
Gabon,GAB,2013,9197.70106323947
United Kingdom,GBR,2013,43606.9837896348
Georgia,GEO,2013,4712.00229382665
Ghana,GHA,2013,2294.79584693743
Guinea,GIN,2013,748.455020824734
"Gambia, The",GMB,2013,653.862713272743
Guinea-Bissau,GNB,2013,654.304534409417
Equatorial Guinea,GNQ,2013,16304.0713196418
Greece,GRC,2013,21573.3449762805
Grenada,GRD,2013,7424.80212287327
Greenland,GRL,2013,47535.4883792376
Guatemala,GTM,2013,3444.15802275864
Guam,GUM,2013,32530.7593121483
Guyana,GUY,2013,5556.91231156932
High income,HIC,2013,39008.3249033591
"Hong Kong SAR, China",HKG,2013,38403.7777145477
Honduras,HND,2013,2081.12843527945
Heavily indebted poor countries (HIPC),HPC,2013,960.685520477941
Croatia,HRV,2013,14134.9474982889
Haiti,HTI,2013,1457.83221179626
Hungary,HUN,2013,13739.4620151401
IBRD only,IBD,2013,5845.60507389183
IDA & IBRD total,IBT,2013,4714.62155942195
IDA total,IDA,2013,1346.32438528916
IDA blend,IDB,2013,1968.08172455739
Indonesia,IDN,2013,3566.60284506078
IDA only,IDX,2013,1005.78892337076
Isle of Man,IMN,2013,83207.6588430451
India,IND,2013,1432.84397512195
Ireland,IRL,2013,52537.6108648692
"Iran, Islamic Rep.",IRN,2013,6222.74194840326
Iraq,IRQ,2013,6650.35282247395
Iceland,ISL,2013,50173.3360061057
Israel,ISR,2013,37034.3161080785
Italy,ITA,2013,35701.6746002376
Jamaica,JAM,2013,5124.21301411137
Jordan,JOR,2013,4311.21916713038
Japan,JPN,2013,40898.6478964744
Kazakhstan,KAZ,2013,13478.459627612
Kenya,KEN,2013,1370.87885214659
Kyrgyz Republic,KGZ,2013,1269.66303464348
Cambodia,KHM,2013,1305.6600972686
Kiribati,KIR,2013,1772.08718317132
St. Kitts and Nevis,KNA,2013,18580.1301949935
"Korea, Rep.",KOR,2013,28449.3591104972
Kuwait,KWT,2013,49651.0439275077
Latin America & Caribbean (excluding high income),LAC,2013,9971.1692721171
Lao PDR,LAO,2013,1812.51774424651
Lebanon,LBN,2013,8162.37929361396
Liberia,LBR,2013,710.744570927863
Libya,LBY,2013,11951.7134126011
St. Lucia,LCA,2013,9577.21733754358
Latin America & Caribbean,LCN,2013,10306.1195798788
Least developed countries: UN classification,LDC,2013,1006.9873103895
Low income,LIC,2013,772.500259604632
Liechtenstein,LIE,2013,172823.607794648
Sri Lanka,LKA,2013,3739.43181100202
Lower middle income,LMC,2013,1769.94084181484
Low & middle income,LMY,2013,4330.27496489931
Lesotho,LSO,2013,1151.03735837227
Late-demographic dividend,LTE,2013,8644.25761540222
Lithuania,LTU,2013,15636.5252586048
Luxembourg,LUX,2013,120000.140729859
Latvia,LVA,2013,14484.4715282132
"Macao SAR, China",MAC,2013,87107.8313063626
Morocco,MAR,2013,3379.7431640625
Monaco,MCO,2013,184940.663804718
Moldova,MDA,2013,3321.04397795719
Madagascar,MDG,2013,515.301589361832
Maldives,MDV,2013,8236.08177944126
"Middle East, North Africa, Afghanistan & Pakistan",MEA,2013,5866.59647635813
Mexico,MEX,2013,11216.8008505428
Marshall Islands,MHL,2013,3677.90690791421
Middle income,MIC,2013,4641.4999159695
North Macedonia,MKD,2013,5626.26115664893
Mali,MLI,2013,901.920957644831
Malta,MLT,2013,25415.5566867731
Myanmar,MMR,2013,1199.09561597055
"Middle East, North Africa, Afghanistan & Pakistan (excluding high income)",MNA,2013,3148.36412420635
Montenegro,MNE,2013,7102.77882895852
Mongolia,MNG,2013,4340.14310544449
Northern Mariana Islands,MNP,2013,14632.8518897608
Mozambique,MOZ,2013,686.505672517351
Mauritania,MRT,2013,1934.24103064714
Mauritius,MUS,2013,9877.13865958834
Malawi,MWI,2013,496.947368267313
Malaysia,MYS,2013,10713.6407638899
North America,NAC,2013,53133.8537338421
Namibia,NAM,2013,5346.62131149967
New Caledonia,NCL,2013,36671.1566752621
Niger,NER,2013,552.103334363117
Nigeria,NGA,2013,2872.79083379398
Nicaragua,NIC,2013,1835.43996363715
Netherlands,NLD,2013,52602.2860520766
Norway,NOR,2013,103553.840134417
Nepal,NPL,2013,803.269595420477
Nauru,NRU,2013,8974.51886874433
New Zealand,NZL,2013,43000.4646849189
OECD members,OED,2013,37640.7879025687
Oman,OMN,2013,23458.0233840053
Other small states,OSS,2013,11421.795928003
Pakistan,PAK,2013,1225.4340119198
Panama,PAN,2013,12273.3224983788
Peru,PER,2013,6746.80025696601
Philippines,PHL,2013,2781.27957677397
Palau,PLW,2013,12698.9240118945
Papua New Guinea,PNG,2013,2560.77458976327
Poland,POL,2013,13621.9023794031
Pre-demographic dividend,PRE,2013,1796.00337097112
Puerto Rico (US),PRI,2013,28212.0499737431
Portugal,PRT,2013,21676.4859642714
Paraguay,PRY,2013,6435.68342733004
West Bank and Gaza,PSE,2013,3315.29753909282
Pacific island small states,PSS,2013,3584.6215764592
Post-demographic dividend,PST,2013,42643.099618304
French Polynesia,PYF,2013,21955.6329264095
Qatar,QAT,2013,103697.062789144
Romania,ROU,2013,9497.67411615237
Russian Federation,RUS,2013,15941.4482421875
Rwanda,RWA,2013,704.92421851123
South Asia,SAS,2013,1405.8407235793
Saudi Arabia,SAU,2013,27865.465604962
Sudan,SDN,2013,1138.62780761719
Senegal,SEN,2013,1379.83196553924
Singapore,SGP,2013,56967.4257940383
Solomon Islands,SLB,2013,2161.38627543917
Sierra Leone,SLE,2013,1117.47183075115
El Salvador,SLV,2013,3582.26694005169
San Marino,SMR,2013,50807.8289138024
"Somalia, Fed. Rep.",SOM,2013,393.398703952979
Serbia,SRB,2013,7040.41812068781
Sub-Saharan Africa (excluding high income),SSA,2013,2035.63571636535
South Sudan,SSD,2013,1650.18943353528
Sub-Saharan Africa,SSF,2013,1879.5587312692
Small states,SST,2013,11132.3602165915
Sao Tome and Principe,STP,2013,1382.5757842916
Suriname,SUR,2013,9043.19281529222
Slovak Republic,SVK,2013,18312.7805149823
Slovenia,SVN,2013,23236.9655321695
Sweden,SWE,2013,60843.9888799369
Eswatini,SWZ,2013,3949.94310039907
Sint Maarten (Dutch part),SXM,2013,28529.7324687053
Seychelles,SYC,2013,14821.2921476077
Syrian Arab Republic,SYR,2013,985.892669227054
Turks and Caicos Islands,TCA,2013,25653.819867471
Chad,TCD,2013,1304.88742971475
East Asia & Pacific (IDA & IBRD countries),TEA,2013,6020.72398510662
Europe & Central Asia (IDA & IBRD countries),TEC,2013,10965.2487116486
Togo,TGO,2013,826.542799987227
Thailand,THA,2013,6018.08244729255
Tajikistan,TJK,2013,1028.19704279396
Turkmenistan,TKM,2013,6599.64529055481
Latin America & the Caribbean (IDA & IBRD countries),TLA,2013,10231.0823830522
Timor-Leste,TLS,2013,1204.56843320518
"Middle East, North Africa, Afghanistan & Pakistan (IDA & IBRD)",TMN,2013,3147.24679176234
Tonga,TON,2013,4219.24670113014
South Asia (IDA & IBRD),TSA,2013,1405.8407235793
Sub-Saharan Africa (IDA & IBRD countries),TSS,2013,1879.55873126921
Trinidad and Tobago,TTO,2013,21304.9777496628
Tunisia,TUN,2013,4369.79345826358
Turkiye,TUR,2013,12635.5570016068
Tuvalu,TUV,2013,3510.21640142483
Tanzania,TZA,2013,963.05712890625
Uganda,UGA,2013,818.285427416713
Ukraine,UKR,2013,4129.89697265625
Upper middle income,UMC,2013,7553.62352185493
Uruguay,URY,2013,18335.2594772322
United States,USA,2013,53179.0127634561
Uzbekistan,UZB,2013,2461.97947403595
St. Vincent and the Grenadines,VCT,2013,7072.46737188939
"Venezuela, RB",VEN,2013,8656.35669723668
Virgin Islands (U.S.),VIR,2013,34597.9766940328
Viet Nam,VNM,2013,2359.51736472828
Vanuatu,VUT,2013,2979.79608084399
World,WLD,2013,10739.8911620948
Samoa,WSM,2013,4023.5254013825
Kosovo,XKX,2013,3704.55872781672
"Yemen, Rep.",YEM,2013,1378.75002954928
South Africa,ZAF,2013,7331.65467384919
Zambia,ZMB,2013,1820.71854827391
Zimbabwe,ZWE,2013,1362.99498323368
Aruba,ABW,2014,26129.8390617693
Africa Eastern and Southern,AFE,2014,1690.16679245944
Afghanistan,AFG,2014,625.054941813938
Africa Western and Central,AFW,2014,2221.35033761012
Angola,AGO,2014,5649.68762469139
Albania,ALB,2014,4793.59751131525
Andorra,AND,2014,44369.6712976777
Arab World,ARB,2014,7338.35092727915
United Arab Emirates,ARE,2014,52725.2358407934
Argentina,ARG,2014,12233.1444119186
Armenia,ARM,2014,3852.11800610384
American Samoa,ASM,2014,12026.3344929488
Antigua and Barbuda,ATG,2014,15532.1062063584
Australia,AUS,2014,62817.2061751737
Austria,AUT,2014,51314.9722616322
Azerbaijan,AZE,2014,7890.84028062087
Burundi,BDI,2014,250.544492155185
Belgium,BEL,2014,47995.7786961339
Benin,BEN,2014,1204.39918670094
Burkina Faso,BFA,2014,764.861675106225
Bangladesh,BGD,2014,1094.46199702838
Bulgaria,BGR,2014,8069.60005667684
Bahrain,BHR,2014,26451.7965647453
"Bahamas, The",BHS,2014,29137.2175632622
Bosnia and Herzegovina,BIH,2014,5206.06573475132
Belarus,BLR,2014,8341.31809294883
Belize,BLZ,2014,6128.12053089077
Bermuda,BMU,2014,100961.576602811
Bolivia,BOL,2014,3041.43503162408
Brazil,BRA,2014,12274.9941630213
Barbados,BRB,2014,20192.7084081797
Brunei Darussalam,BRN,2014,41026.5084247957
Bhutan,BTN,2014,2849.49998647303
Botswana,BWA,2014,7122.36423421503
Central African Republic,CAF,2014,409.8504859647
Canada,CAN,2014,50960.8431174661
Central Europe and the Baltics,CEB,2014,14208.4090786575
Switzerland,CHE,2014,88724.9909402638
Channel Islands,CHI,2014,64697.5485024325
Chile,CHL,2014,14529.6767206336
China,CHN,2014,7781.06597484974
Cote d'Ivoire,CIV,2014,1991.36539423404
Cameroon,CMR,2014,1649.4433905949
"Congo, Dem. Rep.",COD,2014,489.175952097319
"Congo, Rep.",COG,2014,3601.2365808718
Colombia,COL,2014,8187.20824890084
Comoros,COM,2014,1615.71723662012
Cabo Verde,CPV,2014,3985.60706548134
Costa Rica,CRI,2014,10911.497878334
Caribbean small states,CSS,2014,14947.9426963116
Cuba,CUB,2014,7146.70459051328
Curacao,CUW,2014,19623.0300713664
Cayman Islands,CYM,2014,75845.3055572577
Cyprus,CYP,2014,26993.103515625
Czechia,CZE,2014,20038.4163180257
Germany,DEU,2014,48959.5991203133
Djibouti,DJI,2014,2214.62084142432
Dominica,DMA,2014,8131.74876096735
Denmark,DNK,2014,62520.4509747011
Dominican Republic,DOM,2014,6496.45166971142
Algeria,DZA,2014,6094.69392314956
East Asia & Pacific (excluding high income),EAP,2014,6373.64846984799
Early-demographic dividend,EAR,2014,3347.32555792556
East Asia & Pacific,EAS,2014,9793.53363771993
Europe & Central Asia (excluding high income),ECA,2014,7290.90050313923
Europe & Central Asia,ECS,2014,26473.6213384574
Ecuador,ECU,2014,6405.79979300441
"Egypt, Arab Rep.",EGY,2014,3133.39102265541
Euro area,EMU,2014,39979.3009314013
Spain,ESP,2014,29707.765509467
Estonia,EST,2014,20581.7898991695
Ethiopia,ETH,2014,549.986577082588
European Union,EUU,2014,35590.1004559069
Fragile and conflict affected situations,FCS,2014,2051.54643733895
Finland,FIN,2014,50073.7760815871
Fiji,FJI,2014,5293.35676680464
France,FRA,2014,43148.0459288416
Faroe Islands,FRO,2014,60172.0632541664
"Micronesia, Fed. Sts.",FSM,2014,2896.73082002714
Gabon,GAB,2014,9201.36276648105
United Kingdom,GBR,2014,47746.2421759562
Georgia,GEO,2014,4830.33486170249
Ghana,GHA,2014,1949.90832923846
Guinea,GIN,2014,765.146999389279
"Gambia, The",GMB,2014,568.00453558864
Guinea-Bissau,GNB,2014,652.022501029449
Equatorial Guinea,GNQ,2014,15548.6624656619
Greece,GRC,2014,21474.7257123892
Grenada,GRD,2014,7986.33421210788
Greenland,GRL,2014,50485.2244135291
Guatemala,GTM,2014,3689.14510410202
Guam,GUM,2014,33900.1486530583
Guyana,GUY,2014,5472.68820452237
High income,HIC,2014,39447.7093246608
"Hong Kong SAR, China",HKG,2014,40315.3739510191
Honduras,HND,2014,2179.88171977271
Heavily indebted poor countries (HIPC),HPC,2014,986.983783219797
Croatia,HRV,2014,14186.7295493276
Haiti,HTI,2014,1460.18898613914
Hungary,HUN,2014,14352.501883174
IBRD only,IBD,2014,5949.31912012409
IDA & IBRD total,IBT,2014,4801.77950721902
IDA total,IDA,2014,1419.34391837187
IDA blend,IDB,2014,2095.07253994271
Indonesia,IDN,2014,3441.06808464008
IDA only,IDX,2014,1049.32649145285
Isle of Man,IMN,2014,91885.4528718026
India,IND,2014,1553.88396075118
Ireland,IRL,2014,57214.5379785709
"Iran, Islamic Rep.",IRN,2014,5672.06372896319
Iraq,IRQ,2014,6249.39226978969
Iceland,ISL,2014,55140.364935793
Israel,ISR,2014,38343.3046626235
Italy,ITA,2014,36028.3494022349
Jamaica,JAM,2014,4975.11325459872
Jordan,JOR,2014,4191.18050084986
Japan,JPN,2014,38475.3952461838
Kazakhstan,KAZ,2014,12427.7094576939
Kenya,KEN,2014,1482.81566253497
Kyrgyz Republic,KGZ,2014,1264.52668823891
Cambodia,KHM,2014,1431.56396469993
Kiribati,KIR,2014,1736.70535682101
St. Kitts and Nevis,KNA,2014,20219.3954237956
"Korea, Rep.",KOR,2014,30667.0912467447
Kuwait,KWT,2014,44368.7813457751
Latin America & Caribbean (excluding high income),LAC,2014,9905.72193520855
Lao PDR,LAO,2014,1981.03910900473
Lebanon,LBN,2014,7577.6413302369
Liberia,LBR,2014,706.714490064507
Libya,LBY,2014,8926.42074591474
St. Lucia,LCA,2014,10044.8218377677
Latin America & Caribbean,LCN,2014,10145.7982098874
Least developed countries: UN classification,LDC,2014,1056.46705317141
Low income,LIC,2014,794.990235916855
Liechtenstein,LIE,2014,178735.153020908
Sri Lanka,LKA,2014,3972.04375736464
Lower middle income,LMC,2014,1881.19816238537
Low & middle income,LMY,2014,4472.91557836283
Lesotho,LSO,2014,1173.5377928819
Late-demographic dividend,LTE,2014,8923.25728818124
Lithuania,LTU,2014,16446.1647181663
Luxembourg,LUX,2014,123678.702143275
Latvia,LVA,2014,15185.814581236
"Macao SAR, China",MAC,2014,88355.3181764446
St. Martin (French part),MAF,2014,20638.7705882379
Morocco,MAR,2014,3435.40698242188
Monaco,MCO,2014,195693.570738894
Moldova,MDA,2014,3289.95758568777
Madagascar,MDG,2014,505.684922503435
Maldives,MDV,2014,8939.07416571472
"Middle East, North Africa, Afghanistan & Pakistan",MEA,2014,5810.23874019206
Mexico,MEX,2014,11391.3773497683
Marshall Islands,MHL,2014,3735.23977829545
Middle income,MIC,2014,4798.48322756442
North Macedonia,MKD,2014,5925.38592218015
Mali,MLI,2014,947.915033288325
Malta,MLT,2014,27424.5765646694
Myanmar,MMR,2014,1293.00042319714
"Middle East, North Africa, Afghanistan & Pakistan (excluding high income)",MNA,2014,3073.79994256301
Montenegro,MNE,2014,7342.17339453427
Mongolia,MNG,2014,4126.23975800524
Northern Mariana Islands,MNP,2014,15945.417608954
Mozambique,MOZ,2014,697.142680444123
Mauritania,MRT,2014,1713.00865264234
Mauritius,MUS,2014,10490.3315563853
Malawi,MWI,2014,529.5133440206
Malaysia,MYS,2014,11013.3107334403
North America,NAC,2014,54580.8673039295
Namibia,NAM,2014,5378.32326241205
New Caledonia,NCL,2014,37816.9558599295
Niger,NER,2014,565.30989731175
Nigeria,NGA,2014,3088.72131316169
Nicaragua,NIC,2014,1958.37047579547
Netherlands,NLD,2014,53457.2234864322
Norway,NOR,2014,97666.6951838749
Nepal,NPL,2014,821.455224911731
Nauru,NRU,2014,9230.05440328927
New Zealand,NZL,2014,44618.266973847
OECD members,OED,2014,38191.0527518506
Oman,OMN,2014,23160.6502252547
Other small states,OSS,2014,11682.6165859401
Pakistan,PAK,2014,1266.61340849959
Panama,PAN,2014,13213.1989591137
Peru,PER,2014,6667.13410360861
Philippines,PHL,2014,2866.83803761407
Palau,PLW,2014,13863.4544155068
Papua New Guinea,PNG,2014,2723.17529825196
Poland,POL,2014,14262.2841914116
Pre-demographic dividend,PRE,2014,1848.07094913552
Puerto Rico (US),PRI,2014,28576.0988023209
Portugal,PRT,2014,22120.6850127107
Paraguay,PRY,2014,6652.25478942461
West Bank and Gaza,PSE,2014,3352.11259506043
Pacific island small states,PSS,2014,3846.91150223659
Post-demographic dividend,PST,2014,43322.2029738924
French Polynesia,PYF,2014,22258.6321384251
Qatar,QAT,2014,95840.6898934238
Romania,ROU,2014,10031.7710755404
Russian Federation,RUS,2014,14055.47265625
Rwanda,RWA,2014,724.957526520906
South Asia,SAS,2014,1528.49208733408
Saudi Arabia,SAU,2014,27805.4850319422
Sudan,SDN,2014,1275.43835449219
Senegal,SEN,2014,1398.89137601382
Singapore,SGP,2014,57564.8023114977
Solomon Islands,SLB,2014,2164.95289873002
Sierra Leone,SLE,2014,1117.7586465721
El Salvador,SLV,2014,3666.01248913873
San Marino,SMR,2014,51260.4938347125
"Somalia, Fed. Rep.",SOM,2014,429.431656725102
Serbia,SRB,2014,6886.67809068704
Sub-Saharan Africa (excluding high income),SSA,2014,2058.4331234679
South Sudan,SSD,2014,1242.73450181032
Sub-Saharan Africa,SSF,2014,1906.79596971017
Small states,SST,2014,11413.5892863022
Sao Tome and Principe,STP,2014,1489.67633417608
Suriname,SUR,2014,9108.18905406764
Slovak Republic,SVK,2014,18770.9289896545
Slovenia,SVN,2014,24013.0682060959
Sweden,SWE,2014,59583.4584491714
Eswatini,SWZ,2014,3771.07228381938
Sint Maarten (Dutch part),SXM,2014,37134.912423099
Seychelles,SYC,2014,15188.1902175113
Syrian Arab Republic,SYR,2014,1060.59105886854
Turks and Caicos Islands,TCA,2014,27292.5820256776
Chad,TCD,2014,1278.78981422494
East Asia & Pacific (IDA & IBRD countries),TEA,2014,6446.13612359241
Europe & Central Asia (IDA & IBRD countries),TEC,2014,10307.2242685414
Togo,TGO,2014,855.584809246574
Thailand,THA,2014,5801.1978916205
Tajikistan,TJK,2014,1081.54402932039
Turkmenistan,TKM,2014,7164.14536184006
Latin America & the Caribbean (IDA & IBRD countries),TLA,2014,10058.6664815872
Timor-Leste,TLS,2014,1224.74956308733
"Middle East, North Africa, Afghanistan & Pakistan (IDA & IBRD)",TMN,2014,3071.92771988993
Tonga,TON,2014,4136.59013792529
South Asia (IDA & IBRD),TSA,2014,1528.49208733408
Sub-Saharan Africa (IDA & IBRD countries),TSS,2014,1906.79596971017
Trinidad and Tobago,TTO,2014,21908.3014555644
Tunisia,TUN,2014,4458.97895464547
Turkiye,TUR,2014,12209.3862327674
Tuvalu,TUV,2014,3528.85858102782
Tanzania,TZA,2014,1022.74841308594
Uganda,UGA,2014,896.054795546394
Ukraine,UKR,2014,3054.908203125
Upper middle income,UMC,2014,7778.57802636616
Uruguay,URY,2014,18322.4276767157
United States,USA,2014,54973.4207515712
Uzbekistan,UZB,2014,2674.9628382103
St. Vincent and the Grenadines,VCT,2014,7168.82875342911
"Venezuela, RB",VEN,2014,7096.22047105512
Virgin Islands (U.S.),VIR,2014,33045.3643795999
Viet Nam,VNM,2014,2546.38464459903
Vanuatu,VUT,2014,2973.09026493408
World,WLD,2014,10885.7966024868
Samoa,WSM,2014,3982.68080202084
Kosovo,XKX,2014,3902.49424360946
"Yemen, Rep.",YEM,2014,1430.16420964026
South Africa,ZAF,2014,6856.73137092522
Zambia,ZMB,2014,1707.48573136694
Zimbabwe,ZWE,2014,1372.91526173161
Aruba,ABW,2015,27458.2201537506
Africa Eastern and Southern,AFE,2015,1498.8752400759
Afghanistan,AFG,2015,565.569730408751
Africa Western and Central,AFW,2015,1860.72768628324
Angola,AGO,2015,3641.72893919944
Albania,ALB,2015,4199.53912925398
Andorra,AND,2015,38654.95287916
Arab World,ARB,2015,6290.55879501691
United Arab Emirates,ARE,2015,44910.334995523
Argentina,ARG,2015,13679.6264980954
Armenia,ARM,2015,3512.39350276709
American Samoa,ASM,2015,12727.4102651386
Antigua and Barbuda,ATG,2015,16077.6340769406
Australia,AUS,2015,56970.3613028094
Austria,AUT,2015,43915.228020857
Azerbaijan,AZE,2015,5500.50364628486
Burundi,BDI,2015,254.402585226788
Belgium,BEL,2015,40893.804537772
Benin,BEN,2015,1002.41886879614
Burkina Faso,BFA,2015,630.124750752312
Bangladesh,BGD,2015,1224.38647668165
Bulgaria,BGR,2015,7268.65445473873
Bahrain,BHR,2015,23734.0551143019
"Bahamas, The",BHS,2015,30719.405417469
Bosnia and Herzegovina,BIH,2015,4662.25869219448
Belarus,BLR,2015,5967.05595058777
Belize,BLZ,2015,6154.62264230369
Bermuda,BMU,2015,104855.366822135
Bolivia,BOL,2015,2996.01289811344
Brazil,BRA,2015,8936.1955889444
Barbados,BRB,2015,20424.2087530019
Brunei Darussalam,BRN,2015,30625.1287744656
Bhutan,BTN,2015,2954.04081911097
Botswana,BWA,2015,6141.20394726616
Central African Republic,CAF,2015,366.322853938121
Canada,CAN,2015,43594.1941045394
Central Europe and the Baltics,CEB,2015,12596.8862547468
Switzerland,CHE,2015,83806.4476003837
Channel Islands,CHI,2015,61847.8212238857
Chile,CHL,2015,13433.9202987032
China,CHN,2015,8175.33285077393
Cote d'Ivoire,CIV,2015,1814.71855088017
Cameroon,CMR,2015,1415.00009710569
"Congo, Dem. Rep.",COD,2015,495.826633014883
"Congo, Rep.",COG,2015,2439.35189403696
Colombia,COL,2015,6248.51490534512
Comoros,COM,2015,1329.37048235986
Cabo Verde,CPV,2015,3415.06266730931
Costa Rica,CRI,2015,11714.7105980732
Caribbean small states,CSS,2015,14497.5393236017
Cuba,CUB,2015,7727.91997207998
Curacao,CUW,2015,19361.8129630226
Cayman Islands,CYM,2015,76379.2098777987
Cyprus,CYP,2015,23088.44140625
Czechia,CZE,2015,17931.5987670768
Germany,DEU,2015,41929.7549110722
Djibouti,DJI,2015,2376.12554719873
Dominica,DMA,2015,8282.59874702141
Denmark,DNK,2015,53094.0133607574
Dominican Republic,DOM,2015,6800.95309395474
Algeria,DZA,2015,4685.05902729002
East Asia & Pacific (excluding high income),EAP,2015,6589.77076427461
Early-demographic dividend,EAR,2015,3174.36962020929
East Asia & Pacific,EAS,2015,9691.70576095154
Europe & Central Asia (excluding high income),ECA,2015,6291.45594655745
Europe & Central Asia,ECS,2015,22702.8228380066
Ecuador,ECU,2015,5976.1596805651
"Egypt, Arab Rep.",EGY,2015,3306.98159414141
Euro area,EMU,2015,34471.1747135027
Spain,ESP,2015,25982.4416197775
Estonia,EST,2015,17722.1557669523
Ethiopia,ETH,2015,597.912113218663
European Union,EUU,2015,30771.6568591261
Fragile and conflict affected situations,FCS,2015,1663.16200127279
Finland,FIN,2015,42560.3456767103
Fiji,FJI,2015,5097.53106864695
France,FRA,2015,36702.4323733379
Faroe Islands,FRO,2015,52637.1903526574
"Micronesia, Fed. Sts.",FSM,2015,2853.07643587028
Gabon,GAB,2015,7047.12654634355
United Kingdom,GBR,2015,45255.3449216209
Georgia,GEO,2015,4086.6223465965
Ghana,GHA,2015,1722.77282833606
Guinea,GIN,2015,747.356966759448
"Gambia, The",GMB,2015,619.536364296461
Guinea-Bissau,GNB,2015,645.066837207039
Equatorial Guinea,GNQ,2015,9068.91003238645
Greece,GRC,2015,17980.7298238137
Grenada,GRD,2015,8694.12438005692
Greenland,GRL,2015,44536.3549705377
Guatemala,GTM,2015,3893.50533299068
Guam,GUM,2015,35165.7014644795
Guyana,GUY,2015,5640.41560569466
High income,HIC,2015,36586.4346902662
"Hong Kong SAR, China",HKG,2015,42432.1619740441
Honduras,HND,2015,2271.20265980349
Heavily indebted poor countries (HIPC),HPC,2015,917.296109229182
Croatia,HRV,2015,12283.7840620053
Haiti,HTI,2015,1411.12684746796
Hungary,HUN,2015,12782.9412577973
IBRD only,IBD,2015,5546.04775275527
IDA & IBRD total,IBT,2015,4474.43525326247
IDA total,IDA,2015,1350.30758062231
IDA blend,IDB,2015,1947.85246838642
Indonesia,IDN,2015,3288.22269725538
IDA only,IDX,2015,1023.43894668408
Isle of Man,IMN,2015,84753.5187422732
India,IND,2015,1583.99815907985
Ireland,IRL,2015,64250.1385181257
"Iran, Islamic Rep.",IRN,2015,4952.73355532178
Iraq,IRQ,2015,4440.14189252367
Iceland,ISL,2015,53505.6964079339
Israel,ISR,2015,36213.1041481958
Italy,ITA,2015,30639.8829751432
Jamaica,JAM,2015,5339.30718256806
Jordan,JOR,2015,4042.75678097555
Japan,JPN,2015,34960.6393843385
Kazakhstan,KAZ,2015,10196.1226255982
Kenya,KEN,2015,1489.11959777284
Kyrgyz Republic,KGZ,2015,1105.65193844261
Cambodia,KHM,2015,1547.32010444393
Kiribati,KIR,2015,1639.85274740652
St. Kitts and Nevis,KNA,2015,20328.8003530109
"Korea, Rep.",KOR,2015,30171.7906545222
Kuwait,KWT,2015,29882.2126495698
Latin America & Caribbean (excluding high income),LAC,2015,8308.73911709951
Lao PDR,LAO,2015,2121.01339097363
Lebanon,LBN,2015,7714.1099998804
Liberia,LBR,2015,692.590082351257
Libya,LBY,2015,7458.48917756374
St. Lucia,LCA,2015,10334.9860823918
Latin America & Caribbean,LCN,2015,8547.2373391789
Least developed countries: UN classification,LDC,2015,982.894810600519
Low income,LIC,2015,740.889503942237
Liechtenstein,LIE,2015,167187.15730982
Sri Lanka,LKA,2015,4057.7158346231
Lower middle income,LMC,2015,1848.28029294397
Low & middle income,LMY,2015,4284.85686298442
Lesotho,LSO,2015,1121.19851342518
Late-demographic dividend,LTE,2015,8331.63270803563
Lithuania,LTU,2015,14269.8039878287
Luxembourg,LUX,2015,105462.012584423
Latvia,LVA,2015,13321.9753140616
"Macao SAR, China",MAC,2015,69902.9605741233
Morocco,MAR,2015,3146.24780273438
Monaco,MCO,2015,170437.101188261
Moldova,MDA,2015,2749.55137054338
Madagascar,MDG,2015,445.320069480568
Maldives,MDV,2015,9644.90655028145
"Middle East, North Africa, Afghanistan & Pakistan",MEA,2015,5125.68064083245
Mexico,MEX,2015,10021.2386118827
Marshall Islands,MHL,2015,3764.34426229508
Middle income,MIC,2015,4602.51682691609
North Macedonia,MKD,2015,5262.68671928674
Mali,MLI,2015,838.11986940103
Malta,MLT,2015,25529.6813337717
Myanmar,MMR,2015,1166.73305547935
"Middle East, North Africa, Afghanistan & Pakistan (excluding high income)",MNA,2015,2802.63134980954
Montenegro,MNE,2015,6421.00307345999
Mongolia,MNG,2015,3838.92126989984
Northern Mariana Islands,MNP,2015,17665.1007493109
Mozambique,MOZ,2015,610.563774706589
Mauritania,MRT,2015,1554.94897871782
Mauritius,MUS,2015,9630.5437837507
Malawi,MWI,2015,539.605363240686
Malaysia,MYS,2015,9648.6797937523
North America,NAC,2015,55285.5686917861
Namibia,NAM,2015,4774.10650865775
New Caledonia,NCL,2015,30858.7237060533
Niger,NER,2015,485.662574175279
Nigeria,NGA,2015,2585.73360671797
Nicaragua,NIC,2015,2074.45620634731
Netherlands,NLD,2015,45793.8135434697
Norway,NOR,2015,74809.9658049898
Nepal,NPL,2015,875.543635474862
Nauru,NRU,2015,7747.25584993607
New Zealand,NZL,2015,38665.3723018158
OECD members,OED,2015,35779.9123271942
Oman,OMN,2015,18808.3077921839
Other small states,OSS,2015,10359.1182462574
Pakistan,PAK,2015,1380.47020838317
Panama,PAN,2015,14082.6548434996
Peru,PER,2015,6231.71150338894
Philippines,PHL,2015,2909.85818010301
Palau,PLW,2015,16154.0532152373
Papua New Guinea,PNG,2015,2484.5963398603
Poland,POL,2015,12637.5220324406
Pre-demographic dividend,PRE,2015,1524.98608713796
Puerto Rico (US),PRI,2015,29242.041465085
Portugal,PRT,2015,19215.7813014347
Paraguay,PRY,2015,5879.33792308762
West Bank and Gaza,PSE,2015,3272.15432360708
Pacific island small states,PSS,2015,3722.7745565917
Post-demographic dividend,PST,2015,40775.9479386213
French Polynesia,PYF,2015,19166.9594761931
Qatar,QAT,2015,68985.2433380102
Romania,ROU,2015,8977.01748158196
Russian Federation,RUS,2015,9277.7138671875
Rwanda,RWA,2015,733.998629882494
South Asia,SAS,2015,1570.54142462917
Saudi Arabia,SAU,2015,23256.1549553531
Sudan,SDN,2015,1292.37963867188
Senegal,SEN,2015,1218.00613555438
Singapore,SGP,2015,55645.6068614606
Solomon Islands,SLB,2015,2045.47721526649
Sierra Leone,SLE,2015,964.575980888989
El Salvador,SLV,2015,3790.34089108162
San Marino,SMR,2015,43146.8240435428
"Somalia, Fed. Rep.",SOM,2015,445.583080073396
Serbia,SRB,2015,5820.3215576888
Sub-Saharan Africa (excluding high income),SSA,2015,1763.27463036367
South Sudan,SSD,2015,1080.14718624765
Sub-Saharan Africa,SSF,2015,1646.44941139316
Small states,SST,2015,10446.850341907
Sao Tome and Principe,STP,2015,1298.10946596396
Suriname,SUR,2015,8813.61705392067
Slovak Republic,SVK,2015,16442.0760860018
Slovenia,SVN,2015,20697.2748530619
Sweden,SWE,2015,51188.1652120493
Eswatini,SWZ,2015,3419.82276559528
Sint Maarten (Dutch part),SXM,2015,37839.6283815163
Seychelles,SYC,2015,15333.1051727105
Syrian Arab Republic,SYR,2015,847.731631942565
Turks and Caicos Islands,TCA,2015,29457.0140691162
Chad,TCD,2015,993.990730610869
East Asia & Pacific (IDA & IBRD countries),TEA,2015,6664.48834577557
Europe & Central Asia (IDA & IBRD countries),TEC,2015,8009.61874995558
Togo,TGO,2015,751.051987587248
Thailand,THA,2015,5688.85335397884
Tajikistan,TJK,2015,956.916310930656
Turkmenistan,TKM,2015,5759.497903834
Latin America & the Caribbean (IDA & IBRD countries),TLA,2015,8404.37747196218
Timor-Leste,TLS,2015,1319.59295003154
"Middle East, North Africa, Afghanistan & Pakistan (IDA & IBRD)",TMN,2015,2799.45441811583
Tonga,TON,2015,4123.90323993332
South Asia (IDA & IBRD),TSA,2015,1570.54142462917
Sub-Saharan Africa (IDA & IBRD countries),TSS,2015,1646.44941139316
Trinidad and Tobago,TTO,2015,19887.2327716498
Tunisia,TUN,2015,4014.94773686432
Turkiye,TUR,2015,11064.6494504662
Tuvalu,TUV,2015,3357.83417700071
Tanzania,TZA,2015,939.127319335938
Uganda,UGA,2015,862.934610355811
Ukraine,UKR,2015,2094.47387695313
Upper middle income,UMC,2015,7435.76486473308
Uruguay,URY,2015,17125.9016800298
United States,USA,2015,56572.9188996063
Uzbekistan,UZB,2015,2803.19018021751
St. Vincent and the Grenadines,VCT,2015,7353.73556054184
"Venezuela, RB",VEN,2015,4103.1384987005
Virgin Islands (U.S.),VIR,2015,34007.3529411765
Viet Nam,VNM,2015,2577.56885340113
Vanuatu,VUT,2015,2854.89412272653
World,WLD,2015,10161.9445773234
Samoa,WSM,2015,4084.36083819933
Kosovo,XKX,2015,3520.62850699375
"Yemen, Rep.",YEM,2015,1362.1738120601
South Africa,ZAF,2015,6112.27382485974
Zambia,ZMB,2015,1295.87788680068
Zimbabwe,ZWE,2015,1387.12632595026
Aruba,ABW,2016,27441.5502144601
Africa Eastern and Southern,AFE,2016,1334.47050032928
Afghanistan,AFG,2016,522.082215583898
Africa Western and Central,AFW,2016,1630.03943895258
Angola,AGO,2016,2051.81462126253
Albania,ALB,2016,4457.63412207495
Andorra,AND,2016,40129.8385811474
Arab World,ARB,2016,6042.19675439671
United Arab Emirates,ARE,2016,42721.0999383185
Argentina,ARG,2016,12699.9623137756
Armenia,ARM,2016,3524.42476874707
American Samoa,ASM,2016,12843.3342903627
Antigua and Barbuda,ATG,2016,16556.8551801588
Australia,AUS,2016,50084.4440606385
Austria,AUT,2016,45061.4993920192
Azerbaijan,AZE,2016,3880.6852276838
Burundi,BDI,2016,232.937812100153
Belgium,BEL,2016,41854.5498296444
Benin,BEN,2016,1010.5338961993
Burkina Faso,BFA,2016,663.742364842886
Bangladesh,BGD,2016,1649.28380858601
Bulgaria,BGR,2016,7822.49923292968
Bahrain,BHR,2016,23800.001440631
"Bahamas, The",BHS,2016,30616.5363157284
Bosnia and Herzegovina,BIH,2016,4928.5665903114
Belarus,BLR,2016,5039.77560949445
Belize,BLZ,2016,6140.86713919469
Bermuda,BMU,2016,108747.356144305
Bolivia,BOL,2016,3035.87347732132
Brazil,BRA,2016,8836.28546025694
Barbados,BRB,2016,20295.5672072046
Brunei Darussalam,BRN,2016,26663.2972950602
Bhutan,BTN,2016,3152.30905106786
Botswana,BWA,2016,6749.05994339013
Central African Republic,CAF,2016,387.176203444318
Canada,CAN,2016,42314.0615817218
Central Europe and the Baltics,CEB,2016,12874.699956166
Switzerland,CHE,2016,82153.0745447889
Channel Islands,CHI,2016,55947.579811974
Chile,CHL,2016,13649.8520452803
China,CHN,2016,8254.86859320357
Cote d'Ivoire,CIV,2016,1862.59597081287
Cameroon,CMR,2016,1441.7201725688
"Congo, Dem. Rep.",COD,2016,459.765036590388
"Congo, Rep.",COG,2016,2093.10728558843
Colombia,COL,2016,5959.84250367574
Comoros,COM,2016,1365.48403444497
Cabo Verde,CPV,2016,3608.96605234906
Costa Rica,CRI,2016,12091.0301606154
Caribbean small states,CSS,2016,13376.8057759012
Cuba,CUB,2016,8110.55874283616
Curacao,CUW,2016,18944.0962772875
Cayman Islands,CYM,2016,77802.2535658023
Cyprus,CYP,2016,24280.056640625
Czechia,CZE,2016,18753.9686718096
Germany,DEU,2016,42948.9381932694
Djibouti,DJI,2016,2510.4300076241
Dominica,DMA,2016,8802.56172041363
Denmark,DNK,2016,54500.9260410217
Dominican Republic,DOM,2016,7160.44200982307
Algeria,DZA,2016,4424.98529027556
East Asia & Pacific (excluding high income),EAP,2016,6683.18386700353
Early-demographic dividend,EAR,2016,3223.9805446069
East Asia & Pacific,EAS,2016,9965.00400107685
Europe & Central Asia (excluding high income),ECA,2016,5986.89723080084
Europe & Central Asia,ECS,2016,22519.6408855547
Ecuador,ECU,2016,5917.63771271481
"Egypt, Arab Rep.",EGY,2016,3270.6287768197
Euro area,EMU,2016,35228.4854539428
Spain,ESP,2016,26755.6061149398
Estonia,EST,2016,18666.3736521706
Ethiopia,ETH,2016,641.651523286233
European Union,EUU,2016,31456.8971280656
Fragile and conflict affected situations,FCS,2016,1491.08080315915
Finland,FIN,2016,43451.2562442158
Fiji,FJI,2016,5363.79026679243
France,FRA,2016,37024.2157133669
Faroe Islands,FRO,2016,56875.2803813296
"Micronesia, Fed. Sts.",FSM,2016,2979.60119184048
Gabon,GAB,2016,6677.07003901644
United Kingdom,GBR,2016,41257.9085545556
Georgia,GEO,2016,4143.40125686315
Ghana,GHA,2016,1912.47991339951
Guinea,GIN,2016,711.996509782316
"Gambia, The",GMB,2016,650.056501323611
Guinea-Bissau,GNB,2016,679.665386626818
Equatorial Guinea,GNQ,2016,7453.19797948517
Greece,GRC,2016,17919.2426377048
Grenada,GRD,2016,9221.23461079424
Greenland,GRL,2016,48181.7453541266
Guatemala,GTM,2016,4060.13784737643
Guam,GUM,2016,35930.6594898711
Guyana,GUY,2016,5870.87823759835
High income,HIC,2016,37057.8096501124
"Hong Kong SAR, China",HKG,2016,43734.1980702999
Honduras,HND,2016,2307.34468351082
Heavily indebted poor countries (HIPC),HPC,2016,894.708764701024
Croatia,HRV,2016,12820.1653893008
Haiti,HTI,2016,1318.40268167953
Hungary,HUN,2016,13215.8605277789
IBRD only,IBD,2016,5534.81953332906
IDA & IBRD total,IBT,2016,4447.41739069513
IDA total,IDA,2016,1314.0817741131
IDA blend,IDB,2016,1790.53787826053
Indonesia,IDN,2016,3521.46943457574
IDA only,IDX,2016,1054.10011053311
Isle of Man,IMN,2016,82025.9454509241
India,IND,2016,1707.50892912243
Ireland,IRL,2016,64129.5571542383
"Iran, Islamic Rep.",IRN,2016,5710.59947089104
Iraq,IRQ,2016,4334.42096404188
Iceland,ISL,2016,62854.0906407932
Israel,ISR,2016,37671.5389138798
Italy,ITA,2016,31391.5692898108
Jamaica,JAM,2016,5302.29553353854
Jordan,JOR,2016,3986.71677010853
Japan,JPN,2016,39375.4731620781
Kazakhstan,KAZ,2016,7475.56688689424
Kenya,KEN,2016,1554.12610314423
Kyrgyz Republic,KGZ,2016,1103.27489428412
Cambodia,KHM,2016,1675.19555711109
Kiribati,KIR,2016,1742.66799324117
St. Kitts and Nevis,KNA,2016,21387.5415511103
"Korea, Rep.",KOR,2016,30832.0628072516
Kuwait,KWT,2016,27323.6890735517
Latin America & Caribbean (excluding high income),LAC,2016,7977.19727122285
Lao PDR,LAO,2016,2303.22156035363
Lebanon,LBN,2016,8089.012088155
Liberia,LBR,2016,714.613063145659
Libya,LBY,2016,7525.80299308216
St. Lucia,LCA,2016,10638.1269396653
Latin America & Caribbean,LCN,2016,8241.45140922665
Least developed countries: UN classification,LDC,2016,966.721782937566
Low income,LIC,2016,633.792954627598
Liechtenstein,LIE,2016,165375.491396259
Sri Lanka,LKA,2016,4149.19190775593
Lower middle income,LMC,2016,1895.24399500136
Low & middle income,LMY,2016,4274.9314240157
Lesotho,LSO,2016,992.491840678465
Late-demographic dividend,LTE,2016,8297.33610796797
Lithuania,LTU,2016,14934.2702840428
Luxembourg,LUX,2016,106899.293549552
Latvia,LVA,2016,13838.5266823272
"Macao SAR, China",MAC,2016,68911.6755919628
Morocco,MAR,2016,3140.85546875
Monaco,MCO,2016,173604.753555915
Moldova,MDA,2016,2847.08794770479
Madagascar,MDG,2016,453.970714522463
Maldives,MDV,2016,9947.80744731739
"Middle East, North Africa, Afghanistan & Pakistan",MEA,2016,5126.05331639032
Mexico,MEX,2016,9097.92397674769
Marshall Islands,MHL,2016,4229.80988911945
Middle income,MIC,2016,4605.60639396078
North Macedonia,MKD,2016,5598.48622617967
Mali,MLI,2016,872.468587171653
Malta,MLT,2016,26459.0770929988
Myanmar,MMR,2016,1229.19713491328
"Middle East, North Africa, Afghanistan & Pakistan (excluding high income)",MNA,2016,2863.14057781135
Montenegro,MNE,2016,6968.01539365317
Mongolia,MNG,2016,3619.90026383792
Northern Mariana Islands,MNP,2016,24225.474169342
Mozambique,MOZ,2016,441.489734819071
Mauritania,MRT,2016,1565.76575722696
Mauritius,MUS,2016,10095.1225574156
Malawi,MWI,2016,450.506105510719
Malaysia,MYS,2016,9476.53409809923
North America,NAC,2016,56112.2253713869
Namibia,NAM,2016,4395.68776162376
New Caledonia,NCL,2016,30782.8544433514
Niger,NER,2016,502.706475406446
Nigeria,NGA,2016,2070.4127339595
Nicaragua,NIC,2016,2131.68704828322
Netherlands,NLD,2016,46808.5291492503
Norway,NOR,2016,70867.3609970749
Nepal,NPL,2016,877.256454696737
Nauru,NRU,2016,8748.15632605428
New Zealand,NZL,2016,40113.7195382428
OECD members,OED,2016,36229.3490773616
Oman,OMN,2016,17110.1897460545
Other small states,OSS,2016,10813.3826960431
Pakistan,PAK,2016,1424.69161195897
Panama,PAN,2016,14832.3611652459
Peru,PER,2016,6217.03599995447
Philippines,PHL,2016,2985.19564024046
Palau,PLW,2016,17150.4759377239
Papua New Guinea,PNG,2016,2316.39479758492
Poland,POL,2016,12464.0110508476
Pre-demographic dividend,PRE,2016,1316.74567214685
Puerto Rico (US),PRI,2016,29978.0889268918
Portugal,PRT,2016,19980.2808866516
Paraguay,PRY,2016,5775.15963399596
West Bank and Gaza,PSE,2016,3527.61382413178
Pacific island small states,PSS,2016,3856.70459060951
Post-demographic dividend,PST,2016,41502.2222895522
French Polynesia,PYF,2016,19690.0775734589
Qatar,QAT,2016,61253.6217997091
Romania,ROU,2016,9404.54005870715
Russian Federation,RUS,2016,8663.158203125
Rwanda,RWA,2016,729.519133812945
South Asia,SAS,2016,1722.90703415144
Saudi Arabia,SAU,2016,22267.7217050387
Sudan,SDN,2016,1033.21594238281
Senegal,SEN,2016,1266.43957151587
Singapore,SGP,2016,57005.5887176547
Solomon Islands,SLB,2016,2082.62383124213
Sierra Leone,SLE,2016,844.416411175476
El Salvador,SLV,2016,3901.34014965811
San Marino,SMR,2016,44359.4797662688
"Somalia, Fed. Rep.",SOM,2016,460.928490585175
Serbia,SRB,2016,5982.37030126471
Sub-Saharan Africa (excluding high income),SSA,2016,1545.27948291265
Sub-Saharan Africa,SSF,2016,1455.03525304571
Small states,SST,2016,10486.2161094903
Sao Tome and Principe,STP,2016,1434.87018050521
Suriname,SUR,2016,5644.2061057532
Slovak Republic,SVK,2016,16636.0769133073
Slovenia,SVN,2016,21447.8377796036
Sweden,SWE,2016,51703.5088332851
Eswatini,SWZ,2016,3238.17611961364
Sint Maarten (Dutch part),SXM,2016,37308.6147795736
Seychelles,SYC,2016,16566.9946042294
Syrian Arab Republic,SYR,2016,656.3490586313
Turks and Caicos Islands,TCA,2016,31373.5612684327
Chad,TCD,2016,861.831767630746
East Asia & Pacific (IDA & IBRD countries),TEA,2016,6758.74365728701
Europe & Central Asia (IDA & IBRD countries),TEC,2016,7659.54924391363
Togo,TGO,2016,772.581357620609
Thailand,THA,2016,5833.57715617098
Tajikistan,TJK,2016,788.710481734485
Turkmenistan,TKM,2016,5686.98040962764
Latin America & the Caribbean (IDA & IBRD countries),TLA,2016,8082.02330614142
Timor-Leste,TLS,2016,1335.54391073349
"Middle East, North Africa, Afghanistan & Pakistan (IDA & IBRD)",TMN,2016,2858.61689096826
Tonga,TON,2016,3987.98626206287
South Asia (IDA & IBRD),TSA,2016,1722.90703415144
Sub-Saharan Africa (IDA & IBRD countries),TSS,2016,1455.03525304571
Trinidad and Tobago,TTO,2016,17449.1538801956
Tunisia,TUN,2016,3847.80354448809
Turkiye,TUR,2016,10984.3643169061
Tuvalu,TUV,2016,3808.69755015909
Tanzania,TZA,2016,953.0107421875
Uganda,UGA,2016,752.696571725656
Ukraine,UKR,2016,2158.46118164063
Upper middle income,UMC,2016,7413.22237473365
Uruguay,URY,2016,17009.7584207276
United States,USA,2016,57638.1018367192
Uzbekistan,UZB,2016,2753.37951427589
St. Vincent and the Grenadines,VCT,2016,7656.90042881178
"Venezuela, RB",VEN,2016,3670.15737848208
Virgin Islands (U.S.),VIR,2016,35324.9748874586
Viet Nam,VNM,2016,2735.0604380416
Vanuatu,VUT,2016,2956.12644801489
World,WLD,2016,10204.9287763386
Samoa,WSM,2016,4147.07097674888
Kosovo,XKX,2016,3759.44959067104
"Yemen, Rep.",YEM,2016,975.359417003225
South Africa,ZAF,2016,5651.20585165749
Zambia,ZMB,2016,1239.08527877713
Zimbabwe,ZWE,2016,1408.13945253431
Aruba,ABW,2017,28440.0416881491
Africa Eastern and Southern,AFE,2017,1528.10422421284
Afghanistan,AFG,2017,525.469770891619
Africa Western and Central,AFW,2017,1574.23056437855
Angola,AGO,2017,2790.71886869768
Albania,ALB,2017,5006.36012951959
Andorra,AND,2017,40672.9717424447
Arab World,ARB,2017,6096.72395041636
United Arab Emirates,ARE,2017,43733.6192287435
Argentina,ARG,2017,14532.5009308511
Armenia,ARM,2017,3869.05373867752
American Samoa,ASM,2017,11863.6839452565
Antigua and Barbuda,ATG,2017,16965.7288273816
Australia,AUS,2017,54117.547718609
Austria,AUT,2017,47163.7425775142
Azerbaijan,AZE,2017,4147.1981423222
Burundi,BDI,2017,246.060725714184
Belgium,BEL,2017,44035.3239358548
Benin,BEN,2017,1054.97408066814
Burkina Faso,BFA,2017,709.091535894695
Bangladesh,BGD,2017,1811.08221668646
Bulgaria,BGR,2017,8696.68930427924
Bahrain,BHR,2017,24784.7693514607
"Bahamas, The",BHS,2017,31875.4881749619
Bosnia and Herzegovina,BIH,2017,5345.01978766473
Belarus,BLR,2017,5785.54491935194
Belize,BLZ,2017,6071.85451846453
Bermuda,BMU,2017,112339.425587467
Bolivia,BOL,2017,4048.40119739839
Brazil,BRA,2017,10080.5078722821
Barbados,BRB,2017,20284.5762052461
Brunei Darussalam,BRN,2017,28024.3824580252
Bhutan,BTN,2017,3435.28804735662
Botswana,BWA,2017,7104.96401088027
Central African Republic,CAF,2017,432.324025684263
Canada,CAN,2017,45129.628116623
Central Europe and the Baltics,CEB,2017,14339.8243059389
Switzerland,CHE,2017,82254.3769269767
Channel Islands,CHI,2017,55806.3554257428
Chile,CHL,2017,14879.9086227187
China,CHN,2017,8979.67652709856
Cote d'Ivoire,CIV,2017,1964.29930338343
Cameroon,CMR,2017,1496.08951771242
"Congo, Dem. Rep.",COD,2017,431.052559128788
"Congo, Rep.",COG,2017,2211.63309874797
Colombia,COL,2017,6479.53231292429
Comoros,COM,2017,1423.9248027797
Cabo Verde,CPV,2017,3893.09571382506
Costa Rica,CRI,2017,12317.0902771304
Caribbean small states,CSS,2017,13671.1377634132
Cuba,CUB,2017,8610.60829605429
Curacao,CUW,2017,18938.2440965187
Cayman Islands,CYM,2017,80053.9442657031
Cyprus,CYP,2017,26247.44921875
Czechia,CZE,2017,20913.197632212
Germany,DEU,2017,45553.9341495339
Djibouti,DJI,2017,2618.95521147369
Dominica,DMA,2017,8224.64896571414
Denmark,DNK,2017,57521.5514992225
Dominican Republic,DOM,2017,7412.71571571512
Algeria,DZA,2017,4554.66753957828
East Asia & Pacific (excluding high income),EAP,2017,7241.92533864361
Early-demographic dividend,EAR,2017,3457.64943157186
East Asia & Pacific,EAS,2017,10566.2828244863
Europe & Central Asia (excluding high income),ECA,2017,6138.12063922999
Europe & Central Asia,ECS,2017,23814.1197034605
Ecuador,ECU,2017,6233.32244797718
"Egypt, Arab Rep.",EGY,2017,2395.10333299491
Euro area,EMU,2017,37243.5651015997
Spain,ESP,2017,28381.3425596906
Estonia,EST,2017,20851.5223496861
Ethiopia,ETH,2017,696.348429076216
European Union,EUU,2017,33394.5888043692
Fragile and conflict affected situations,FCS,2017,1549.60952933559
Finland,FIN,2017,46085.0174739036
Fiji,FJI,2017,5826.84814459328
France,FRA,2017,38687.1626407164
Faroe Islands,FRO,2017,59387.353086482
"Micronesia, Fed. Sts.",FSM,2017,3279.10779039285
Gabon,GAB,2017,6921.73373135624
United Kingdom,GBR,2017,40916.8115070354
Georgia,GEO,2017,4418.75206546679
Ghana,GHA,2017,2012.28662641265
Guinea,GIN,2017,833.598621691121
"Gambia, The",GMB,2017,642.522641296331
Guinea-Bissau,GNB,2017,783.123186602022
Equatorial Guinea,GNQ,2017,7809.10465655488
Greece,GRC,2017,18631.9930129293
Grenada,GRD,2017,9751.42661155932
Greenland,GRL,2017,50765.7494665372
Guatemala,GTM,2017,4324.99768915601
Guam,GUM,2017,36779.0078903909
Guyana,GUY,2017,6178.6650437298
High income,HIC,2017,38776.5615949516
"Hong Kong SAR, China",HKG,2017,46160.429791493
Honduras,HND,2017,2413.0076562942
Heavily indebted poor countries (HIPC),HPC,2017,943.132832332498
Croatia,HRV,2017,13901.7878144679
Haiti,HTI,2017,1395.23945184461
Hungary,HUN,2017,14736.1668157258
IBRD only,IBD,2017,6053.30921793356
IDA & IBRD total,IBT,2017,4831.93005964107
IDA total,IDA,2017,1355.23505457315
IDA blend,IDB,2017,1804.50559433385
Indonesia,IDN,2017,3798.88326174526
IDA only,IDX,2017,1110.744251052
Isle of Man,IMN,2017,83481.3038489014
India,IND,2017,1950.10468280866
Ireland,IRL,2017,72161.4047531385
"Iran, Islamic Rep.",IRN,2017,6000.93346404409
Iraq,IRQ,2017,4759.2846435467
Iceland,ISL,2017,72976.3729990975
Israel,ISR,2017,41138.470964272
Italy,ITA,2017,32844.115660604
Jamaica,JAM,2017,5605.43541173019
Jordan,JOR,2017,4065.61628749384
Japan,JPN,2017,38834.0529341227
Kazakhstan,KAZ,2017,8943.08416791984
Kenya,KEN,2017,1667.48447230835
Kyrgyz Republic,KGZ,2017,1221.39046807082
Cambodia,KHM,2017,1826.35391688754
Kiribati,KIR,2017,1853.05122713319
St. Kitts and Nevis,KNA,2017,22464.9899633959
"Korea, Rep.",KOR,2017,33296.9845439195
Kuwait,KWT,2017,29047.6536135703
Latin America & Caribbean (excluding high income),LAC,2017,8827.8501051856
Lao PDR,LAO,2017,2432.43059478511
Lebanon,LBN,2017,8608.21084982387
Liberia,LBR,2017,699.269095727404
Libya,LBY,2017,9965.83236729757
St. Lucia,LCA,2017,11333.1123822102
Latin America & Caribbean,LCN,2017,9065.54817792867
Least developed countries: UN classification,LDC,2017,1035.19428808636
Low income,LIC,2017,634.710788724745
Liechtenstein,LIE,2017,170547.092298954
Sri Lanka,LKA,2017,4398.88828068715
Lower middle income,LMC,2017,2026.19304074045
Low & middle income,LMY,2017,4615.000484095
Lesotho,LSO,2017,1069.36673247542
Late-demographic dividend,LTE,2017,9138.44134545505
Lithuania,LTU,2017,16800.1510246099
Luxembourg,LUX,2017,110193.213797228
Latvia,LVA,2017,15132.4958333982
"Macao SAR, China",MAC,2017,77570.9876166977
Morocco,MAR,2017,3296.52661132813
Monaco,MCO,2017,170663.375247872
Moldova,MDA,2017,3453.26727720294
Madagascar,MDG,2017,491.866848718929
Maldives,MDV,2017,10509.628805812
"Middle East, North Africa, Afghanistan & Pakistan",MEA,2017,5279.47951180077
Mexico,MEX,2017,9649.27816772402
Marshall Islands,MHL,2017,4592.83457628576
Middle income,MIC,2017,4982.00575599033
North Macedonia,MKD,2017,5955.2973863451
Mali,MLI,2017,924.057531692284
Malta,MLT,2017,30317.2443175543
Myanmar,MMR,2017,1272.82241815234
"Middle East, North Africa, Afghanistan & Pakistan (excluding high income)",MNA,2017,2859.85560174494
Montenegro,MNE,2017,7674.2813940676
Mongolia,MNG,2017,3645.96708669551
Northern Mariana Islands,MNP,2017,31225.6049960968
Mozambique,MOZ,2017,470.93856305196
Mauritania,MRT,2017,1615.00401327323
Mauritius,MUS,2017,10986.7034093005
Malawi,MWI,2017,495.769683367165
Malaysia,MYS,2017,9862.54806612235
North America,NAC,2017,58184.8571647569
Namibia,NAM,2017,5143.96072323076
New Caledonia,NCL,2017,32354.7102832901
Niger,NER,2017,521.804130023434
Nigeria,NGA,2017,1876.34027111773
Nicaragua,NIC,2017,2182.61380995674
Netherlands,NLD,2017,49513.6817346384
Norway,NOR,2017,76131.8384032764
Nepal,NPL,2017,1034.28374906846
Nauru,NRU,2017,9656.97976571484
New Zealand,NZL,2017,42950.3841711138
OECD members,OED,2017,37605.2706249889
Oman,OMN,2017,17820.0661809335
Other small states,OSS,2017,11950.9740553004
Pakistan,PAK,2017,1519.23459514248
Panama,PAN,2017,15694.6297518495
Peru,PER,2017,6736.16693725487
Philippines,PHL,2017,3038.12124959289
Palau,PLW,2017,16401.7847567871
Papua New Guinea,PNG,2017,2477.76530986323
Poland,POL,2017,13913.3402919927
Pre-demographic dividend,PRE,2017,1338.96011884626
Puerto Rico (US),PRI,2017,30328.479490518
Portugal,PRT,2017,21442.3842768879
Paraguay,PRY,2017,6152.2671153779
West Bank and Gaza,PSE,2017,3620.36048715937
Pacific island small states,PSS,2017,4099.79965867267
Post-demographic dividend,PST,2017,43114.2688521392
French Polynesia,PYF,2017,20826.9312492172
Qatar,QAT,2017,63279.8767486216
Romania,ROU,2017,10727.9822007426
Russian Federation,RUS,2017,10658.9130859375
Rwanda,RWA,2017,758.300966509647
South Asia,SAS,2017,1956.06707554186
Saudi Arabia,SAU,2017,23929.2907135982
Sudan,SDN,2017,966.505676269531
Senegal,SEN,2017,1356.80518449031
Singapore,SGP,2017,61236.251270627
Solomon Islands,SLB,2017,2143.57670489272
Sierra Leone,SLE,2017,779.186007841728
El Salvador,SLV,2017,4020.12671373919
San Marino,SMR,2017,45192.0279766943
"Somalia, Fed. Rep.",SOM,2017,510.939952317726
Serbia,SRB,2017,6548.03653824187
Sub-Saharan Africa (excluding high income),SSA,2017,1641.39239957439
Sub-Saharan Africa,SSF,2017,1546.91774199323
Small states,SST,2017,11304.5050810878
Sao Tome and Principe,STP,2017,1555.79477812888
Suriname,SUR,2017,6049.52128553675
Slovak Republic,SVK,2017,17645.5298716761
Slovenia,SVN,2017,23303.077705959
Sweden,SWE,2017,53210.2233318965
Eswatini,SWZ,2017,3853.09956569679
Sint Maarten (Dutch part),SXM,2017,34701.3058494468
Seychelles,SYC,2017,17480.3651911372
Syrian Arab Republic,SYR,2017,851.502005254153
Turks and Caicos Islands,TCA,2017,30014.2309523213
Chad,TCD,2017,854.46120040098
East Asia & Pacific (IDA & IBRD countries),TEA,2017,7323.51364847919
Europe & Central Asia (IDA & IBRD countries),TEC,2017,8575.46129195764
Togo,TGO,2017,792.765700965864
Thailand,THA,2017,6413.09182530343
Tajikistan,TJK,2017,829.45714764957
Turkmenistan,TKM,2017,5828.4816623489
Latin America & the Caribbean (IDA & IBRD countries),TLA,2017,8918.30251254156
Timor-Leste,TLS,2017,1266.17771143471
"Middle East, North Africa, Afghanistan & Pakistan (IDA & IBRD)",TMN,2017,2854.66192638041
Tonga,TON,2017,4365.92932788383
South Asia (IDA & IBRD),TSA,2017,1956.06707554186
Sub-Saharan Africa (IDA & IBRD countries),TSS,2017,1546.91774199323
Trinidad and Tobago,TTO,2017,17566.0999700656
Tunisia,TUN,2017,3619.03247319953
Turkiye,TUR,2017,10756.3877677883
Tuvalu,TUV,2017,4165.66338700106
Tanzania,TZA,2017,986.674011230469
Uganda,UGA,2017,765.218332297361
Ukraine,UKR,2017,2604.28759765625
Upper middle income,UMC,2017,8064.20583627107
Uruguay,URY,2017,19184.6502617082
United States,USA,2017,59635.0984397965
Uzbekistan,UZB,2017,2190.60411562888
St. Vincent and the Grenadines,VCT,2017,7988.04445019298
"Venezuela, RB",VEN,2017,3791.33160682077
Virgin Islands (U.S.),VIR,2017,35365.0693039774
Viet Nam,VNM,2017,2956.10992127753
Vanuatu,VUT,2017,3159.86055790126
World,WLD,2017,10747.764306505
Samoa,WSM,2017,4307.59381964907
Kosovo,XKX,2017,4009.32022050863
"Yemen, Rep.",YEM,2017,811.165970405745
South Africa,ZAF,2017,6618.33508255701
Zambia,ZMB,2017,1483.46577328065
Zimbabwe,ZWE,2017,3445.44941020134
Aruba,ABW,2018,30082.1584226798
Africa Eastern and Southern,AFE,2018,1552.07372194919
Afghanistan,AFG,2018,491.337221382603
Africa Western and Central,AFW,2018,1720.14009242722
Angola,AGO,2018,2860.0936483682
Albania,ALB,2018,5897.65452588774
Andorra,AND,2018,42819.7577456133
Arab World,ARB,2018,6699.18058175457
United Arab Emirates,ARE,2018,47135.3591943971
Argentina,ARG,2018,11752.7998922979
Armenia,ARM,2018,4196.00562301769
American Samoa,ASM,2018,12552.0546868861
Antigua and Barbuda,ATG,2018,18273.4270684912
Australia,AUS,2018,57410.1737346009
Austria,AUT,2018,51194.0749841299
Azerbaijan,AZE,2018,4739.7943123408
Burundi,BDI,2018,245.661678332009
Belgium,BEL,2018,47487.2100392561
Benin,BEN,2018,1151.7409703472
Burkina Faso,BFA,2018,777.465618514048
Bangladesh,BGD,2018,1965.24372731467
Bulgaria,BGR,2018,9849.38397225174
Bahrain,BHR,2018,26324.4066549559
"Bahamas, The",BHS,2018,32642.3353203452
Bosnia and Herzegovina,BIH,2018,6047.84707207392
Belarus,BLR,2018,6360.037502312
Belize,BLZ,2018,6011.99036888587
Bermuda,BMU,2018,113204.82210838
Bolivia,BOL,2018,4206.8552936661
Brazil,BRA,2018,9300.66072904004
Barbados,BRB,2018,21381.2426303209
Brunei Darussalam,BRN,2018,30988.1190267227
Bhutan,BTN,2018,3400.20417245342
Botswana,BWA,2018,7407.95940141786
Central African Republic,CAF,2018,455.243962859534
Canada,CAN,2018,46539.1761570405
Central Europe and the Baltics,CEB,2018,16227.2484719489
Switzerland,CHE,2018,85217.3691512274
Channel Islands,CHI,2018,60784.8125397162
Chile,CHL,2018,15659.4808675628
China,CHN,2018,10085.6638148819
Cote d'Ivoire,CIV,2018,2130.86619381144
Cameroon,CMR,2018,1610.69641591017
"Congo, Dem. Rep.",COD,2018,518.169626875371
"Congo, Rep.",COG,2018,2694.43413191427
Colombia,COL,2018,6816.96818309544
Comoros,COM,2018,1527.40527125285
Cabo Verde,CPV,2018,4294.96510035729
Costa Rica,CRI,2018,12590.2493781614
Caribbean small states,CSS,2018,13896.7409040963
Cuba,CUB,2018,8911.46205998726
Curacao,CUW,2018,19119.1244887029
Cayman Islands,CYM,2018,83865.5540393356
Cyprus,CYP,2018,29120.375
Czechia,CZE,2018,23705.9329811299
Germany,DEU,2018,48916.1686612154
Djibouti,DJI,2018,2718.08338799203
Dominica,DMA,2018,9215.3085405645
Denmark,DNK,2018,61324.7665045565
Dominican Republic,DOM,2018,7882.98221584944
Algeria,DZA,2018,4577.21029180491
East Asia & Pacific (excluding high income),EAP,2018,8045.94630458507
Early-demographic dividend,EAR,2018,3463.50882263375
East Asia & Pacific,EAS,2018,11438.8584591418
Europe & Central Asia (excluding high income),ECA,2018,5996.28775888893
Europe & Central Asia,ECS,2018,25408.6379771601
Ecuador,ECU,2018,6303.91886658338
"Egypt, Arab Rep.",EGY,2018,2484.70315630508
Euro area,EMU,2018,40107.5362854643
Spain,ESP,2018,30602.4212881113
Estonia,EST,2018,23618.1361254581
Ethiopia,ETH,2018,739.702022272086
European Union,EUU,2018,36054.953230113
Fragile and conflict affected situations,FCS,2018,1634.92965875473
Finland,FIN,2018,49654.2497035329
Fiji,FJI,2018,6085.41979485376
France,FRA,2018,41418.1766484844
Faroe Islands,FRO,2018,62526.4908515743
"Micronesia, Fed. Sts.",FSM,2018,3566.58690371125
Gabon,GAB,2018,7624.2775233771
United Kingdom,GBR,2018,43702.9976303165
Georgia,GEO,2018,4804.0546040444
Ghana,GHA,2018,2195.32166016377
Guinea,GIN,2018,933.273615633705
"Gambia, The",GMB,2018,696.219806960615
Guinea-Bissau,GNB,2018,808.531613218504
Equatorial Guinea,GNQ,2018,8102.47084834031
Greece,GRC,2018,19873.4015238771
Grenada,GRD,2018,10083.021279225
Greenland,GRL,2018,54545.135857765
Guatemala,GTM,2018,4352.94593289707
Guam,GUM,2018,37195.9503070464
Guyana,GUY,2018,6048.38697180418
High income,HIC,2018,41094.8560877186
"Hong Kong SAR, China",HKG,2018,48537.5668888343
Honduras,HND,2018,2464.64241531918
Heavily indebted poor countries (HIPC),HPC,2018,985.478210719267
Croatia,HRV,2018,15460.3669595491
Haiti,HTI,2018,1496.38048970156
Hungary,HUN,2018,16605.0570511887
IBRD only,IBD,2018,6394.19484299789
IDA & IBRD total,IBT,2018,5085.50217477103
IDA total,IDA,2018,1408.95016839901
IDA blend,IDB,2018,1869.38204447615
Indonesia,IDN,2018,3860.95353090726
IDA only,IDX,2018,1159.06134313704
Isle of Man,IMN,2018,89393.8244248812
India,IND,2018,1966.25455171679
Ireland,IRL,2018,80804.1123164826
"Iran, Islamic Rep.",IRN,2018,4783.01067340237
Iraq,IRQ,2018,5646.68932074742
Iceland,ISL,2018,75633.8651351915
Israel,ISR,2018,42362.6652754196
Italy,ITA,2018,34904.1081923834
Jamaica,JAM,2018,5976.90362644337
Jordan,JOR,2018,4145.43989673265
Japan,JPN,2018,39751.1330982711
Kazakhstan,KAZ,2018,9472.48527327758
Kenya,KEN,2018,1836.45275528993
Kyrgyz Republic,KGZ,2018,1283.5203037417
Cambodia,KHM,2018,2036.67377566578
Kiribati,KIR,2018,1912.73809378187
St. Kitts and Nevis,KNA,2018,22901.3816403197
"Korea, Rep.",KOR,2018,35363.9508228687
Kuwait,KWT,2018,32067.9623756889
Latin America & Caribbean (excluding high income),LAC,2018,8484.48335233409
Lao PDR,LAO,2018,2545.1075420815
Lebanon,LBN,2018,9174.53666204759
Liberia,LBR,2018,692.203127129794
Libya,LBY,2018,11196.5854810844
St. Lucia,LCA,2018,11642.6984727769
Latin America & Caribbean,LCN,2018,8778.37906311973
Least developed countries: UN classification,LDC,2018,1080.56177999961
Low income,LIC,2018,645.846067078284
Liechtenstein,LIE,2018,174988.775083446
Sri Lanka,LKA,2018,4358.56095906047
Lower middle income,LMC,2018,2085.0452543512
Low & middle income,LMY,2018,4853.74507668345
Lesotho,LSO,2018,1170.65569702819
Late-demographic dividend,LTE,2018,9966.81160876464
Lithuania,LTU,2018,19247.2315367967
Luxembourg,LUX,2018,116926.759593905
Latvia,LVA,2018,17252.1710428626
"Macao SAR, China",MAC,2018,83588.2875009014
Morocco,MAR,2018,3501.69799804688
Monaco,MCO,2018,188298.315668437
Moldova,MDA,2018,4156.44981956646
Madagascar,MDG,2018,500.45718552916
Maldives,MDV,2018,11423.2838427029
"Middle East, North Africa, Afghanistan & Pakistan",MEA,2018,5545.88899607591
Mexico,MEX,2018,10084.7937562021
Marshall Islands,MHL,2018,4858.12079054875
Middle income,MIC,2018,5248.39737081301
North Macedonia,MKD,2018,6713.98925398989
Mali,MLI,2018,996.379292136901
Malta,MLT,2018,33382.2677499267
Myanmar,MMR,2018,1298.21310327675
"Middle East, North Africa, Afghanistan & Pakistan (excluding high income)",MNA,2018,2809.30894215325
Montenegro,MNE,2018,8673.59128084795
Mongolia,MNG,2018,4107.64288528468
Northern Mariana Islands,MNP,2018,26509.3628379893
Mozambique,MOZ,2018,517.507260258101
Mauritania,MRT,2018,1722.93528854073
Mauritius,MUS,2018,11818.7480619272
Malawi,MWI,2018,533.202567189331
Malaysia,MYS,2018,10901.8019954421
North America,NAC,2018,60890.5689258698
Namibia,NAM,2018,5308.60813408705
New Caledonia,NCL,2018,34902.8968780031
Niger,NER,2018,578.568035680892
Nigeria,NGA,2018,2057.87944554011
Nicaragua,NIC,2018,2035.16549390507
Netherlands,NLD,2018,53955.0770024266
Norway,NOR,2018,82792.8427113304
Nepal,NPL,2018,1179.19843190389
Nauru,NRU,2018,11413.7463016389
New Zealand,NZL,2018,43257.0769238879
OECD members,OED,2018,39552.695671629
Oman,OMN,2018,19901.7615642016
Other small states,OSS,2018,13025.990833966
Pakistan,PAK,2018,1569.33814626355
Panama,PAN,2018,16151.3273433486
Peru,PER,2018,6978.49121548627
Philippines,PHL,2018,3168.51036609727
Palau,PLW,2018,16166.9671073752
Papua New Guinea,PNG,2018,2566.36833735041
Poland,POL,2018,15658.2120316794
Pre-demographic dividend,PRE,2018,1449.85562070843
Puerto Rico (US),PRI,2018,30679.9181934488
Portugal,PRT,2018,23541.1401075289
Paraguay,PRY,2018,6258.44991640984
West Bank and Gaza,PSE,2018,3562.33094270256
Pacific island small states,PSS,2018,4247.0901276249
Post-demographic dividend,PST,2018,45535.8018785923
French Polynesia,PYF,2018,21925.616043938
Qatar,QAT,2018,71039.9308240078
Romania,ROU,2018,12416.134317959
Russian Federation,RUS,2018,11211.8876953125
Rwanda,RWA,2018,771.773511207309
South Asia,SAS,2018,1988.3663331799
Saudi Arabia,SAU,2018,29360.0658968566
Sudan,SDN,2018,731.027465820313
Senegal,SEN,2018,1452.55612562445
Singapore,SGP,2018,66881.6067035265
Solomon Islands,SLB,2018,2278.19908624102
Sierra Leone,SLE,2018,845.914540460932
El Salvador,SLV,2018,4183.54620971358
San Marino,SMR,2018,47950.6880557136
"Somalia, Fed. Rep.",SOM,2018,509.497273804534
Serbia,SRB,2018,7559.86165747394
Sub-Saharan Africa (excluding high income),SSA,2018,1718.42346098448
Sub-Saharan Africa,SSF,2018,1620.54140805919
Small states,SST,2018,12057.788581183
Sao Tome and Principe,STP,2018,1825.59971753966
Suriname,SUR,2018,6665.74180472239
Slovak Republic,SVK,2018,19573.3717031314
Slovenia,SVN,2018,25888.0481065655
Sweden,SWE,2018,54018.4554391861
Eswatini,SWZ,2018,3972.65450620357
Sint Maarten (Dutch part),SXM,2018,31708.3110124742
Seychelles,SYC,2018,18440.2340460932
Syrian Arab Republic,SYR,2018,1098.0668642357
Turks and Caicos Islands,TCA,2018,31625.616593277
Chad,TCD,2018,948.656629871231
East Asia & Pacific (IDA & IBRD countries),TEA,2018,8136.37041895137
Europe & Central Asia (IDA & IBRD countries),TEC,2018,8911.87742979014
Togo,TGO,2018,851.120561233595
Thailand,THA,2018,7099.77650081458
Tajikistan,TJK,2018,834.288404578801
Turkmenistan,TKM,2018,6125.05169712085
Latin America & the Caribbean (IDA & IBRD countries),TLA,2018,8620.46890240755
Timor-Leste,TLS,2018,1219.46599728983
"Middle East, North Africa, Afghanistan & Pakistan (IDA & IBRD)",TMN,2018,2804.12633142444
Tonga,TON,2018,4675.04791274385
South Asia (IDA & IBRD),TSA,2018,1988.3663331799
Sub-Saharan Africa (IDA & IBRD countries),TSS,2018,1620.54140805919
Trinidad and Tobago,TTO,2018,17571.498737278
Tunisia,TUN,2018,3628.10366464236
Turkiye,TUR,2018,9684.11819884721
Tuvalu,TUV,2018,4466.12034928245
Tanzania,TZA,2018,1023.10626220703
Uganda,UGA,2018,792.16570022814
Ukraine,UKR,2018,3059.0517578125
Upper middle income,UMC,2018,8569.23675625056
Uruguay,URY,2018,19249.9404677501
United States,USA,2018,62499.8744390068
Uzbekistan,UZB,2018,1813.08530813664
St. Vincent and the Grenadines,VCT,2018,8428.12677153069
"Venezuela, RB",VEN,2018,3422.65467014854
Virgin Islands (U.S.),VIR,2018,36663.2087550584
Viet Nam,VNM,2018,3222.31003125366
Vanuatu,VUT,2018,3206.65748718811
World,WLD,2018,11309.3830773178
Samoa,WSM,2018,4231.81409469194
Kosovo,XKX,2018,4384.18796444738
"Yemen, Rep.",YEM,2018,633.887202451545
South Africa,ZAF,2018,6914.1780318076
Zambia,ZMB,2018,1463.89997855593
Zimbabwe,ZWE,2018,2270.89531874302
Aruba,ABW,2019,30645.8906024548
Africa Eastern and Southern,AFE,2019,1507.08559963484
Afghanistan,AFG,2019,496.6025042585
Africa Western and Central,AFW,2019,2216.38505520833
Angola,AGO,2019,2493.67884440177
Albania,ALB,2019,6069.43903131027
Andorra,AND,2019,41257.816459345
Arab World,ARB,2019,6674.34224402621
United Arab Emirates,ARE,2019,45938.6073581994
Argentina,ARG,2019,9955.97478680428
Armenia,ARM,2019,4597.22887399548
American Samoa,ASM,2019,12886.1359517218
Antigua and Barbuda,ATG,2019,18896.3721832248
Australia,AUS,2019,55194.7585097428
Austria,AUT,2019,49885.9947355204
Azerbaijan,AZE,2019,4805.75371765917
Burundi,BDI,2019,234.31061590725
Belgium,BEL,2019,46716.6227467964
Benin,BEN,2019,1130.82135339795
Burkina Faso,BFA,2019,764.853077774946
Bangladesh,BGD,2019,2129.79896954606
Bulgaria,BGR,2019,10353.7204584127
Bahrain,BHR,2019,27259.7438599327
"Bahamas, The",BHS,2019,33640.3369861278
Bosnia and Herzegovina,BIH,2019,6122.37541352353
Belarus,BLR,2019,6837.77339645635
Belize,BLZ,2019,6171.61449761423
Bermuda,BMU,2019,115798.040775578
Bolivia,BOL,2019,4203.15492855788
Brazil,BRA,2019,9029.83304401079
Barbados,BRB,2019,21912.1501242857
Brunei Darussalam,BRN,2019,30426.5730656528
Bhutan,BTN,2019,3576.87987100503
Botswana,BWA,2019,7172.08956480028
Central African Republic,CAF,2019,449.228467602439
Canada,CAN,2019,46352.8693445211
Central Europe and the Baltics,CEB,2019,16534.9264870407
Switzerland,CHE,2019,84121.9310304414
Channel Islands,CHI,2019,60564.6293993681
Chile,CHL,2019,14495.716721687
China,CHN,2019,10342.9009524335
Cote d'Ivoire,CIV,2019,2141.76836170115
Cameroon,CMR,2019,1555.22660476477
"Congo, Dem. Rep.",COD,2019,504.00419142286
"Congo, Rep.",COG,2019,2488.42466724916
Colombia,COL,2019,6472.54544924705
Comoros,COM,2019,1510.23218151592
Cabo Verde,CPV,2019,4380.78117331128
Costa Rica,CRI,2019,12884.6859951989
Caribbean small states,CSS,2019,13995.8548364074
Cuba,CUB,2019,9232.26115935183
Curacao,CUW,2019,19220.6865793075
Cayman Islands,CYM,2019,88254.2902486867
Cyprus,CYP,2019,29227.173828125
Czechia,CZE,2019,24062.7190013343
Germany,DEU,2019,47656.199739747
Djibouti,DJI,2019,2837.16902340932
Dominica,DMA,2019,9491.14995962374
Denmark,DNK,2019,59404.2663247723
Dominican Republic,DOM,2019,8183.01623600375
Algeria,DZA,2019,4468.45341883656
East Asia & Pacific (excluding high income),EAP,2019,8286.3981179292
Early-demographic dividend,EAR,2019,3483.31545469615
East Asia & Pacific,EAS,2019,11622.8915284735
Europe & Central Asia (excluding high income),ECA,2019,6069.27407282315
Europe & Central Asia,ECS,2019,25020.8648271756
Ecuador,ECU,2019,6205.05765246766
"Egypt, Arab Rep.",EGY,2019,2962.98892023003
Euro area,EMU,2019,39220.5136743355
Spain,ESP,2019,29786.5245689007
Estonia,EST,2019,24021.2501413306
Ethiopia,ETH,2019,793.473247210264
European Union,EUU,2019,35374.1403676934
Fragile and conflict affected situations,FCS,2019,1861.65330453031
Finland,FIN,2019,48358.1807773701
Fiji,FJI,2019,5842.07344577597
France,FRA,2019,40408.2848574751
Faroe Islands,FRO,2019,63068.2872688483
"Micronesia, Fed. Sts.",FSM,2019,3572.65918282222
Gabon,GAB,2019,7441.1786472281
United Kingdom,GBR,2019,43158.7411267323
Georgia,GEO,2019,4741.2832715876
Ghana,GHA,2019,2186.65822682613
Guinea,GIN,2019,1031.34146480732
"Gambia, The",GMB,2019,738.186751987483
Guinea-Bissau,GNB,2019,811.216425885129
Equatorial Guinea,GNQ,2019,6804.14923073888
Greece,GRC,2019,19335.3602002969
Grenada,GRD,2019,10462.7929159533
Greenland,GRL,2019,53309.2035905065
Guatemala,GTM,2019,4511.99839552697
Guam,GUM,2019,39274.9431424899
Guyana,GUY,2019,6405.82443444562
High income,HIC,2019,41342.2066107349
"Hong Kong SAR, China",HKG,2019,48359.0011950597
Honduras,HND,2019,2502.32744328073
Heavily indebted poor countries (HIPC),HPC,2019,983.900062178744
Croatia,HRV,2019,15563.5987295029
Haiti,HTI,2019,1352.17204191532
Hungary,HUN,2019,17012.8598553199
IBRD only,IBD,2019,6476.07259783679
IDA & IBRD total,IBT,2019,5167.89523774327
IDA total,IDA,2019,1544.27890067061
IDA blend,IDB,2019,2205.87361894796
Indonesia,IDN,2019,4106.94856160358
IDA only,IDX,2019,1186.40559680864
Isle of Man,IMN,2019,87127.5517977404
India,IND,2019,2041.42863698585
Ireland,IRL,2019,81827.6688873996
"Iran, Islamic Rep.",IRN,2019,3997.4935449585
Iraq,IRQ,2019,5671.8568632942
Iceland,ISL,2019,69296.3144361601
Israel,ISR,2019,44250.6313628073
Italy,ITA,2019,33812.788724868
Jamaica,JAM,2019,6030.68896415921
Jordan,JOR,2019,4170.1144003465
Japan,JPN,2019,40415.9567649547
Kazakhstan,KAZ,2019,9457.12614657136
Kenya,KEN,2019,1960.40808854893
Kyrgyz Republic,KGZ,2019,1421.99927504102
Cambodia,KHM,2019,2225.87705485686
Kiribati,KIR,2019,1750.9977188915
St. Kitts and Nevis,KNA,2019,23595.4923231291
"Korea, Rep.",KOR,2019,33826.9443301597
Kuwait,KWT,2019,31707.8737443551
Latin America & Caribbean (excluding high income),LAC,2019,8282.78290882792
Lao PDR,LAO,2019,2589.32081035237
Lebanon,LBN,2019,8905.88005497437
Liberia,LBR,2019,658.164180770507
Libya,LBY,2019,9963.19489084483
St. Lucia,LCA,2019,11794.0597229805
Latin America & Caribbean,LCN,2019,8539.39776066424
Least developed countries: UN classification,LDC,2019,1105.24693378698
Low income,LIC,2019,645.998249720369
Liechtenstein,LIE,2019,166907.839305016
Sri Lanka,LKA,2019,4081.94772722003
Lower middle income,LMC,2019,2228.84805859217
Low & middle income,LMY,2019,4943.24879858439
Lesotho,LSO,2019,1082.05706777516
Late-demographic dividend,LTE,2019,10120.3125161359
Lithuania,LTU,2019,19608.7943945553
Luxembourg,LUX,2019,112696.649059674
Latvia,LVA,2019,17294.9751600969
"Macao SAR, China",MAC,2019,81882.6964523869
St. Martin (French part),MAF,2019,19033.0649634889
Morocco,MAR,2019,3508.09765625
Monaco,MCO,2019,193746.785647412
Moldova,MDA,2019,4405.33418162155
Madagascar,MDG,2019,499.818837622534
Maldives,MDV,2019,11740.2724029785
"Middle East, North Africa, Afghanistan & Pakistan",MEA,2019,5412.42875673528
Mexico,MEX,2019,10369.5553585271
Marshall Islands,MHL,2019,5292.33985502306
Middle income,MIC,2019,5353.79775844374
North Macedonia,MKD,2019,6718.85826635458
Mali,MLI,2019,971.949318638092
Malta,MLT,2019,32421.9179752262
Myanmar,MMR,2019,1425.98954241668
"Middle East, North Africa, Afghanistan & Pakistan (excluding high income)",MNA,2019,2695.63342343004
Montenegro,MNE,2019,8749.02375172644
Mongolia,MNG,2019,4347.54610314873
Northern Mariana Islands,MNP,2019,24496.6652122421
Mozambique,MOZ,2019,519.09255091362
Mauritania,MRT,2019,1767.072710621
Mauritius,MUS,2019,11568.2533399824
Malawi,MWI,2019,580.889139762475
Malaysia,MYS,2019,10920.191763972
North America,NAC,2019,62874.6117089583
Namibia,NAM,2019,4731.9210318831
New Caledonia,NCL,2019,33411.3358835672
Niger,NER,2019,561.691304349698
Nigeria,NGA,2019,3189.81286498516
Nicaragua,NIC,2019,1958.62051528095
Netherlands,NLD,2019,53554.9007491475
Norway,NOR,2019,76430.5889473338
Nepal,NPL,2019,1203.14294706401
Nauru,NRU,2019,10801.7705659635
New Zealand,NZL,2019,42855.831861632
OECD members,OED,2019,39708.8864576635
Oman,OMN,2019,19180.1864152801
Other small states,OSS,2019,12907.6162560274
Pakistan,PAK,2019,1390.41690981745
Panama,PAN,2019,16477.9066268111
Peru,PER,2019,7037.00803692604
Philippines,PHL,2019,3400.78949767074
Palau,PLW,2019,15846.7968470167
Papua New Guinea,PNG,2019,2575.77274140393
Poland,POL,2019,15874.5220531254
Pre-demographic dividend,PRE,2019,1681.19065754666
Puerto Rico (US),PRI,2019,31830.5284993358
Portugal,PRT,2019,23343.3628970034
Paraguay,PRY,2019,5821.18199548738
West Bank and Gaza,PSE,2019,3656.85827137011
Pacific island small states,PSS,2019,4136.34140894161
Post-demographic dividend,PST,2019,45840.3536114764
French Polynesia,PYF,2019,21582.5892046801
Qatar,QAT,2019,66841.3623185691
Romania,ROU,2019,12909.6104013244
Russian Federation,RUS,2019,11447.701171875
Rwanda,RWA,2019,810.051412137354
South Asia,SAS,2019,2067.05975687637
Saudi Arabia,SAU,2019,29566.7933827436
Sudan,SDN,2019,709.975280761719
Senegal,SEN,2019,1431.18128932159
Singapore,SGP,2019,65952.0378959293
Solomon Islands,SLB,2019,2223.65890942466
Sierra Leone,SLE,2019,843.712517809977
El Salvador,SLV,2019,4320.11671534627
San Marino,SMR,2019,46630.1443120725
"Somalia, Fed. Rep.",SOM,2019,539.954816211694
Serbia,SRB,2019,7755.632986437
Sub-Saharan Africa (excluding high income),SSA,2019,1907.22499436387
Sub-Saharan Africa,SSF,2019,1795.5612786554
Small states,SST,2019,11990.4670996465
Sao Tome and Principe,STP,2019,1935.2931816596
Suriname,SUR,2019,6629.66775248603
Slovak Republic,SVK,2019,19406.0589683582
Slovenia,SVN,2019,25814.1687167572
Sweden,SWE,2019,51648.9892820514
Eswatini,SWZ,2019,3913.14577547336
Sint Maarten (Dutch part),SXM,2019,34861.469528968
Seychelles,SYC,2019,19141.5118743615
Syrian Arab Republic,SYR,2019,1109.53926036049
Turks and Caicos Islands,TCA,2019,31780.5217068989
Chad,TCD,2019,893.336441643325
East Asia & Pacific (IDA & IBRD countries),TEA,2019,8379.36503263574
Europe & Central Asia (IDA & IBRD countries),TEC,2019,9058.74177112172
Togo,TGO,2019,826.255209019798
Thailand,THA,2019,7605.69657797759
Tajikistan,TJK,2019,871.022372934846
Turkmenistan,TKM,2019,5998.0017434754
Latin America & the Caribbean (IDA & IBRD countries),TLA,2019,8362.63429845968
Timor-Leste,TLS,2019,1562.36458068032
"Middle East, North Africa, Afghanistan & Pakistan (IDA & IBRD)",TMN,2019,2688.96932958269
Tonga,TON,2019,4788.83342304684
South Asia (IDA & IBRD),TSA,2019,2067.05975687637
Sub-Saharan Africa (IDA & IBRD countries),TSS,2019,1795.5612786554
Trinidad and Tobago,TTO,2019,17212.6128892163
Tunisia,TUN,2019,3528.87213306798
Turkiye,TUR,2019,9395.23378001368
Tuvalu,TUV,2019,5115.13075950206
Tanzania,TZA,2019,1063.32250976563
Uganda,UGA,2019,822.171150036357
Ukraine,UKR,2019,3619.86157226563
Upper middle income,UMC,2019,8657.73234539015
Uruguay,URY,2019,18315.7316980028
United States,USA,2019,64746.4506778863
Uzbekistan,UZB,2019,2041.38480729431
St. Vincent and the Grenadines,VCT,2019,8740.59425232061
"Venezuela, RB",VEN,2019,2523.11275230667
Virgin Islands (U.S.),VIR,2019,38633.5298915336
Viet Nam,VNM,2019,3440.90025375434
Vanuatu,VUT,2019,3207.44650452083
World,WLD,2019,11376.0818134476
Samoa,WSM,2019,4351.94234943706
Kosovo,XKX,2019,4415.99923011071
South Africa,ZAF,2019,6533.71121032856
Zambia,ZMB,2019,1258.98619844462
Zimbabwe,ZWE,2019,2184.32923855469
Aruba,ABW,2020,22759.8071750722
Africa Eastern and Southern,AFE,2020,1351.59166910879
Afghanistan,AFG,2020,510.787063366811
Africa Western and Central,AFW,2020,2030.86165860293
Angola,AGO,2020,1759.35619918264
Albania,ALB,2020,6027.91350716348
Andorra,AND,2020,37361.1070081615
Arab World,ARB,2020,5739.41283580539
United Arab Emirates,ARE,2020,37991.7492971665
Argentina,ARG,2020,8535.59938004389
Armenia,ARM,2020,4268.68093304583
American Samoa,ASM,2020,14489.2586563775
Antigua and Barbuda,ATG,2020,15369.6082250401
Australia,AUS,2020,51983.4523666382
Austria,AUT,2020,48716.4098900349
Azerbaijan,AZE,2020,4229.91064904503
Burundi,BDI,2020,255.8324539389
Belgium,BEL,2020,45906.2875805246
Benin,BEN,2020,1200.19426557789
Burkina Faso,BFA,2020,825.237038782475
Bangladesh,BGD,2020,2248.85078828233
Bulgaria,BGR,2020,10760.211975413
Bahrain,BHR,2020,24342.8444554718
"Bahamas, The",BHS,2020,26178.7537607708
Bosnia and Herzegovina,BIH,2020,6130.31187968266
Belarus,BLR,2020,6542.85579976768
Belize,BLZ,2020,5238.54078175696
Bermuda,BMU,2020,106976.546239632
Bolivia,BOL,2020,3580.96761778303
Brazil,BRA,2020,7074.19407495707
Barbados,BRB,2020,19194.4919736739
Brunei Darussalam,BRN,2020,26834.3592233943
Bhutan,BTN,2020,3191.66906999331
Botswana,BWA,2020,6323.2974967659
Central African Republic,CAF,2020,462.879071294011
Canada,CAN,2020,43537.839298904
Central Europe and the Baltics,CEB,2020,16581.3526115028
Switzerland,CHE,2020,85897.7843338323
Channel Islands,CHI,2020,56785.9402005039
Chile,CHL,2020,13114.815470545
China,CHN,2020,10627.4637989619
Cote d'Ivoire,CIV,2020,2179.72934832935
Cameroon,CMR,2020,1555.60370660749
"Congo, Dem. Rep.",COD,2020,486.425572682256
"Congo, Rep.",COG,2020,1993.586671931
Colombia,COL,2020,5339.68711357943
Comoros,COM,2020,1519.34665556206
Cabo Verde,CPV,2020,3539.22661248299
Costa Rica,CRI,2020,12394.0493969492
Caribbean small states,CSS,2020,11957.223222537
Cuba,CUB,2020,9605.27914559614
Curacao,CUW,2020,16299.8134349902
Cayman Islands,CYM,2020,82338.7977439023
Cyprus,CYP,2020,28130.341796875
Czechia,CZE,2020,23472.8915454417
Germany,DEU,2020,47394.8734504469
Djibouti,DJI,2020,2844.88810647853
Dominica,DMA,2020,7827.74842680426
Denmark,DNK,2020,60985.4885601514
Dominican Republic,DOM,2020,7135.22273255899
Algeria,DZA,2020,3743.5419522929
East Asia & Pacific (excluding high income),EAP,2020,8391.27634645493
Early-demographic dividend,EAR,2020,3187.03781234801
East Asia & Pacific,EAS,2020,11639.4853357389
Europe & Central Asia (excluding high income),ECA,2020,5776.19343817718
Europe & Central Asia,ECS,2020,24167.3551199699
Ecuador,ECU,2020,5463.64515348598
"Egypt, Arab Rep.",EGY,2020,3511.11381026379
Euro area,EMU,2020,38236.5543048506
Spain,ESP,2020,27233.9426461608
Estonia,EST,2020,23933.9939421065
Ethiopia,ETH,2020,829.790982547947
European Union,EUU,2020,34694.7035869194
Fragile and conflict affected situations,FCS,2020,1618.4798041022
Finland,FIN,2020,48828.6846862799
Fiji,FJI,2020,4620.6457238014
France,FRA,2020,39169.8606000707
Faroe Islands,FRO,2020,62243.1905561324
"Micronesia, Fed. Sts.",FSM,2020,3362.02802120524
Gabon,GAB,2020,6605.80346077565
United Kingdom,GBR,2020,40812.6794663879
Georgia,GEO,2020,4300.85701291207
Ghana,GHA,2020,2195.45481659987
Guinea,GIN,2020,1053.66097696415
"Gambia, The",GMB,2020,720.335143352133
Guinea-Bissau,GNB,2020,846.915855715971
Equatorial Guinea,GNQ,2020,5764.05502912947
Greece,GRC,2020,17886.733165236
Grenada,GRD,2020,8968.55890108484
Greenland,GRL,2020,54812.6661771023
Guatemala,GTM,2020,4477.61785000665
Guam,GUM,2020,36482.9363953675
Guyana,GUY,2020,6775.70939096303
High income,HIC,2020,40108.2348602411
"Hong Kong SAR, China",HKG,2020,46109.2299946609
Honduras,HND,2020,2307.61494319511
Heavily indebted poor countries (HIPC),HPC,2020,962.590226473892
Croatia,HRV,2020,14807.5608543265
Haiti,HTI,2020,1290.32538667383
Hungary,HUN,2020,16386.9308821258
IBRD only,IBD,2020,6191.51088391849
IDA & IBRD total,IBT,2020,4923.57218418891
IDA total,IDA,2020,1464.52261402905
IDA blend,IDB,2020,2008.89632662853
Indonesia,IDN,2020,3853.70288774146
IDA only,IDX,2020,1170.98051516892
Isle of Man,IMN,2020,79513.5330346598
India,IND,2020,1907.04251637669
Ireland,IRL,2020,86514.0706108754
"Iran, Islamic Rep.",IRN,2020,3202.50003502169
Iraq,IRQ,2020,4295.18945121228
Iceland,ISL,2020,60127.9393575616
Israel,ISR,2020,44575.5719045492
Italy,ITA,2020,32091.4866621366
Jamaica,JAM,2020,5299.04530804283
Jordan,JOR,2020,4022.0401356135
Japan,JPN,2020,40028.7341726762
Kazakhstan,KAZ,2020,8781.50797787648
Kenya,KEN,2020,1927.66459027849
Kyrgyz Republic,KGZ,2020,1229.51766602907
Cambodia,KHM,2020,2081.73914242939
Kiribati,KIR,2020,1751.78249168214
St. Kitts and Nevis,KNA,2020,18859.0190361046
"Korea, Rep.",KOR,2020,33645.7719545073
Kuwait,KWT,2020,25236.0755848941
Latin America & Caribbean (excluding high income),LAC,2020,6904.27677369596
Lao PDR,LAO,2020,2583.77730696131
Lebanon,LBN,2020,5561.19166950397
Liberia,LBR,2020,616.787867006715
Libya,LBY,2020,6650.33810585348
St. Lucia,LCA,2020,8411.07474936367
Latin America & Caribbean,LCN,2020,7168.64740599577
Least developed countries: UN classification,LDC,2020,1088.72161311357
Low income,LIC,2020,605.437906755342
Liechtenstein,LIE,2020,164671.093553454
Sri Lanka,LKA,2020,3847.60137695639
Lower middle income,LMC,2020,2121.61421722256
Low & middle income,LMY,2020,4732.82727829687
Lesotho,LSO,2020,918.582574704447
Late-demographic dividend,LTE,2020,9873.93519864422
Lithuania,LTU,2020,20428.6478157394
Luxembourg,LUX,2020,116860.02817236
Latvia,LVA,2020,17564.2321549354
"Macao SAR, China",MAC,2020,36883.6652578543
Morocco,MAR,2020,3268.0302734375
Monaco,MCO,2020,176891.886538492
Moldova,MDA,2020,4375.7788930524
Madagascar,MDG,2020,450.771615201509
Maldives,MDV,2020,7393.8886543933
"Middle East, North Africa, Afghanistan & Pakistan",MEA,2020,4742.76402632259
Mexico,MEX,2020,8841.27075039868
Marshall Islands,MHL,2020,5661.96787336674
Middle income,MIC,2020,5134.62007912707
North Macedonia,MKD,2020,6659.59651070776
Mali,MLI,2020,953.242943290974
Malta,MLT,2020,31823.4363934505
Myanmar,MMR,2020,1490.21683599469
"Middle East, North Africa, Afghanistan & Pakistan (excluding high income)",MNA,2020,2408.49731335268
Montenegro,MNE,2020,7538.53635992191
Mongolia,MNG,2020,4001.25193077703
Northern Mariana Islands,MNP,2020,18220.8382427201
Mozambique,MOZ,2020,462.433876479921
Mauritania,MRT,2020,1795.76459566714
Mauritius,MUS,2020,9135.84773751062
Malawi,MWI,2020,602.507478176106
Malaysia,MYS,2020,9957.52626697613
North America,NAC,2020,61468.3372208474
Namibia,NAM,2020,3878.58982993966
New Caledonia,NCL,2020,33270.330597637
Niger,NER,2020,579.512495758236
Nigeria,NGA,2020,2797.18458068686
Nicaragua,NIC,2020,1938.44704754382
Netherlands,NLD,2020,53467.9277413737
Norway,NOR,2020,68340.0181033702
Nepal,NPL,2020,1154.21517578318
Nauru,NRU,2020,10709.068810538
New Zealand,NZL,2020,41997.7830324279
OECD members,OED,2020,38597.246423496
Oman,OMN,2020,16784.8630630058
Other small states,OSS,2020,11770.4564127379
Pakistan,PAK,2020,1278.39735206896
Panama,PAN,2020,13290.5608397749
Peru,PER,2020,6133.32552410183
Philippines,PHL,2020,3227.57910235199
Palau,PLW,2020,14708.2119536914
Papua New Guinea,PNG,2020,2429.61134585269
Poland,POL,2020,16150.9304813473
Pre-demographic dividend,PRE,2020,1496.33767488397
Puerto Rico (US),PRI,2020,31427.1130762831
Portugal,PRT,2020,22299.4044062173
Paraguay,PRY,2020,5365.47220721104
West Bank and Gaza,PSE,2020,3233.56863835858
Pacific island small states,PSS,2020,3592.04110507296
Post-demographic dividend,PST,2020,44743.7389324311
French Polynesia,PYF,2020,19966.4838503859
Qatar,QAT,2020,51683.5681078949
Romania,ROU,2020,13009.1770573223
Russian Federation,RUS,2020,10108.3271484375
Rwanda,RWA,2020,778.701498925026
South Asia,SAS,2020,1957.20343722686
Saudi Arabia,SAU,2020,24338.8307301067
Sudan,SDN,2020,577.795227050781
Senegal,SEN,2020,1461.08720350553
Singapore,SGP,2020,61410.0792630788
Solomon Islands,SLB,2020,2063.32780991967
Sierra Leone,SLE,2020,845.277557920549
El Salvador,SLV,2020,3997.19279583709
San Marino,SMR,2020,44326.9556746411
"Somalia, Fed. Rep.",SOM,2020,518.16113333875
Serbia,SRB,2020,8098.70955668849
Sub-Saharan Africa (excluding high income),SSA,2020,1716.50863861427
Sub-Saharan Africa,SSF,2020,1627.34569596297
Small states,SST,2020,10723.093901861
Sao Tome and Principe,STP,2020,2167.22001796925
Suriname,SUR,2020,4755.39221710693
Slovak Republic,SVK,2020,19735.4858280801
Slovenia,SVN,2020,25392.0651093612
Sweden,SWE,2020,52568.5726980146
Eswatini,SWZ,2020,3466.56936278145
Sint Maarten (Dutch part),SXM,2020,30150.8998380477
Seychelles,SYC,2020,14041.4754074575
Syrian Arab Republic,SYR,2020,572.355289831901
Turks and Caicos Islands,TCA,2020,20690.9160546118
Chad,TCD,2020,866.947814890409
East Asia & Pacific (IDA & IBRD countries),TEA,2020,8485.32855185979
Europe & Central Asia (IDA & IBRD countries),TEC,2020,8478.35038656806
Togo,TGO,2020,863.468665870276
Thailand,THA,2020,6985.64393892574
Tajikistan,TJK,2020,834.311715460625
Turkmenistan,TKM,2020,5972.72356566861
Latin America & the Caribbean (IDA & IBRD countries),TLA,2020,6964.3711102796
Timor-Leste,TLS,2020,1630.86938521256
"Middle East, North Africa, Afghanistan & Pakistan (IDA & IBRD)",TMN,2020,2402.73480964451
Tonga,TON,2020,4792.35854741522
South Asia (IDA & IBRD),TSA,2020,1957.20343722686
Sub-Saharan Africa (IDA & IBRD countries),TSS,2020,1627.34569596297
Trinidad and Tobago,TTO,2020,15283.6270531554
Tunisia,TUN,2020,3548.65363663803
Turkiye,TUR,2020,8798.11791709313
Tuvalu,TUV,2020,4976.11254109571
Tanzania,TZA,2020,1117.41528320313
Uganda,UGA,2020,845.766463890124
Ukraine,UKR,2020,3709.76928710938
Upper middle income,UMC,2020,8346.18727671434
Uruguay,URY,2020,15757.5355995779
United States,USA,2020,63515.9491807833
Uzbekistan,UZB,2020,1978.28051860763
St. Vincent and the Grenadines,VCT,2020,8351.20324040982
"Venezuela, RB",VEN,2020,1506.0436210041
Virgin Islands (U.S.),VIR,2020,39787.3741650202
Viet Nam,VNM,2020,3534.03953482647
Vanuatu,VUT,2020,3042.98711598286
World,WLD,2020,10937.6846205191
Samoa,WSM,2020,4099.59660548583
Kosovo,XKX,2020,4310.88963754863
South Africa,ZAF,2020,5580.60383075189
Zambia,ZMB,2020,951.644316655957
Zimbabwe,ZWE,2020,2059.67445384499
Aruba,ABW,2021,26749.3296093118
Africa Eastern and Southern,AFE,2021,1562.41617477738
Afghanistan,AFG,2021,356.496214115892
Africa Western and Central,AFW,2021,2112.79407637079
Angola,AGO,2021,2303.90812662776
Albania,ALB,2021,7242.45513146613
Andorra,AND,2021,42425.7066454357
Arab World,ARB,2021,6697.41498492196
United Arab Emirates,ARE,2021,44118.5047192771
Argentina,ARG,2021,10738.0179223384
Armenia,ARM,2021,4685.17997128509
American Samoa,ASM,2021,15236.1604875571
Antigua and Barbuda,ATG,2021,17348.6006987182
Australia,AUS,2021,60758.9044397144
Austria,AUT,2021,53648.6437976214
Azerbaijan,AZE,2021,5408.04535175023
Burundi,BDI,2021,264.980379269655
Belgium,BEL,2021,51658.238294958
Benin,BEN,2021,1318.65158075198
Burkina Faso,BFA,2021,895.535288442991
Bangladesh,BGD,2021,2482.84917843357
Bulgaria,BGR,2021,12966.1457543396
Bahrain,BHR,2021,27147.8083882286
"Bahamas, The",BHS,2021,30367.8605757708
Bosnia and Herzegovina,BIH,2021,7295.34378682258
Belarus,BLR,2021,7489.71894713888
Belize,BLZ,2021,6142.98930557031
Bermuda,BMU,2021,112765.08167306
Bolivia,BOL,2021,4010.76053686204
Brazil,BRA,2021,7972.53696080695
Barbados,BRB,2021,21079.6145271791
Brunei Darussalam,BRN,2021,31006.9636289785
Bhutan,BTN,2021,3570.61257980872
Botswana,BWA,2021,7807.88794570471
Central African Republic,CAF,2021,492.263142830507
Canada,CAN,2021,52886.6616372703
Central Europe and the Baltics,CEB,2021,19223.9274030651
Switzerland,CHE,2021,93664.7736696111
Channel Islands,CHI,2021,66915.3963925722
Chile,CHL,2021,16206.8325493421
China,CHN,2021,12887.4357242941
Cote d'Ivoire,CIV,2021,2455.98127641148
Cameroon,CMR,2021,1672.32657340872
"Congo, Dem. Rep.",COD,2021,595.743074403567
"Congo, Rep.",COG,2021,2516.16255145432
Colombia,COL,2021,6222.62164397614
Comoros,COM,2021,1554.97289190153
Cabo Verde,CPV,2021,3971.44409203423
Costa Rica,CRI,2021,12838.1185358931
Caribbean small states,CSS,2021,13995.2694921728
Curacao,CUW,2021,17795.5826616182
Cayman Islands,CYM,2021,86449.6749037302
Cyprus,CYP,2021,32937.83984375
Czechia,CZE,2021,27696.4619527544
Germany,DEU,2021,52349.2459994422
Djibouti,DJI,2021,3025.91126413549
Dominica,DMA,2021,8376.40414141113
Denmark,DNK,2021,69340.7334922138
Dominican Republic,DOM,2021,8527.0754858205
Algeria,DZA,2021,4160.55926736925
East Asia & Pacific (excluding high income),EAP,2021,9974.57829690175
Early-demographic dividend,EAR,2021,3698.98363187847
East Asia & Pacific,EAS,2021,13336.4841670883
Europe & Central Asia (excluding high income),ECA,2021,6673.97429035651
Europe & Central Asia,ECS,2021,27664.8914080918
Ecuador,ECU,2021,6061.32350181711
"Egypt, Arab Rep.",EGY,2021,3827.35415374308
Euro area,EMU,2021,42984.5697414154
Spain,ESP,2021,30799.4775937775
Estonia,EST,2021,27951.1659277744
Ethiopia,ETH,2021,893.00983544905
European Union,EUU,2021,39206.9791776084
Fragile and conflict affected situations,FCS,2021,1711.40128929758
Finland,FIN,2021,53099.1351400148
Fiji,FJI,2021,4536.73312110335
France,FRA,2021,43725.0999521245
Faroe Islands,FRO,2021,69415.1853254579
"Micronesia, Fed. Sts.",FSM,2021,3508.22314197664
Gabon,GAB,2021,8181.40914134656
United Kingdom,GBR,2021,47691.3768799404
Georgia,GEO,2021,5083.60695484577
Ghana,GHA,2021,2445.18662529344
Guinea,GIN,2021,1244.96550477914
"Gambia, The",GMB,2021,781.890925169531
Guinea-Bissau,GNB,2021,926.780921081233
Equatorial Guinea,GNQ,2021,6945.63069794539
Greece,GRC,2021,20654.7001960815
Grenada,GRD,2021,9617.28902905373
Greenland,GRL,2021,58135.9939910203
Guatemala,GTM,2021,4912.62240414681
Guam,GUM,2021,38074.8793745801
Guyana,GUY,2021,9860.87014834386
High income,HIC,2021,45081.6648348437
"Hong Kong SAR, China",HKG,2021,49770.5642374739
Honduras,HND,2021,2735.14751503977
Heavily indebted poor countries (HIPC),HPC,2021,1061.41414950431
Croatia,HRV,2021,17788.7865816658
Haiti,HTI,2021,1841.33189337222
Hungary,HUN,2021,19030.628130329
IBRD only,IBD,2021,7314.52836425796
IDA & IBRD total,IBT,2021,5754.24675079937
IDA total,IDA,2021,1566.13709936781
IDA blend,IDB,2021,2142.31172674601
Indonesia,IDN,2021,4287.17313995098
IDA only,IDX,2021,1256.19296430735
Isle of Man,IMN,2021,94299.969348965
India,IND,2021,2239.61384367482
Ireland,IRL,2021,103783.446284479
"Iran, Islamic Rep.",IRN,2021,4605.14881318992
Iraq,IRQ,2021,4868.49431080783
Iceland,ISL,2021,70425.4064277273
Israel,ISR,2021,52270.9040241956
Italy,ITA,2021,36852.5425414951
Jamaica,JAM,2021,5625.67806271236
Jordan,JOR,2021,4183.49998326866
Japan,JPN,2021,40094.5599795288
Kazakhstan,KAZ,2021,9983.60103576902
Kenya,KEN,2021,2061.35622089594
Kyrgyz Republic,KGZ,2021,1349.99730650542
Cambodia,KHM,2021,2167.40324198499
Kiribati,KIR,2021,2222.04819501897
St. Kitts and Nevis,KNA,2021,18361.1449697886
"Korea, Rep.",KOR,2021,37518.4635305697
Kuwait,KWT,2021,34018.6342592913
Latin America & Caribbean (excluding high income),LAC,2021,7970.6164425206
Lao PDR,LAO,2021,2526.05105018529
Lebanon,LBN,2021,4045.37391066234
Liberia,LBR,2021,667.96610514319
Libya,LBY,2021,4935.82787349801
St. Lucia,LCA,2021,10459.1321248092
Latin America & Caribbean,LCN,2021,8291.07156305024
Least developed countries: UN classification,LDC,2021,1175.55718251136
Low income,LIC,2021,651.812637638679
Liechtenstein,LIE,2021,201944.830335076
Sri Lanka,LKA,2021,3996.96240014909
Lower middle income,LMC,2021,2369.9577651033
Low & middle income,LMY,2021,5524.24398933119
Lesotho,LSO,2021,1066.58645143823
Late-demographic dividend,LTE,2021,11759.7974990154
Lithuania,LTU,2021,23870.4594851722
Luxembourg,LUX,2021,134965.815442152
Latvia,LVA,2021,20261.8887788916
"Macao SAR, China",MAC,2021,44884.8961602393
St. Martin (French part),MAF,2021,21668.3776525323
Morocco,MAR,2021,3785.93627929688
Monaco,MCO,2021,223823.363960226
Moldova,MDA,2021,5274.60582195352
Madagascar,MDG,2021,483.469463351195
Maldives,MDV,2021,10176.143882547
"Middle East, North Africa, Afghanistan & Pakistan",MEA,2021,5615.91186098726
Mexico,MEX,2021,10314.0506722115
Marshall Islands,MHL,2021,6315.31279603534
Middle income,MIC,2021,6007.32308658147
North Macedonia,MKD,2021,7620.80296977508
Mali,MLI,2021,1027.27345365357
Malta,MLT,2021,38096.8360735119
Myanmar,MMR,2021,1242.7213439951
"Middle East, North Africa, Afghanistan & Pakistan (excluding high income)",MNA,2021,2753.47858029524
Montenegro,MNE,2021,9317.15520065156
Mongolia,MNG,2021,4517.61578018785
Northern Mariana Islands,MNP,2021,19455.50139424
Mozambique,MOZ,2021,509.907829475551
Mauritania,MRT,2021,1947.78918383313
Mauritius,MUS,2021,9177.71195973013
Malawi,MWI,2021,617.446994451007
Malaysia,MYS,2021,10903.1037480772
North America,NAC,2021,68424.560031595
Namibia,NAM,2021,4412.8355693052
New Caledonia,NCL,2021,35311.5543551452
Niger,NER,2021,608.722439593808
Nigeria,NGA,2021,2787.48779224428
Nicaragua,NIC,2021,2138.38588469449
Netherlands,NLD,2021,60141.9880911492
Norway,NOR,2021,93072.8925119571
Nepal,NPL,2021,1252.75076731986
Nauru,NRU,2021,14979.099896799
New Zealand,NZL,2021,49950.4251691316
OECD members,OED,2021,43027.7494275705
Oman,OMN,2021,19403.4600160211
Other small states,OSS,2021,13717.0894877353
Pakistan,PAK,2021,1455.31922370186
Panama,PAN,2021,15509.8069124139
Peru,PER,2021,6826.20255614477
Philippines,PHL,2021,3484.38593882819
Palau,PLW,2021,13009.2481630213
Papua New Guinea,PNG,2021,2607.57861874444
Poland,POL,2021,18635.5104895754
Pre-demographic dividend,PRE,2021,1594.14229813292
Puerto Rico (US),PRI,2021,32619.0704601174
Portugal,PRT,2021,24711.4510062111
Paraguay,PRY,2021,5976.93179789949
West Bank and Gaza,PSE,2021,3678.63565662194
Pacific island small states,PSS,2021,3600.81254375167
Post-demographic dividend,PST,2021,49855.2269396596
French Polynesia,PYF,2021,21426.3854449835
Qatar,QAT,2021,71751.9363398856
Romania,ROU,2021,14907.9803652143
Russian Federation,RUS,2021,12425.029296875
Rwanda,RWA,2021,829.544845263697
South Asia,SAS,2021,2273.72055798689
Saudi Arabia,SAU,2021,31920.7653655643
Sudan,SDN,2021,712.122009277344
Senegal,SEN,2021,1598.10676952274
Singapore,SGP,2021,80056.1288247844
Solomon Islands,SLB,2021,2043.44413170658
Sierra Leone,SLE,2021,885.396401885395
El Salvador,SLV,2021,4642.60743101342
San Marino,SMR,2021,54176.4798021628
"Somalia, Fed. Rep.",SOM,2021,549.056994756254
Serbia,SRB,2021,9680.52798074468
Sub-Saharan Africa (excluding high income),SSA,2021,1885.48155965903
Sub-Saharan Africa,SSF,2021,1785.46664916614
Small states,SST,2021,12428.6087674544
Sao Tome and Principe,STP,2021,2362.58827248102
Suriname,SUR,2021,5029.84838543953
Slovak Republic,SVK,2021,22123.3342114545
Slovenia,SVN,2021,29192.8401933019
Sweden,SWE,2021,60647.5416365347
Eswatini,SWZ,2021,3984.00229174306
Sint Maarten (Dutch part),SXM,2021,32548.4366854902
Seychelles,SYC,2021,14982.9111487767
Syrian Arab Republic,SYR,2021,663.614245706815
Turks and Caicos Islands,TCA,2021,27329.2885087196
Chad,TCD,2021,946.358500208374
East Asia & Pacific (IDA & IBRD countries),TEA,2021,10086.4176067356
Europe & Central Asia (IDA & IBRD countries),TEC,2021,10014.5108823837
Togo,TGO,2021,962.075187515872
Thailand,THA,2021,7057.20754802279
Tajikistan,TJK,2021,896.748053372182
Turkmenistan,TKM,2021,5723.30227157906
Latin America & the Caribbean (IDA & IBRD countries),TLA,2021,8075.78816650564
Timor-Leste,TLS,2021,2684.92676774277
"Middle East, North Africa, Afghanistan & Pakistan (IDA & IBRD)",TMN,2021,2746.96809945183
Tonga,TON,2021,4922.80171378368
South Asia (IDA & IBRD),TSA,2021,2273.72055798689
Sub-Saharan Africa (IDA & IBRD countries),TSS,2021,1785.46664916614
Trinidad and Tobago,TTO,2021,17712.5674104655
Tunisia,TUN,2021,3906.93926319391
Turkiye,TUR,2021,9981.76398411336
Tuvalu,TUV,2021,5905.08198095343
Tanzania,TZA,2021,1159.85656738281
Uganda,UGA,2021,882.791717542504
Ukraine,UKR,2021,4775.94580078125
Upper middle income,UMC,2021,9918.6994774671
Uruguay,URY,2021,17881.818721099
United States,USA,2021,70205.050916026
Uzbekistan,UZB,2021,2258.51964119278
St. Vincent and the Grenadines,VCT,2021,8641.27904024443
"Venezuela, RB",VEN,2021,2004.93397949792
Virgin Islands (U.S.),VIR,2021,42571.0777368471
Viet Nam,VNM,2021,3704.1935590038
Vanuatu,VUT,2021,3107.20312858002
World,WLD,2021,12390.6686716727
Samoa,WSM,2021,4021.55934894283
Kosovo,XKX,2021,5270.43236861018
South Africa,ZAF,2021,6828.75624590017
Zambia,ZMB,2021,1127.16077872857
Zimbabwe,ZWE,2021,2613.60542083552
Aruba,ABW,2022,30975.9989121779
Africa Eastern and Southern,AFE,2022,1679.32762166466
Afghanistan,AFG,2022,357.261152798144
Africa Western and Central,AFW,2022,2138.47315259913
Angola,AGO,2022,3682.1131513698
Albania,ALB,2022,7756.96188744253
Andorra,AND,2022,42414.0479861228
Arab World,ARB,2022,7950.35581975672
United Arab Emirates,ARE,2022,50759.7589231191
Argentina,ARG,2022,13962.1894087223
Armenia,ARM,2022,6571.97445545099
American Samoa,ASM,2022,18017.4589383973
Antigua and Barbuda,ATG,2022,20105.1989085164
Australia,AUS,2022,65169.5191118657
Austria,AUT,2022,52336.7725223758
Azerbaijan,AZE,2022,7770.594223351
Burundi,BDI,2022,302.992505263552
Belgium,BEL,2022,50605.7496677086
Benin,BEN,2022,1266.42711031904
Burkina Faso,BFA,2022,827.330843486661
Bangladesh,BGD,2022,2716.48592780431
Bulgaria,BGR,2022,13999.1949530956
Bahrain,BHR,2022,30470.5219276023
"Bahamas, The",BHS,2022,34957.1613279737
Bosnia and Herzegovina,BIH,2022,7655.59421024383
Belarus,BLR,2022,7994.64806074889
Belize,BLZ,2022,7068.21728043145
Bermuda,BMU,2022,121613.939983629
Bolivia,BOL,2022,4219.46113742445
Brazil,BRA,2022,9281.33282136864
Barbados,BRB,2022,24387.0387293761
Brunei Darussalam,BRN,2022,36632.9280952155
Bhutan,BTN,2022,3711.32767981591
Botswana,BWA,2022,8328.7090572666
Central African Republic,CAF,2022,467.359825026238
Canada,CAN,2022,56256.8007264015
Central Europe and the Baltics,CEB,2022,19530.1553232172
Switzerland,CHE,2022,94394.5106803525
Channel Islands,CHI,2022,67627.1417347907
Chile,CHL,2022,15405.6165774073
China,CHN,2022,12970.6056414327
Cote d'Ivoire,CIV,2022,2333.37128301259
Cameroon,CMR,2022,1604.87726954895
"Congo, Dem. Rep.",COD,2022,687.738587554685
"Congo, Rep.",COG,2022,2620.83804267402
Colombia,COL,2022,6680.44506854481
Comoros,COM,2022,1465.479642862
Cabo Verde,CPV,2022,4323.31362032709
Costa Rica,CRI,2022,13625.9008491328
Caribbean small states,CSS,2022,17456.3084845676
Curacao,CUW,2022,20057.1404747175
Cayman Islands,CYM,2022,93030.7051447803
Cyprus,CYP,2022,33231.04296875
Czechia,CZE,2022,28282.2236715857
Germany,DEU,2022,50506.5179638543
Djibouti,DJI,2022,3133.25779772463
Dominica,DMA,2022,9323.66089490562
Denmark,DNK,2022,67781.0940939514
Dominican Republic,DOM,2022,10104.2449349081
Algeria,DZA,2022,4960.30334332888
East Asia & Pacific (excluding high income),EAP,2022,10106.9935977814
Early-demographic dividend,EAR,2022,4043.82776331568
East Asia & Pacific,EAS,2022,13139.2109813612
Europe & Central Asia (excluding high income),ECA,2022,7266.022431542
Europe & Central Asia,ECS,2022,27913.5882331645
Ecuador,ECU,2022,6515.58528418336
"Egypt, Arab Rep.",EGY,2022,4233.30783744856
Euro area,EMU,2022,41608.7123275598
Spain,ESP,2022,30319.4987196616
Estonia,EST,2022,28340.3826549406
Ethiopia,ETH,2022,982.103161506992
European Union,EUU,2022,38066.8844892624
Fragile and conflict affected situations,FCS,2022,1850.91743054769
Finland,FIN,2022,50440.560224974
Fiji,FJI,2022,5414.12092119088
France,FRA,2022,40988.6396406579
Faroe Islands,FRO,2022,67058.2022648126
"Micronesia, Fed. Sts.",FSM,2022,3710.12451611752
Gabon,GAB,2022,8409.2074145028
United Kingdom,GBR,2022,47057.043229179
Georgia,GEO,2022,6729.84659930283
Ghana,GHA,2022,2229.89122647803
Guinea,GIN,2022,1416.59612011764
"Gambia, The",GMB,2022,836.244875868476
Guinea-Bissau,GNB,2022,883.199131457831
Equatorial Guinea,GNQ,2022,7589.29964909381
Greece,GRC,2022,20886.5243087629
Grenada,GRD,2022,10469.3867012856
Greenland,GRL,2022,55635.0006491223
Guatemala,GTM,2022,5358.70156997677
Guam,GUM,2022,41833.1517132825
Guyana,GUY,2022,17913.4928066879
High income,HIC,2022,46553.1150181383
"Hong Kong SAR, China",HKG,2022,48825.8441873536
Honduras,HND,2022,3003.28996826399
Heavily indebted poor countries (HIPC),HPC,2022,1121.48387311982
Croatia,HRV,2022,18465.5414420364
Haiti,HTI,2022,1760.62635668777
Hungary,HUN,2022,18428.028825614
IBRD only,IBD,2022,7699.23258826186
IDA & IBRD total,IBT,2022,6036.81374407089
IDA total,IDA,2022,1647.52732460307
IDA blend,IDB,2022,2234.83616206483
Indonesia,IDN,2022,4730.83484836107
IDA only,IDX,2022,1332.31730178708
Isle of Man,IMN,2022,88328.548125887
India,IND,2022,2347.44829434623
Ireland,IRL,2022,105190.685952731
"Iran, Islamic Rep.",IRN,2022,4721.20437099984
Iraq,IRQ,2022,6520.73154560584
Iceland,ISL,2022,76350.4550416502
Israel,ISR,2022,54949.621556429
Italy,ITA,2022,35653.9042103495
Jamaica,JAM,2022,6626.47502388538
Jordan,JOR,2022,4332.25159897931
Japan,JPN,2022,34065.6438962526
Kazakhstan,KAZ,2022,11255.3396437881
Kenya,KEN,2022,2109.56288513137
Kyrgyz Republic,KGZ,2022,1739.72018344174
Cambodia,KHM,2022,2325.03050040841
Kiribati,KIR,2022,2069.7671726925
St. Kitts and Nevis,KNA,2022,21011.5744209816
"Korea, Rep.",KOR,2022,34822.4048404971
Kuwait,KWT,2022,39981.7691035833
Latin America & Caribbean (excluding high income),LAC,2022,9111.34927084769
Lao PDR,LAO,2022,2046.40440255621
Lebanon,LBN,2022,3654.35845534878
Liberia,LBR,2022,744.617175237387
Libya,LBY,2022,5986.63694851258
St. Lucia,LCA,2022,13103.8243147472
Latin America & Caribbean,LCN,2022,9408.84820249156
Least developed countries: UN classification,LDC,2022,1299.36172423082
Low income,LIC,2022,734.204117595357
Liechtenstein,LIE,2022,188055.003235348
Sri Lanka,LKA,2022,3342.63650253855
Lower middle income,LMC,2022,2493.61487371356
Low & middle income,LMY,2022,5741.78381882952
Lesotho,LSO,2022,1030.12582947757
Late-demographic dividend,LTE,2022,12286.0846812169
Lithuania,LTU,2022,25085.784063499
Luxembourg,LUX,2022,123719.658915996
Latvia,LVA,2022,20221.103686109
"Macao SAR, China",MAC,2022,36806.891255461
Morocco,MAR,2022,3463.1376953125
Monaco,MCO,2022,226052.001905201
Moldova,MDA,2022,5744.29618434435
Madagascar,MDG,2022,503.51453347296
Maldives,MDV,2022,11786.0191492983
"Middle East, North Africa, Afghanistan & Pakistan",MEA,2022,6430.53553485753
Mexico,MEX,2022,11405.7940473759
Marshall Islands,MHL,2022,6455.66062185762
Middle income,MIC,2022,6248.00962014697
North Macedonia,MKD,2022,7606.2375253797
Mali,MLI,2022,976.914116406452
Malta,MLT,2022,35638.8869457406
Myanmar,MMR,2022,1158.05005055976
"Middle East, North Africa, Afghanistan & Pakistan (excluding high income)",MNA,2022,3015.7557973385
Montenegro,MNE,2022,10024.5435616209
Mongolia,MNG,2022,4993.51487463495
Northern Mariana Islands,MNP,2022,23785.754590043
Mozambique,MOZ,2022,578.251663751351
Mauritania,MRT,2022,1960.35240077424
Mauritius,MUS,2022,10246.5017455553
Malawi,MWI,2022,604.269740360317
Malaysia,MYS,2022,11754.5678336248
North America,NAC,2022,74535.6365392629
Namibia,NAM,2022,4349.79908493314
New Caledonia,NCL,2022,33516.363085906
Niger,NER,2022,609.745147574878
Nigeria,NGA,2022,2899.16047470324
Nicaragua,NIC,2022,2322.89053964583
Netherlands,NLD,2022,59123.318556487
Norway,NOR,2022,109269.520580298
Nepal,NPL,2022,1385.91066274851
Nauru,NRU,2022,12911.9086441381
New Zealand,NZL,2022,49099.7090423358
OECD members,OED,2022,43950.173710934
Oman,OMN,2022,23223.5829405935
Other small states,OSS,2022,14320.7706776288
Pakistan,PAK,2022,1538.3228133171
Panama,PAN,2022,17378.6070017557
Peru,PER,2022,7350.63034300417
Philippines,PHL,2022,3548.06930572116
Palau,PLW,2022,13729.7602761496
Papua New Guinea,PNG,2022,3102.28968594061
Poland,POL,2022,18891.2121169279
Pre-demographic dividend,PRE,2022,1770.15579032781
Puerto Rico (US),PRI,2022,35353.6821570014
Portugal,PRT,2022,24620.5197587181
Paraguay,PRY,2022,6205.62595379319
West Bank and Gaza,PSE,2022,3799.95527015163
Pacific island small states,PSS,2022,3896.81060847355
Post-demographic dividend,PST,2022,50969.801641014
French Polynesia,PYF,2022,20053.9569369322
Qatar,QAT,2022,88701.4689763536
Romania,ROU,2022,15503.551804598
Russian Federation,RUS,2022,15619.6142578125
Rwanda,RWA,2022,975.469323735369
South Asia,SAS,2022,2385.08341896271
Saudi Arabia,SAU,2022,38510.2276211037
Sudan,SDN,2022,1046.24084472656
Senegal,SEN,2022,1574.0281059306
Singapore,SGP,2022,90299.0694637269
Solomon Islands,SLB,2022,1877.78104490956
Sierra Leone,SLE,2022,860.371067916096
El Salvador,SLV,2022,5074.60210221806
San Marino,SMR,2022,54190.8417700372
"Somalia, Fed. Rep.",SOM,2022,573.141165798229
Serbia,SRB,2022,10024.8191112596
Sub-Saharan Africa (excluding high income),SSA,2022,1963.80330032374
Sub-Saharan Africa,SSF,2022,1865.11635260699
Small states,SST,2022,13636.4661190787
Sao Tome and Principe,STP,2022,2389.73729784737
Suriname,SUR,2022,6084.43876736445
Slovak Republic,SVK,2022,21317.7943982363
Slovenia,SVN,2022,28360.3041467268
Sweden,SWE,2022,54836.8907235124
Eswatini,SWZ,2022,3894.1620089869
Sint Maarten (Dutch part),SXM,2022,37793.1284399157
Seychelles,SYC,2022,16836.6721895387
Syrian Arab Republic,SYR,2022,1051.67149587463
Turks and Caicos Islands,TCA,2022,31280.5418020808
Chad,TCD,2022,966.036468278568
East Asia & Pacific (IDA & IBRD countries),TEA,2022,10220.4774431567
Europe & Central Asia (IDA & IBRD countries),TEC,2022,11421.1364427001
Togo,TGO,2022,951.232378690387
Thailand,THA,2022,6909.35281815827
Tajikistan,TJK,2022,1052.17949484894
Turkmenistan,TKM,2022,5837.84224538947
Latin America & the Caribbean (IDA & IBRD countries),TLA,2022,9174.55690452428
Timor-Leste,TLS,2022,2343.24954740187
"Middle East, North Africa, Afghanistan & Pakistan (IDA & IBRD)",TMN,2022,3010.19656726913
Tonga,TON,2022,5298.01941509951
South Asia (IDA & IBRD),TSA,2022,2385.08341896271
Sub-Saharan Africa (IDA & IBRD countries),TSS,2022,1865.11635260699
Trinidad and Tobago,TTO,2022,20750.5202434652
Tunisia,TUN,2022,3707.29283414381
Turkiye,TUR,2022,10897.8397861365
Tuvalu,TUV,2022,5911.32727055301
Tanzania,TZA,2022,1207.52062988281
Uganda,UGA,2022,963.067314117178
Ukraine,UKR,2022,4199.6708984375
Upper middle income,UMC,2022,10324.5193124329
Uruguay,URY,2022,20818.6146091144
United States,USA,2022,76657.2488844403
Uzbekistan,UZB,2022,2578.66689394219
St. Vincent and the Grenadines,VCT,2022,9693.55867833025
"Venezuela, RB",VEN,2022,3155.04207099687
Virgin Islands (U.S.),VIR,2022,44320.909185774
Viet Nam,VNM,2022,4147.69777213621
Vanuatu,VUT,2022,3370.21191956953
World,WLD,2022,12798.1658465319
Samoa,WSM,2022,4132.44717734444
Kosovo,XKX,2022,5290.95006509706
South Africa,ZAF,2022,6534.24867783397
Zambia,ZMB,2022,1447.12310138035
Zimbabwe,ZWE,2022,2536.40050223076
Aruba,ABW,2023,35718.7531191634
Africa Eastern and Southern,AFE,2023,1571.44918918981
Afghanistan,AFG,2023,413.757894705303
Africa Western and Central,AFW,2023,1841.85506354867
Angola,AGO,2023,2916.13663284275
Albania,ALB,2023,9730.86921906893
Andorra,AND,2023,46812.4261013102
Arab World,ARB,2023,7513.89907880749
United Arab Emirates,ARE,2023,49850.6872175164
Argentina,ARG,2023,14261.8465667948
Armenia,ARM,2023,8159.08720967996
Antigua and Barbuda,ATG,2023,21494.5474000727
Australia,AUS,2023,65058.3773146674
Austria,AUT,2023,56579.504175468
Azerbaijan,AZE,2023,7133.02838048328
Burundi,BDI,2023,250.627253097255
Belgium,BEL,2023,55291.4754541329
Benin,BEN,2023,1394.17784721831
Burkina Faso,BFA,2023,873.482589651003
Bangladesh,BGD,2023,2551.01773827307
Bulgaria,BGR,2023,15853.208636704
Bahrain,BHR,2023,29290.1284215098
"Bahamas, The",BHS,2023,38231.774484278
Bosnia and Herzegovina,BIH,2023,8663.02326458629
Belarus,BLR,2023,7896.75388295584
Belize,BLZ,2023,7424.75821321022
Bermuda,BMU,2023,132604.439086216
Bolivia,BOL,2023,4274.70820547613
Brazil,BRA,2023,10377.5897719195
Barbados,BRB,2023,25583.878782727
Brunei Darussalam,BRN,2023,32890.5491812019
Bhutan,BTN,2023,3831.32535494609
Botswana,BWA,2023,7826.35376483298
Central African Republic,CAF,2023,495.978897288721
Canada,CAN,2023,54220.3285039875
Central Europe and the Baltics,CEB,2023,22690.3736174216
Switzerland,CHE,2023,100623.549627296
Channel Islands,CHI,2023,74585.5224096294
Chile,CHL,2023,17067.0364799154
China,CHN,2023,12951.1782397043
Cote d'Ivoire,CIV,2023,2591.9659048119
Cameroon,CMR,2023,1720.47510154506
"Congo, Dem. Rep.",COD,2023,660.21205238997
"Congo, Rep.",COG,2023,2477.97845544866
Colombia,COL,2023,7000.83660501046
Comoros,COM,2023,1560.27378476855
Cabo Verde,CPV,2023,4794.90121917259
Costa Rica,CRI,2023,16942.0268119375
Caribbean small states,CSS,2023,17596.5404249612
Curacao,CUW,2023,21217.8110321785
Cayman Islands,CYM,2023,99143.5180243123
Cyprus,CYP,2023,36623.69140625
Czechia,CZE,2023,31761.5944102491
Germany,DEU,2023,54776.7668235491
Djibouti,DJI,2023,3381.29779710722
Dominica,DMA,2023,9912.96212766668
Denmark,DNK,2023,68043.5466971243
Dominican Republic,DOM,2023,10630.431743829
Algeria,DZA,2023,5370.477235078
East Asia & Pacific (excluding high income),EAP,2023,10125.9095208645
Early-demographic dividend,EAR,2023,4252.59733415786
East Asia & Pacific,EAS,2023,13176.1786055635
Europe & Central Asia (excluding high income),ECA,2023,8617.0484098633
Europe & Central Asia,ECS,2023,29988.9022903108
Ecuador,ECU,2023,6737.84748379638
"Egypt, Arab Rep.",EGY,2023,3456.78968456253
Euro area,EMU,2023,45330.1093015768
Spain,ESP,2023,33493.2225409111
Estonia,EST,2023,30264.0064885057
Ethiopia,ETH,2023,1055.81091592527
European Union,EUU,2023,41566.5741100785
Fragile and conflict affected situations,FCS,2023,1682.75058845476
Finland,FIN,2023,52834.2916752703
Fiji,FJI,2023,5926.20586394763
France,FRA,2023,44700.1384177544
Faroe Islands,FRO,2023,72465.3769660215
"Micronesia, Fed. Sts.",FSM,2023,3919.64307910859
Gabon,GAB,2023,7802.82433276138
United Kingdom,GBR,2023,49944.4702124201
Georgia,GEO,2023,8283.66960652261
Ghana,GHA,2023,2383.90410483418
Guinea,GIN,2023,1555.49375806861
"Gambia, The",GMB,2023,883.024111719809
Guinea-Bissau,GNB,2023,988.087886357022
Equatorial Guinea,GNQ,2023,6677.793435386
Greece,GRC,2023,23343.7103964562
Grenada,GRD,2023,11414.4781691181
Greenland,GRL,2023,58498.9707973609
Guatemala,GTM,2023,5758.32760847852
Guyana,GUY,2023,20473.7002190617
High income,HIC,2023,48608.1947665895
"Hong Kong SAR, China",HKG,2023,50562.3633144379
Honduras,HND,2023,3227.45762509776
Heavily indebted poor countries (HIPC),HPC,2023,1155.90445279924
Croatia,HRV,2023,22184.2279304842
Haiti,HTI,2023,1705.75808460999
Hungary,HUN,2023,22230.6277875187
IBRD only,IBD,2023,7925.3992413749
IDA & IBRD total,IBT,2023,6149.50554558946
IDA total,IDA,2023,1536.08719237098
IDA blend,IDB,2023,1915.31328433422
Indonesia,IDN,2023,4876.30774512252
IDA only,IDX,2023,1333.20971979026
India,IND,2023,2530.12031278204
Ireland,IRL,2023,106818.917130804
"Iran, Islamic Rep.",IRN,2023,5049.29931642754
Iraq,IRQ,2023,5965.31835077761
Iceland,ISL,2023,82138.7892973557
Israel,ISR,2023,52003.7200729997
Italy,ITA,2023,39277.0838783918
Jamaica,JAM,2023,7542.40084275345
Jordan,JOR,2023,4466.08314208575
Japan,JPN,2023,33836.1756271617
Kazakhstan,KAZ,2023,12879.4275257974
Kenya,KEN,2023,1942.58802756191
Kyrgyz Republic,KGZ,2023,2138.22210211478
Cambodia,KHM,2023,2429.74853452838
Kiribati,KIR,2023,2177.70125812262
St. Kitts and Nevis,KNA,2023,22576.9248439166
"Korea, Rep.",KOR,2023,35674.095995632
Kuwait,KWT,2023,34075.849012909
Latin America & Caribbean (excluding high income),LAC,2023,10196.271088969
Lao PDR,LAO,2023,2066.94979776957
Lebanon,LBN,2023,3477.72489842684
Liberia,LBR,2023,799.194470229642
Libya,LBY,2023,6026.51518708812
St. Lucia,LCA,2023,13554.7684784933
Latin America & Caribbean,LCN,2023,10508.6472548025
Least developed countries: UN classification,LDC,2023,1257.69806699331
Low income,LIC,2023,714.151764242762
Liechtenstein,LIE,2023,206780.590353385
Sri Lanka,LKA,2023,3798.89016573011
Lower middle income,LMC,2023,2493.38985253651
Low & middle income,LMY,2023,5856.29495195922
Lesotho,LSO,2023,916.282976983803
Late-demographic dividend,LTE,2023,12437.9861721907
Lithuania,LTU,2023,27786.0057829276
Luxembourg,LUX,2023,133230.619178899
Latvia,LVA,2023,22710.2637544197
"Macao SAR, China",MAC,2023,67216.3631112124
Morocco,MAR,2023,3813.72607421875
Monaco,MCO,2023,256799.788612806
Moldova,MDA,2023,6799.58594644576
Madagascar,MDG,2023,508.718427705591
Maldives,MDV,2023,12587.6126038651
"Middle East, North Africa, Afghanistan & Pakistan",MEA,2023,6149.061198935
Mexico,MEX,2023,13860.9597809326
Marshall Islands,MHL,2023,6793.24495895856
Middle income,MIC,2023,6386.30246387838
North Macedonia,MKD,2023,8674.35846327485
Mali,MLI,2023,1043.9533853528
Malta,MLT,2023,40905.8059585057
Myanmar,MMR,2023,1233.19666209269
"Middle East, North Africa, Afghanistan & Pakistan (excluding high income)",MNA,2023,2873.03929302735
Montenegro,MNE,2023,12259.8775034436
Mongolia,MNG,2023,5838.63108083902
Mozambique,MOZ,2023,622.000297682823
Mauritania,MRT,2023,2135.78187606359
Mauritius,MUS,2023,11269.9684462139
Malawi,MWI,2023,633.214767978695
Malaysia,MYS,2023,11386.0395636528
North America,NAC,2023,78190.0640735535
Namibia,NAM,2023,4187.60500396525
New Caledonia,NCL,2023,33701.8923322781
Niger,NER,2023,638.336080897887
Nigeria,NGA,2023,2138.76383719983
Nicaragua,NIC,2023,2609.44492072931
Netherlands,NLD,2023,63515.6030780019
Norway,NOR,2023,87497.2179649556
Nepal,NPL,2023,1382.33055769304
Nauru,NRU,2023,12752.4723855838
New Zealand,NZL,2023,49075.9562832927
OECD members,OED,2023,46580.4448807226
Oman,OMN,2023,21027.7384778886
Other small states,OSS,2023,15334.1046502228
Pakistan,PAK,2023,1360.32417758419
Panama,PAN,2023,18797.1933994045
Peru,PER,2023,7887.54185920108
Philippines,PHL,2023,3804.08274131097
Palau,PLW,2023,15610.8231931032
Papua New Guinea,PNG,2023,2966.06830432055
Poland,POL,2023,22145.2660647429
Pre-demographic dividend,PRE,2023,1558.34344693401
Puerto Rico (US),PRI,2023,36980.7884784287
Portugal,PRT,2023,27634.6183139773
Paraguay,PRY,2023,6299.99026533713
West Bank and Gaza,PSE,2023,3455.02852911712
Pacific island small states,PSS,2023,4173.79964748513
Post-demographic dividend,PST,2023,53813.7418308678
French Polynesia,PYF,2023,21832.2831795569
Qatar,QAT,2023,81816.9797967481
Romania,ROU,2023,18244.4186876321
Russian Federation,RUS,2023,14159.3876953125
Rwanda,RWA,2023,1027.03446826565
South Asia,SAS,2023,2532.38988993306
Saudi Arabia,SAU,2023,36156.848337701
Sudan,SDN,2023,797.283447265625
Senegal,SEN,2023,1698.03387300843
Singapore,SGP,2023,85412.230345235
Solomon Islands,SLB,2023,1882.64394148042
Sierra Leone,SLE,2023,758.329137378248
El Salvador,SLV,2023,5365.44491399171
San Marino,SMR,2023,59879.7173015651
"Somalia, Fed. Rep.",SOM,2023,596.885985135589
Serbia,SRB,2023,12281.707946167
Sub-Saharan Africa (excluding high income),SSA,2023,1750.13136836946
Sub-Saharan Africa,SSF,2023,1680.77966672218
Small states,SST,2023,14346.3202783396
Sao Tome and Principe,STP,2023,2990.6606143535
Suriname,SUR,2023,5521.97602122638
Slovak Republic,SVK,2023,24614.8734642794
Slovenia,SVN,2023,32660.4753581346
Sweden,SWE,2023,54950.2834725622
Eswatini,SWZ,2023,3755.52111232464
Sint Maarten (Dutch part),SXM,2023,39451.8223361963
Seychelles,SYC,2023,18262.7115849287
Turks and Caicos Islands,TCA,2023,35470.2151608295
Chad,TCD,2023,949.333453674592
East Asia & Pacific (IDA & IBRD countries),TEA,2023,10239.8162178816
Europe & Central Asia (IDA & IBRD countries),TEC,2023,12129.8641155432
Togo,TGO,2023,1055.01727877926
Thailand,THA,2023,7195.10130919449
Tajikistan,TJK,2023,1178.47990060249
Turkmenistan,TKM,2023,6231.91323839698
Latin America & the Caribbean (IDA & IBRD countries),TLA,2023,10260.5196915782
Timor-Leste,TLS,2023,1502.41147438211
"Middle East, North Africa, Afghanistan & Pakistan (IDA & IBRD)",TMN,2023,2868.88626501212
Tonga,TON,2023,5651.59373063157
South Asia (IDA & IBRD),TSA,2023,2532.38988993306
Sub-Saharan Africa (IDA & IBRD countries),TSS,2023,1680.77966672218
Trinidad and Tobago,TTO,2023,18308.4536298575
Tunisia,TUN,2023,3951.11683376921
Turkiye,TUR,2023,13375.0947282864
Tuvalu,TUV,2023,6344.7750188689
Tanzania,TZA,2023,1224.00219726563
Uganda,UGA,2023,1002.30913917142
Ukraine,UKR,2023,5139.59814453125
Upper middle income,UMC,2023,10657.9686111279
Uruguay,URY,2023,23019.4221560046
United States,USA,2023,81032.262117545
Uzbekistan,UZB,2023,2878.96879292451
St. Vincent and the Grenadines,VCT,2023,10582.3656725229
"Venezuela, RB",VEN,2023,3617.43594578269
Viet Nam,VNM,2023,4323.35031982451
Vanuatu,VUT,2023,3482.61458237637
World,WLD,2023,13236.7163960917
Samoa,WSM,2023,4822.74084650019
Kosovo,XKX,2023,6221.20618847799
South Africa,ZAF,2023,6034.27208964673
Zambia,ZMB,2023,1330.72780576709
Zimbabwe,ZWE,2023,2195.22492079245
Aruba,ABW,2024,39498.5941293797
Africa Eastern and Southern,AFE,2024,1615.39635562849
Africa Western and Central,AFW,2024,1411.33702938476
Angola,AGO,2024,2665.87444776753
Albania,ALB,2024,11377.7757431099
Andorra,AND,2024,49303.6491674336
Arab World,ARB,2024,7583.81170078145
United Arab Emirates,ARE,2024,50273.5060469837
Argentina,ARG,2024,13969.7836603737
Armenia,ARM,2024,8556.21406956719
Antigua and Barbuda,ATG,2024,23542.4526945578
Australia,AUS,2024,64603.9856308464
Austria,AUT,2024,58268.8787651601
Azerbaijan,AZE,2024,7283.8499076179
Burundi,BDI,2024,219.424830882698
Belgium,BEL,2024,56614.5679499036
Benin,BEN,2024,1485.38018885134
Burkina Faso,BFA,2024,981.992649769081
Bangladesh,BGD,2024,2593.41611680774
Bulgaria,BGR,2024,17596.0173663521
Bahrain,BHR,2024,29653.5682731534
"Bahamas, The",BHS,2024,39455.4466548546
Bosnia and Herzegovina,BIH,2024,9358.78768951134
Belarus,BLR,2024,8317.63399913792
Belize,BLZ,2024,7681.24400583113
Bermuda,BMU,2024,142855.374713782
Bolivia,BOL,2024,4421.16609889999
Brazil,BRA,2024,10310.5488778166
Barbados,BRB,2024,26544.8707282621
Brunei Darussalam,BRN,2024,33153.4738913513
Botswana,BWA,2024,7695.75319445165
Central African Republic,CAF,2024,516.160999996036
Canada,CAN,2024,54340.3477224733
Central Europe and the Baltics,CEB,2024,24604.8068595604
Switzerland,CHE,2024,103998.186685604
Chile,CHL,2024,16709.8893972307
China,CHN,2024,13303.1481543868
Cote d'Ivoire,CIV,2024,2727.8935220697
Cameroon,CMR,2024,1830.00833684727
"Congo, Dem. Rep.",COD,2024,649.383338556725
"Congo, Rep.",COG,2024,2482.2489948456
Colombia,COL,2024,7919.20886825345
Comoros,COM,2024,1662.75663312504
Cabo Verde,CPV,2024,5192.48157325878
Costa Rica,CRI,2024,18587.1532203482
Caribbean small states,CSS,2024,19903.8112311908
Curacao,CUW,2024,22832.8953958667
Cyprus,CYP,2024,38674.29296875
Czechia,CZE,2024,31823.3078290564
Germany,DEU,2024,56103.7323182554
Djibouti,DJI,2024,3552.72335079222
Dominica,DMA,2024,10405.2787777582
Denmark,DNK,2024,71026.4832271897
Dominican Republic,DOM,2024,10875.6618443092
Algeria,DZA,2024,5752.99076651465
East Asia & Pacific (excluding high income),EAP,2024,10396.7957405051
Early-demographic dividend,EAR,2024,4450.18711937385
East Asia & Pacific,EAS,2024,13405.735673015
Europe & Central Asia (excluding high income),ECA,2024,9793.69205809432
Europe & Central Asia,ECS,2024,31555.5207890657
Ecuador,ECU,2024,6874.705739766
"Egypt, Arab Rep.",EGY,2024,3338.47371395895
Euro area,EMU,2024,46945.4188234427
Spain,ESP,2024,35326.7683069278
Estonia,EST,2024,31428.3547816104
Ethiopia,ETH,2024,1133.88279681719
European Union,EUU,2024,43304.9642561331
Fragile and conflict affected situations,FCS,2024,1527.95809514037
Finland,FIN,2024,53149.7671934051
Fiji,FJI,2024,6425.74151715712
France,FRA,2024,46103.0840855884
Faroe Islands,FRO,2024,74119.6607553879
"Micronesia, Fed. Sts.",FSM,2024,4166.00476748564
Gabon,GAB,2024,8230.04311451151
United Kingdom,GBR,2024,53246.3676145108
Georgia,GEO,2024,9241.49122313713
Ghana,GHA,2024,2390.77237652715
Guinea,GIN,2024,1694.95375862193
"Gambia, The",GMB,2024,871.340291776294
Guinea-Bissau,GNB,2024,1007.74151728028
Equatorial Guinea,GNQ,2024,6745.40013244916
Greece,GRC,2024,24626.1481858973
Grenada,GRD,2024,11705.0902976658
Guatemala,GTM,2024,6150.02571438505
Guyana,GUY,2024,29675.2443873316
High income,HIC,2024,50302.6052129513
"Hong Kong SAR, China",HKG,2024,54074.6928519479
Honduras,HND,2024,3426.43483328923
Heavily indebted poor countries (HIPC),HPC,2024,1216.37508472564
Croatia,HRV,2024,24050.4397933135
Haiti,HTI,2024,2142.62330526788
Hungary,HUN,2024,23292.3263882478
IBRD only,IBD,2024,8219.91265703844
IDA & IBRD total,IBT,2024,6327.14399704869
IDA total,IDA,2024,1485.92227405633
IDA blend,IDB,2024,1650.63788113049
Indonesia,IDN,2024,4925.43048751861
IDA only,IDX,2024,1398.11181264033
India,IND,2024,2694.73780859961
Ireland,IRL,2024,112894.953240805
"Iran, Islamic Rep.",IRN,2024,5190.16959024821
Iraq,IRQ,2024,6073.61032342708
Iceland,ISL,2024,86040.5309851288
Israel,ISR,2024,54176.6844383302
Italy,ITA,2024,40385.3413957669
Jamaica,JAM,2024,7753.8006955432
Jordan,JOR,2024,4618.09592498567
Japan,JPN,2024,32487.0778047567
Kazakhstan,KAZ,2024,14154.6324958076
Kenya,KEN,2024,2132.43452097647
Kyrgyz Republic,KGZ,2024,2420.18542283831
Cambodia,KHM,2024,2627.87969756224
Kiribati,KIR,2024,2288.63471423684
St. Kitts and Nevis,KNA,2024,23960.6534357084
"Korea, Rep.",KOR,2024,36238.639908315
Kuwait,KWT,2024,32717.7186631255
Latin America & Caribbean (excluding high income),LAC,2024,10382.3911125152
Lao PDR,LAO,2024,2123.97909415109
Liberia,LBR,2024,851.497723870206
Libya,LBY,2024,6569.16408678648
St. Lucia,LCA,2024,14181.6303351598
Latin America & Caribbean,LCN,2024,10737.6463538652
Least developed countries: UN classification,LDC,2024,1293.40100322932
Low income,LIC,2024,751.322764042233
Sri Lanka,LKA,2024,4515.56787322732
Lower middle income,LMC,2024,2544.49245457752
Low & middle income,LMY,2024,6002.45120765259
Lesotho,LSO,2024,971.90771824829
Late-demographic dividend,LTE,2024,12874.1679137972
Lithuania,LTU,2024,29384.0189598663
Luxembourg,LUX,2024,137781.681659123
Latvia,LVA,2024,23409.0845154775
"Macao SAR, China",MAC,2024,72004.7437020733
Morocco,MAR,2024,4153.1943359375
Monaco,MCO,2024,288001.433369041
Moldova,MDA,2024,7576.19589413326
Madagascar,MDG,2024,544.987501003384
Maldives,MDV,2024,13379.3513577224
"Middle East, North Africa, Afghanistan & Pakistan",MEA,2024,6265.44445247452
Mexico,MEX,2024,14185.7812248529
Marshall Islands,MHL,2024,7726.33668877794
Middle income,MIC,2024,6554.37054933497
North Macedonia,MKD,2024,9291.85661671864
Mali,MLI,2024,1094.61949265799
Malta,MLT,2024,43898.5781808597
Myanmar,MMR,2024,1359.05001560107
"Middle East, North Africa, Afghanistan & Pakistan (excluding high income)",MNA,2024,2971.05462651558
Montenegro,MNE,2024,13263.3281277699
Mongolia,MNG,2024,6750.6301157724
Mozambique,MOZ,2024,656.776824637306
Mauritania,MRT,2024,2110.12036938187
Mauritius,MUS,2024,11990.7798944837
Malawi,MWI,2024,522.570393642547
Malaysia,MYS,2024,11874.4273684245
North America,NAC,2024,81275.8436781762
Namibia,NAM,2024,4413.12752211572
New Caledonia,NCL,2024,29213.1923192946
Niger,NER,2024,735.270255787226
Nigeria,NGA,2024,1084.16041805436
Nicaragua,NIC,2024,2847.53966339498
Netherlands,NLD,2024,67520.4218956281
Norway,NOR,2024,86785.4334489176
Nepal,NPL,2024,1447.31004458428
Nauru,NRU,2024,13609.158837552
New Zealand,NZL,2024,49205.1792146792
OECD members,OED,2024,48322.164420487
Oman,OMN,2024,20285.2272897377
Other small states,OSS,2024,16094.1266173126
Pakistan,PAK,2024,1478.77277977996
Panama,PAN,2024,19161.2188501596
Peru,PER,2024,8452.37167056621
Philippines,PHL,2024,3984.8315387656
Papua New Guinea,PNG,2024,3006.70564478923
Poland,POL,2024,25103.565661423
Pre-demographic dividend,PRE,2024,1366.06577255622
Puerto Rico (US),PRI,2024,39343.7154660139
Portugal,PRT,2024,29292.242104753
Paraguay,PRY,2024,6416.09708970845
West Bank and Gaza,PSE,2024,2592.30591217647
Pacific island small states,PSS,2024,4453.58561280276
Post-demographic dividend,PST,2024,55644.314789934
French Polynesia,PYF,2024,22439.8838746025
Qatar,QAT,2024,76688.6941743178
Romania,ROU,2024,20080.2096215595
Russian Federation,RUS,2024,14889.0185546875
Rwanda,RWA,2024,999.65456165547
South Asia,SAS,2024,2690.07883749003
Saudi Arabia,SAU,2024,35121.6628687742
Sudan,SDN,2024,984.607666015625
Senegal,SEN,2024,1773.21829923448
Singapore,SGP,2024,90674.066632628
Solomon Islands,SLB,2024,1933.55538435227
Sierra Leone,SLE,2024,806.654650417726
El Salvador,SLV,2024,5579.65969165029
"Somalia, Fed. Rep.",SOM,2024,629.538899449007
Serbia,SRB,2024,13679.2065983557
Sub-Saharan Africa (excluding high income),SSA,2024,1576.69166875191
Sub-Saharan Africa,SSF,2024,1532.92763550207
Small states,SST,2024,15383.3425638674
Sao Tome and Principe,STP,2024,3490.56883486557
Suriname,SUR,2024,6961.78955961526
Slovak Republic,SVK,2024,25992.6748502048
Slovenia,SVN,2024,34301.0318686594
Sweden,SWE,2024,57117.4877440616
Eswatini,SWZ,2024,3909.55892378182
Sint Maarten (Dutch part),SXM,2024,41472.5874498583
Seychelles,SYC,2024,17858.8226383978
Turks and Caicos Islands,TCA,2024,37506.7798431288
Chad,TCD,2024,961.55975562506
East Asia & Pacific (IDA & IBRD countries),TEA,2024,10513.9529323033
Europe & Central Asia (IDA & IBRD countries),TEC,2024,13337.4386956337
Togo,TGO,2024,1119.38160509429
Thailand,THA,2024,7346.62022142185
Tajikistan,TJK,2024,1341.20229027672
Turkmenistan,TKM,2024,6856.65802730208
Latin America & the Caribbean (IDA & IBRD countries),TLA,2024,10474.2809944408
Timor-Leste,TLS,2024,1331.9705130185
"Middle East, North Africa, Afghanistan & Pakistan (IDA & IBRD)",TMN,2024,2973.77496155262
South Asia (IDA & IBRD),TSA,2024,2690.07883749003
Sub-Saharan Africa (IDA & IBRD countries),TSS,2024,1532.92763550207
Trinidad and Tobago,TTO,2024,18733.4110406494
Tunisia,TUN,2024,4181.13789301228
Turkiye,TUR,2024,15892.7157287241
Tanzania,TZA,2024,1186.71691894531
Uganda,UGA,2024,1077.91278452817
Ukraine,UKR,2024,5389.47314453125
Upper middle income,UMC,2024,10996.101696107
Uruguay,URY,2024,23906.5133029408
United States,USA,2024,84534.0407841548
Uzbekistan,UZB,2024,3161.70010632875
St. Vincent and the Grenadines,VCT,2024,11501.2265187188
"Venezuela, RB",VEN,2024,4217.59102643391
Viet Nam,VNM,2024,4717.29028732449
Vanuatu,VUT,2024,3410.77023167097
World,WLD,2024,13631.2043097215
Samoa,WSM,2024,5392.87761915762
Kosovo,XKX,2024,7023.06598512878
South Africa,ZAF,2024,6267.186814093
Zambia,ZMB,2024,1187.10943350064
Zimbabwe,ZWE,2024,2497.20332208763
